season,date,stage,round,home_team,away_team,home_goals,away_goals
1996-97,1996-08-07,Qualifying,Prelim. Round | Leg 1,Widzew Lodz,Brondby IF,2,1
1996-97,1996-08-07,Qualifying,Prelim. Round | Leg 1,Rangers FC,Alania Vladikavkaz,3,1
1996-97,1996-08-07,Qualifying,Prelim. Round | Leg 1,Club Brugge,Steaua Bucuresti,2,2
1996-97,1996-08-07,Qualifying,Prelim. Round | Leg 1,Rapid Wien,Dinamo Kiev,2,0
1996-97,1996-08-07,Qualifying,Prelim. Round | Leg 1,Maccabi Tel Aviv,Fenerbahçe İstanbul SK,0,1
1996-97,1996-08-07,Qualifying,Prelim. Round | Leg 1,IFK Goteborg,Ferencvaros,3,0
1996-97,1996-08-07,Qualifying,Prelim. Round | Leg 1,Grasshoppers Zurich,Slavia Praha,5,0
1996-97,1996-08-07,Qualifying,Prelim. Round | Leg 1,Panathinaikos FC,Rosenborg BK,1,0
1996-97,1996-08-21,Qualifying,Prelim. Round | Leg 2,Fenerbahçe İstanbul SK,Maccabi Tel Aviv,1,1
1996-97,1996-08-21,Qualifying,Prelim. Round | Leg 2,Alania Vladikavkaz,Rangers FC,2,7
1996-97,1996-08-21,Qualifying,Prelim. Round | Leg 2,Ferencvaros,IFK Goteborg,1,1
1996-97,1996-08-21,Qualifying,Prelim. Round | Leg 2,Slavia Praha,Grasshoppers Zurich,0,1
1996-97,1996-08-21,Qualifying,Prelim. Round | Leg 2,Brondby IF,Widzew Lodz,3,2
1996-97,1996-08-21,Qualifying,Prelim. Round | Leg 2,Steaua Bucuresti,Club Brugge,3,0
1996-97,1996-08-21,Qualifying,Prelim. Round | Leg 2,Dinamo Kiev,Rapid Wien,2,4
1996-97,1996-08-21,Qualifying,Prelim. Round | Leg 2,Rosenborg BK,Panathinaikos FC,1,0
1996-97,1996-09-11,Group,Matchday ?,IFK Goteborg,Rosenborg BK,2,3
1996-97,1996-09-11,Group,Matchday ?,Rapid Wien,Fenerbahçe İstanbul SK,1,1
1996-97,1996-09-11,Group,Matchday ?,Juventus,Manchester United,1,0
1996-97,1996-09-11,Group,Matchday ?,Milan,FC Porto,2,3
1996-97,1996-09-11,Group,Matchday ?,Atletico Madrid,Steaua Bucuresti,4,0
1996-97,1996-09-11,Group,Matchday ?,Grasshoppers Zurich,Rangers FC,3,0
1996-97,1996-09-11,Group,Matchday ?,Borussia Dortmund,Widzew Lodz,2,1
1996-97,1996-09-11,Group,Matchday ?,AJ Auxerre,AFC Ajax,0,1
1996-97,1996-09-25,Group,Matchday ?,AFC Ajax,Grasshoppers Zurich,0,1
1996-97,1996-09-25,Group,Matchday ?,Rangers FC,AJ Auxerre,1,2
1996-97,1996-09-25,Group,Matchday ?,Widzew Lodz,Atletico Madrid,1,4
1996-97,1996-09-25,Group,Matchday ?,Steaua Bucuresti,Borussia Dortmund,0,3
1996-97,1996-09-25,Group,Matchday ?,Manchester United,Rapid Wien,2,0
1996-97,1996-09-25,Group,Matchday ?,Fenerbahçe İstanbul SK,Juventus,0,1
1996-97,1996-09-25,Group,Matchday ?,Rosenborg BK,Milan,1,4
1996-97,1996-09-25,Group,Matchday ?,FC Porto,IFK Goteborg,2,1
1996-97,1996-10-16,Group,Matchday ?,IFK Goteborg,Milan,2,1
1996-97,1996-10-16,Group,Matchday ?,Rapid Wien,Juventus,1,1
1996-97,1996-10-16,Group,Matchday ?,Rosenborg BK,FC Porto,0,1
1996-97,1996-10-16,Group,Matchday ?,Fenerbahçe İstanbul SK,Manchester United,0,2
1996-97,1996-10-16,Group,Matchday ?,AFC Ajax,Rangers FC,4,1
1996-97,1996-10-16,Group,Matchday ?,Atletico Madrid,Borussia Dortmund,0,1
1996-97,1996-10-16,Group,Matchday ?,Steaua Bucuresti,Widzew Lodz,1,0
1996-97,1996-10-16,Group,Matchday ?,AJ Auxerre,Grasshoppers Zurich,1,0
1996-97,1996-10-30,Group,Matchday ?,Widzew Lodz,Steaua Bucuresti,2,0
1996-97,1996-10-30,Group,Matchday ?,Rangers FC,AFC Ajax,0,1
1996-97,1996-10-30,Group,Matchday ?,Grasshoppers Zurich,AJ Auxerre,3,1
1996-97,1996-10-30,Group,Matchday ?,Borussia Dortmund,Atletico Madrid,1,2
1996-97,1996-10-30,Group,Matchday ?,Manchester United,Fenerbahçe İstanbul SK,0,1
1996-97,1996-10-30,Group,Matchday ?,FC Porto,Rosenborg BK,3,0
1996-97,1996-10-30,Group,Matchday ?,Milan,IFK Goteborg,4,2
1996-97,1996-10-30,Group,Matchday ?,Juventus,Rapid Wien,5,0
1996-97,1996-11-20,Group,Matchday ?,FC Porto,Milan,1,1
1996-97,1996-11-20,Group,Matchday ?,Widzew Lodz,Borussia Dortmund,2,2
1996-97,1996-11-20,Group,Matchday ?,Steaua Bucuresti,Atletico Madrid,1,1
1996-97,1996-11-20,Group,Matchday ?,Rangers FC,Grasshoppers Zurich,2,1
1996-97,1996-11-20,Group,Matchday ?,AFC Ajax,AJ Auxerre,1,2
1996-97,1996-11-28,Group,Matchday ?,Fenerbahçe İstanbul SK,Rapid Wien,1,0
1996-97,1996-11-28,Group,Matchday ?,Manchester United,Juventus,0,1
1996-97,1996-11-28,Group,Matchday ?,Rosenborg BK,IFK Goteborg,1,0
1996-97,1996-12-04,Group,Matchday ?,AJ Auxerre,Rangers FC,2,1
1996-97,1996-12-04,Group,Matchday ?,Grasshoppers Zurich,AFC Ajax,0,1
1996-97,1996-12-04,Group,Matchday ?,Borussia Dortmund,Steaua Bucuresti,5,3
1996-97,1996-12-04,Group,Matchday ?,Atletico Madrid,Widzew Lodz,1,0
1996-97,1996-12-04,Group,Matchday ?,Juventus,Fenerbahçe İstanbul SK,2,0
1996-97,1996-12-04,Group,Matchday ?,Rapid Wien,Manchester United,0,2
1996-97,1996-12-04,Group,Matchday ?,Milan,Rosenborg BK,1,2
1996-97,1996-12-04,Group,Matchday ?,IFK Goteborg,FC Porto,0,2
1996-97,1997-03-05,Knockout,Quarterfinals | Leg 1,AFC Ajax,Atletico Madrid,1,1
1996-97,1997-03-05,Knockout,Quarterfinals | Leg 1,Borussia Dortmund,AJ Auxerre,3,1
1996-97,1997-03-05,Knockout,Quarterfinals | Leg 1,Rosenborg BK,Juventus,1,1
1996-97,1997-03-05,Knockout,Quarterfinals | Leg 1,Manchester United,FC Porto,4,0
1996-97,1997-03-19,Knockout,Quarterfinals | Leg 2,Atletico Madrid,AFC Ajax,1,1
1996-97,1997-03-19,Knockout,Quarterfinals | Leg 2,AJ Auxerre,Borussia Dortmund,0,1
1996-97,1997-03-19,Knockout,Quarterfinals | Leg 2,Juventus,Rosenborg BK,2,0
1996-97,1997-03-19,Knockout,Quarterfinals | Leg 2,FC Porto,Manchester United,0,0
1996-97,1997-04-09,Knockout,Semifinals | Leg 1,Borussia Dortmund,Manchester United,1,0
1996-97,1997-04-09,Knockout,Semifinals | Leg 1,AFC Ajax,Juventus,1,2
1996-97,1997-04-23,Knockout,Semifinals | Leg 2,Manchester United,Borussia Dortmund,0,1
1996-97,1997-04-23,Knockout,Semifinals | Leg 2,Juventus,AFC Ajax,4,1
1996-97,1997-05-28,Knockout,Final,Borussia Dortmund,Juventus,3,1
1997-98,1997-07-23,Qualifying,Qual. Round 1 | Leg 1,GI Gota,Rangers FC,0,5
1997-98,1997-07-23,Qualifying,Qual. Round 1 | Leg 1,Kosice,IA Akranes,3,0
1997-98,1997-07-23,Qualifying,Qual. Round 1 | Leg 1,Partizan Belgrade,Dinamo Zagreb,1,0
1997-98,1997-07-23,Qualifying,Qual. Round 1 | Leg 1,Valletta,Skonto,1,0
1997-98,1997-07-23,Qualifying,Qual. Round 1 | Leg 1,Neftchi PFC Baku,Widzew Lodz,0,2
1997-98,1997-07-23,Qualifying,Qual. Round 1 | Leg 1,Sion,Jeunesse Esch,4,0
1997-98,1997-07-23,Qualifying,Qual. Round 1 | Leg 1,Steaua Bucuresti,CSKA Sofia,3,3
1997-98,1997-07-23,Qualifying,Qual. Round 1 | Leg 1,Pyunik,MTK,0,2
1997-98,1997-07-23,Qualifying,Qual. Round 1 | Leg 1,Lantana Tallinn,FC Jazz,0,1
1997-98,1997-07-23,Qualifying,Qual. Round 1 | Leg 1,Crusaders,Dinamo Tbilisi,1,3
1997-98,1997-07-23,Qualifying,Qual. Round 1 | Leg 1,FK Sileks,Beitar Jerusalem,1,0
1997-98,1997-07-23,Qualifying,Qual. Round 1 | Leg 1,Dinamo Kiev,Barry Town,2,0
1997-98,1997-07-23,Qualifying,Qual. Round 1 | Leg 1,Anorthosis Famagusta,FK Kareda Kaunas,3,0
1997-98,1997-07-23,Qualifying,Qual. Round 1 | Leg 1,FC Tiraspol,FC Slavia Mozyr,1,1
1997-98,1997-07-23,Qualifying,Qual. Round 1 | Leg 1,Derry City,NK Maribor,0,2
1997-98,1997-07-30,Qualifying,Qual. Round 1 | Leg 2,Jeunesse Esch,Sion,0,1
1997-98,1997-07-30,Qualifying,Qual. Round 1 | Leg 2,FC Jazz,Lantana Tallinn,2,0
1997-98,1997-07-30,Qualifying,Qual. Round 1 | Leg 2,IA Akranes,Kosice,0,1
1997-98,1997-07-30,Qualifying,Qual. Round 1 | Leg 2,Skonto,Valletta,2,0
1997-98,1997-07-30,Qualifying,Qual. Round 1 | Leg 2,Widzew Lodz,Neftchi PFC Baku,8,0
1997-98,1997-07-30,Qualifying,Qual. Round 1 | Leg 2,MTK,Pyunik,4,3
1997-98,1997-07-30,Qualifying,Qual. Round 1 | Leg 2,Rangers FC,GI Gota,6,0
1997-98,1997-07-30,Qualifying,Qual. Round 1 | Leg 2,Dinamo Zagreb,Partizan Belgrade,5,0
1997-98,1997-07-30,Qualifying,Qual. Round 1 | Leg 2,NK Maribor,Derry City,1,0
1997-98,1997-07-30,Qualifying,Qual. Round 1 | Leg 2,Dinamo Tbilisi,Crusaders,5,1
1997-98,1997-07-30,Qualifying,Qual. Round 1 | Leg 2,Beitar Jerusalem,FK Sileks,3,0
1997-98,1997-07-30,Qualifying,Qual. Round 1 | Leg 2,Barry Town,Dinamo Kiev,0,4
1997-98,1997-07-30,Qualifying,Qual. Round 1 | Leg 2,FK Kareda Kaunas,Anorthosis Famagusta,1,1
1997-98,1997-07-30,Qualifying,Qual. Round 1 | Leg 2,CSKA Sofia,Steaua Bucuresti,0,2
1997-98,1997-07-30,Qualifying,Qual. Round 1 | Leg 2,FC Slavia Mozyr,FC Tiraspol,3,2
1997-98,1997-08-13,Qualifying,Qual. Round 2 | Leg 1,IFK Goteborg,Rangers FC,3,0
1997-98,1997-08-13,Qualifying,Qual. Round 2 | Leg 1,Brondby IF,Dinamo Kiev,2,4
1997-98,1997-08-13,Qualifying,Qual. Round 2 | Leg 1,Olympiacos,FC Slavia Mozyr,5,0
1997-98,1997-08-13,Qualifying,Qual. Round 2 | Leg 1,Beşiktaş İstanbul JK,NK Maribor,0,0
1997-98,1997-08-13,Qualifying,Qual. Round 2 | Leg 1,Steaua Bucuresti,Paris Saint-Germain,3,0
1997-98,1997-08-13,Qualifying,Qual. Round 2 | Leg 1,Kosice,Spartak Moskva,2,1
1997-98,1997-08-13,Qualifying,Qual. Round 2 | Leg 1,Sion,Galatasaray İstanbul AŞ,1,4
1997-98,1997-08-13,Qualifying,Qual. Round 2 | Leg 1,Anorthosis Famagusta,K Lierse SK,2,0
1997-98,1997-08-13,Qualifying,Qual. Round 2 | Leg 1,Newcastle United,Dinamo Zagreb,2,1
1997-98,1997-08-13,Qualifying,Qual. Round 2 | Leg 1,Beitar Jerusalem,Sporting CP,0,0
1997-98,1997-08-13,Qualifying,Qual. Round 2 | Leg 1,Leverkusen,Dinamo Tbilisi,6,1
1997-98,1997-08-13,Qualifying,Qual. Round 2 | Leg 1,Barcelona,Skonto,3,2
1997-98,1997-08-13,Qualifying,Qual. Round 2 | Leg 1,Feyenoord Rotterdam,FC Jazz,6,2
1997-98,1997-08-13,Qualifying,Qual. Round 2 | Leg 1,FC RB Salzburg,Sparta Praha,0,0
1997-98,1997-08-13,Qualifying,Qual. Round 2 | Leg 1,Widzew Lodz,Parma,1,3
1997-98,1997-08-14,Qualifying,Qual. Round 2 | Leg 1,MTK,Rosenborg BK,0,1
1997-98,1997-08-27,Qualifying,Qual. Round 2 | Leg 2,FC Slavia Mozyr,Olympiacos,2,2
1997-98,1997-08-27,Qualifying,Qual. Round 2 | Leg 2,Sparta Praha,FC RB Salzburg,3,0
1997-98,1997-08-27,Qualifying,Qual. Round 2 | Leg 2,Rangers FC,IFK Goteborg,1,1
1997-98,1997-08-27,Qualifying,Qual. Round 2 | Leg 2,Rosenborg BK,MTK,3,1
1997-98,1997-08-27,Qualifying,Qual. Round 2 | Leg 2,Galatasaray İstanbul AŞ,Sion,4,1
1997-98,1997-08-27,Qualifying,Qual. Round 2 | Leg 2,Parma,Widzew Lodz,4,0
1997-98,1997-08-27,Qualifying,Qual. Round 2 | Leg 2,Spartak Moskva,Kosice,0,0
1997-98,1997-08-27,Qualifying,Qual. Round 2 | Leg 2,Paris Saint-Germain,Steaua Bucuresti,5,0
1997-98,1997-08-27,Qualifying,Qual. Round 2 | Leg 2,Dinamo Zagreb,Newcastle United,1,2
1997-98,1997-08-27,Qualifying,Qual. Round 2 | Leg 2,Skonto,Barcelona,0,1
1997-98,1997-08-27,Qualifying,Qual. Round 2 | Leg 2,Dinamo Tbilisi,Leverkusen,1,0
1997-98,1997-08-27,Qualifying,Qual. Round 2 | Leg 2,FC Jazz,Feyenoord Rotterdam,1,2
1997-98,1997-08-27,Qualifying,Qual. Round 2 | Leg 2,NK Maribor,Beşiktaş İstanbul JK,1,3
1997-98,1997-08-27,Qualifying,Qual. Round 2 | Leg 2,Dinamo Kiev,Brondby IF,0,1
1997-98,1997-08-27,Qualifying,Qual. Round 2 | Leg 2,Sporting CP,Beitar Jerusalem,3,0
1997-98,1997-08-27,Qualifying,Qual. Round 2 | Leg 2,K Lierse SK,Anorthosis Famagusta,3,0
1997-98,1997-09-17,Group,Matchday ?,Real Madrid,Rosenborg BK,4,1
1997-98,1997-09-17,Group,Matchday ?,Bayern Munich,Beşiktaş İstanbul JK,2,0
1997-98,1997-09-17,Group,Matchday ?,Paris Saint-Germain,IFK Goteborg,3,0
1997-98,1997-09-17,Group,Matchday ?,Olympiacos,FC Porto,1,0
1997-98,1997-09-17,Group,Matchday ?,Leverkusen,K Lierse SK,1,0
1997-98,1997-09-17,Group,Matchday ?,Sporting CP,Monaco,3,0
1997-98,1997-09-17,Group,Matchday ?,Kosice,Manchester United,0,3
1997-98,1997-09-17,Group,Matchday ?,Juventus,Feyenoord Rotterdam,5,1
1997-98,1997-09-17,Group,Matchday ?,PSV Eindhoven,Dinamo Kiev,1,3
1997-98,1997-09-17,Group,Matchday ?,Newcastle United,Barcelona,3,2
1997-98,1997-09-17,Group,Matchday ?,Galatasaray İstanbul AŞ,Borussia Dortmund,0,1
1997-98,1997-09-17,Group,Matchday ?,Sparta Praha,Parma,0,0
1997-98,1997-10-01,Group,Matchday ?,FC Porto,Real Madrid,0,2
1997-98,1997-10-01,Group,Matchday ?,K Lierse SK,Sporting CP,1,1
1997-98,1997-10-01,Group,Matchday ?,Monaco,Leverkusen,4,0
1997-98,1997-10-01,Group,Matchday ?,IFK Goteborg,Bayern Munich,1,3
1997-98,1997-10-01,Group,Matchday ?,Dinamo Kiev,Newcastle United,2,2
1997-98,1997-10-01,Group,Matchday ?,Borussia Dortmund,Sparta Praha,4,1
1997-98,1997-10-01,Group,Matchday ?,Rosenborg BK,Olympiacos,5,1
1997-98,1997-10-01,Group,Matchday ?,Barcelona,PSV Eindhoven,2,2
1997-98,1997-10-01,Group,Matchday ?,Beşiktaş İstanbul JK,Paris Saint-Germain,3,1
1997-98,1997-10-01,Group,Matchday ?,Parma,Galatasaray İstanbul AŞ,2,0
1997-98,1997-10-01,Group,Matchday ?,Feyenoord Rotterdam,Kosice,2,0
1997-98,1997-10-01,Group,Matchday ?,Manchester United,Juventus,3,2
1997-98,1997-10-22,Group,Matchday ?,Rosenborg BK,FC Porto,2,0
1997-98,1997-10-22,Group,Matchday ?,Bayern Munich,Paris Saint-Germain,5,1
1997-98,1997-10-22,Group,Matchday ?,Sporting CP,Leverkusen,0,2
1997-98,1997-10-22,Group,Matchday ?,Monaco,K Lierse SK,5,1
1997-98,1997-10-22,Group,Matchday ?,Real Madrid,Olympiacos,5,1
1997-98,1997-10-22,Group,Matchday ?,Beşiktaş İstanbul JK,IFK Goteborg,1,0
1997-98,1997-10-22,Group,Matchday ?,Parma,Borussia Dortmund,1,0
1997-98,1997-10-22,Group,Matchday ?,Manchester United,Feyenoord Rotterdam,2,1
1997-98,1997-10-22,Group,Matchday ?,Sparta Praha,Galatasaray İstanbul AŞ,3,0
1997-98,1997-10-22,Group,Matchday ?,Kosice,Juventus,0,1
1997-98,1997-10-22,Group,Matchday ?,Dinamo Kiev,Barcelona,3,0
1997-98,1997-10-22,Group,Matchday ?,PSV Eindhoven,Newcastle United,1,0
1997-98,1997-11-05,Group,Matchday ?,K Lierse SK,Monaco,0,1
1997-98,1997-11-05,Group,Matchday ?,FC Porto,Rosenborg BK,1,1
1997-98,1997-11-05,Group,Matchday ?,Paris Saint-Germain,Bayern Munich,3,1
1997-98,1997-11-05,Group,Matchday ?,Olympiacos,Real Madrid,0,0
1997-98,1997-11-05,Group,Matchday ?,Leverkusen,Sporting CP,4,1
1997-98,1997-11-05,Group,Matchday ?,IFK Goteborg,Beşiktaş İstanbul JK,2,1
1997-98,1997-11-05,Group,Matchday ?,Feyenoord Rotterdam,Manchester United,1,3
1997-98,1997-11-05,Group,Matchday ?,Galatasaray İstanbul AŞ,Sparta Praha,2,0
1997-98,1997-11-05,Group,Matchday ?,Borussia Dortmund,Parma,2,0
1997-98,1997-11-05,Group,Matchday ?,Juventus,Kosice,3,2
1997-98,1997-11-05,Group,Matchday ?,Newcastle United,PSV Eindhoven,0,2
1997-98,1997-11-05,Group,Matchday ?,Barcelona,Dinamo Kiev,0,4
1997-98,1997-11-26,Group,Matchday ?,Beşiktaş İstanbul JK,Bayern Munich,0,2
1997-98,1997-11-26,Group,Matchday ?,Monaco,Sporting CP,3,2
1997-98,1997-11-26,Group,Matchday ?,K Lierse SK,Leverkusen,0,2
1997-98,1997-11-26,Group,Matchday ?,IFK Goteborg,Paris Saint-Germain,0,1
1997-98,1997-11-26,Group,Matchday ?,Feyenoord Rotterdam,Juventus,2,0
1997-98,1997-11-26,Group,Matchday ?,Barcelona,Newcastle United,1,0
1997-98,1997-11-27,Group,Matchday ?,Borussia Dortmund,Galatasaray İstanbul AŞ,4,1
1997-98,1997-11-27,Group,Matchday ?,Rosenborg BK,Real Madrid,2,0
1997-98,1997-11-27,Group,Matchday ?,FC Porto,Olympiacos,2,1
1997-98,1997-11-27,Group,Matchday ?,Dinamo Kiev,PSV Eindhoven,1,1
1997-98,1997-11-27,Group,Matchday ?,Manchester United,Kosice,3,0
1997-98,1997-11-27,Group,Matchday ?,Parma,Sparta Praha,2,2
1997-98,1997-12-10,Group,Matchday ?,Leverkusen,Monaco,2,2
1997-98,1997-12-10,Group,Matchday ?,Sporting CP,K Lierse SK,2,1
1997-98,1997-12-10,Group,Matchday ?,Paris Saint-Germain,Beşiktaş İstanbul JK,2,1
1997-98,1997-12-10,Group,Matchday ?,Bayern Munich,IFK Goteborg,0,1
1997-98,1997-12-10,Group,Matchday ?,Newcastle United,Dinamo Kiev,2,0
1997-98,1997-12-10,Group,Matchday ?,Juventus,Manchester United,1,0
1997-98,1997-12-10,Group,Matchday ?,Galatasaray İstanbul AŞ,Parma,1,1
1997-98,1997-12-10,Group,Matchday ?,Sparta Praha,Borussia Dortmund,0,3
1997-98,1997-12-10,Group,Matchday ?,PSV Eindhoven,Barcelona,2,2
1997-98,1997-12-10,Group,Matchday ?,Real Madrid,FC Porto,4,0
1997-98,1997-12-10,Group,Matchday ?,Olympiacos,Rosenborg BK,2,2
1997-98,1997-12-10,Group,Matchday ?,Kosice,Feyenoord Rotterdam,0,1
1997-98,1998-03-04,Knockout,Quarterfinals | Leg 1,Leverkusen,Real Madrid,1,1
1997-98,1998-03-04,Knockout,Quarterfinals | Leg 1,Monaco,Manchester United,0,0
1997-98,1998-03-04,Knockout,Quarterfinals | Leg 1,Bayern Munich,Borussia Dortmund,0,0
1997-98,1998-03-04,Knockout,Quarterfinals | Leg 1,Juventus,Dinamo Kiev,1,1
1997-98,1998-03-18,Knockout,Quarterfinals | Leg 2,Real Madrid,Leverkusen,3,0
1997-98,1998-03-18,Knockout,Quarterfinals | Leg 2,Manchester United,Monaco,1,1
1997-98,1998-03-18,Knockout,Quarterfinals | Leg 2,Dinamo Kiev,Juventus,1,4
1997-98,1998-03-18,Knockout,Quarterfinals | Leg 2,Borussia Dortmund,Bayern Munich,0,0
1997-98,1998-04-01,Knockout,Semifinals | Leg 1,Real Madrid,Borussia Dortmund,2,0
1997-98,1998-04-01,Knockout,Semifinals | Leg 1,Juventus,Monaco,4,1
1997-98,1998-04-15,Knockout,Semifinals | Leg 2,Borussia Dortmund,Real Madrid,0,0
1997-98,1998-04-15,Knockout,Semifinals | Leg 2,Monaco,Juventus,3,2
1997-98,1998-05-20,Knockout,Final,Real Madrid,Juventus,1,0
1998-99,1998-07-22,Qualifying,Qual. Round 1 | Leg 1,HJK Helsinki,FC Yerevan,2,0
1998-99,1998-07-22,Qualifying,Qual. Round 1 | Leg 1,Skonto,Dinamo Minsk,0,0
1998-99,1998-07-22,Qualifying,Qual. Round 1 | Leg 1,Zimbru Chisinau,Ujpesti Dozsa SC,1,0
1998-99,1998-07-22,Qualifying,Qual. Round 1 | Leg 1,LKS Lodz,Kapaz,4,1
1998-99,1998-07-22,Qualifying,Qual. Round 1 | Leg 1,PFC Litex Lovech,Halmstads BK,2,0
1998-99,1998-07-22,Qualifying,Qual. Round 1 | Leg 1,Grasshoppers Zurich,Jeunesse Esch,6,0
1998-99,1998-07-22,Qualifying,Qual. Round 1 | Leg 1,FK Kareda Kaunas,NK Maribor,0,3
1998-99,1998-07-22,Qualifying,Qual. Round 1 | Leg 1,FK Obilic,IB Vestmannaeyja,2,0
1998-99,1998-07-22,Qualifying,Qual. Round 1 | Leg 1,Dinamo Kiev,Barry Town,8,0
1998-99,1998-07-22,Qualifying,Qual. Round 1 | Leg 1,Cliftonville,Kosice,1,5
1998-99,1998-07-22,Qualifying,Qual. Round 1 | Leg 1,Celtic,St Patrick's Athletic,0,0
1998-99,1998-07-22,Qualifying,Qual. Round 1 | Leg 1,Beitar Jerusalem,B36 Torshavn,4,1
1998-99,1998-07-22,Qualifying,Qual. Round 1 | Leg 1,Valletta,Anorthosis Famagusta,0,2
1998-99,1998-07-22,Qualifying,Qual. Round 1 | Leg 1,Dinamo Tbilisi,FK Vllaznia,3,0
1998-99,1998-07-22,Qualifying,Qual. Round 1 | Leg 1,FK Sileks,Club Brugge,0,0
1998-99,1998-07-22,Qualifying,Qual. Round 1 | Leg 1,Steaua Bucuresti,Flora Tallinn,4,1
1998-99,1998-07-27,Qualifying,Qual. Round 1 | Leg 2,B36 Torshavn,Beitar Jerusalem,0,1
1998-99,1998-07-29,Qualifying,Qual. Round 1 | Leg 2,Flora Tallinn,Steaua Bucuresti,3,1
1998-99,1998-07-29,Qualifying,Qual. Round 1 | Leg 2,Halmstads BK,PFC Litex Lovech,2,1
1998-99,1998-07-29,Qualifying,Qual. Round 1 | Leg 2,Club Brugge,FK Sileks,2,1
1998-99,1998-07-29,Qualifying,Qual. Round 1 | Leg 2,NK Maribor,FK Kareda Kaunas,1,0
1998-99,1998-07-29,Qualifying,Qual. Round 1 | Leg 2,FK Vllaznia,Dinamo Tbilisi,3,1
1998-99,1998-07-29,Qualifying,Qual. Round 1 | Leg 2,FC Yerevan,HJK Helsinki,0,3
1998-99,1998-07-29,Qualifying,Qual. Round 1 | Leg 2,Kapaz,LKS Lodz,1,3
1998-99,1998-07-29,Qualifying,Qual. Round 1 | Leg 2,Jeunesse Esch,Grasshoppers Zurich,0,2
1998-99,1998-07-29,Qualifying,Qual. Round 1 | Leg 2,IB Vestmannaeyja,FK Obilic,1,2
1998-99,1998-07-29,Qualifying,Qual. Round 1 | Leg 2,Barry Town,Dinamo Kiev,1,2
1998-99,1998-07-29,Qualifying,Qual. Round 1 | Leg 2,Anorthosis Famagusta,Valletta,6,0
1998-99,1998-07-29,Qualifying,Qual. Round 1 | Leg 2,Ujpesti Dozsa SC,Zimbru Chisinau,3,1
1998-99,1998-07-29,Qualifying,Qual. Round 1 | Leg 2,St Patrick's Athletic,Celtic,0,2
1998-99,1998-07-29,Qualifying,Qual. Round 1 | Leg 2,Kosice,Cliftonville,8,0
1998-99,1998-07-29,Qualifying,Qual. Round 1 | Leg 2,Dinamo Minsk,Skonto,1,2
1998-99,1998-08-12,Qualifying,Qual. Round 2 | Leg 1,Galatasaray İstanbul AŞ,Grasshoppers Zurich,2,1
1998-99,1998-08-12,Qualifying,Qual. Round 2 | Leg 1,Benfica,Beitar Jerusalem,6,0
1998-99,1998-08-12,Qualifying,Qual. Round 2 | Leg 1,PFC Litex Lovech,Spartak Moskva,0,5
1998-99,1998-08-12,Qualifying,Qual. Round 2 | Leg 1,Steaua Bucuresti,Panathinaikos FC,2,2
1998-99,1998-08-12,Qualifying,Qual. Round 2 | Leg 1,NK Maribor,PSV Eindhoven,2,1
1998-99,1998-08-12,Qualifying,Qual. Round 2 | Leg 1,Manchester United,LKS Lodz,2,0
1998-99,1998-08-12,Qualifying,Qual. Round 2 | Leg 1,Internazionale,Skonto,4,0
1998-99,1998-08-12,Qualifying,Qual. Round 2 | Leg 1,HJK Helsinki,FC Metz,1,0
1998-99,1998-08-12,Qualifying,Qual. Round 2 | Leg 1,Sturm Graz,Ujpesti Dozsa SC,4,0
1998-99,1998-08-12,Qualifying,Qual. Round 2 | Leg 1,Kosice,Brondby IF,0,2
1998-99,1998-08-12,Qualifying,Qual. Round 2 | Leg 1,Bayern Munich,FK Obilic,4,0
1998-99,1998-08-12,Qualifying,Qual. Round 2 | Leg 1,Olympiacos,Anorthosis Famagusta,2,1
1998-99,1998-08-12,Qualifying,Qual. Round 2 | Leg 1,Rosenborg BK,Club Brugge,2,0
1998-99,1998-08-12,Qualifying,Qual. Round 2 | Leg 1,Dinamo Tbilisi,Athletic Club,2,1
1998-99,1998-08-12,Qualifying,Qual. Round 2 | Leg 1,Dinamo Kiev,Sparta Praha,0,1
1998-99,1998-08-12,Qualifying,Qual. Round 2 | Leg 1,Celtic,Dinamo Zagreb,1,0
1998-99,1998-08-26,Qualifying,Qual. Round 2 | Leg 2,FC Metz,HJK Helsinki,1,1
1998-99,1998-08-26,Qualifying,Qual. Round 2 | Leg 2,Skonto,Internazionale,1,3
1998-99,1998-08-26,Qualifying,Qual. Round 2 | Leg 2,Grasshoppers Zurich,Galatasaray İstanbul AŞ,2,3
1998-99,1998-08-26,Qualifying,Qual. Round 2 | Leg 2,Spartak Moskva,PFC Litex Lovech,6,2
1998-99,1998-08-26,Qualifying,Qual. Round 2 | Leg 2,Panathinaikos FC,Steaua Bucuresti,6,3
1998-99,1998-08-26,Qualifying,Qual. Round 2 | Leg 2,Ujpesti Dozsa SC,Sturm Graz,2,3
1998-99,1998-08-26,Qualifying,Qual. Round 2 | Leg 2,PSV Eindhoven,NK Maribor,2,1
1998-99,1998-08-26,Qualifying,Qual. Round 2 | Leg 2,LKS Lodz,Manchester United,0,0
1998-99,1998-08-26,Qualifying,Qual. Round 2 | Leg 2,Athletic Club,Dinamo Tbilisi,1,0
1998-99,1998-08-26,Qualifying,Qual. Round 2 | Leg 2,Dinamo Zagreb,Celtic,3,0
1998-99,1998-08-26,Qualifying,Qual. Round 2 | Leg 2,Sparta Praha,Dinamo Kiev,0,1
1998-99,1998-08-26,Qualifying,Qual. Round 2 | Leg 2,Beitar Jerusalem,Benfica,4,2
1998-99,1998-08-26,Qualifying,Qual. Round 2 | Leg 2,Brondby IF,Kosice,0,1
1998-99,1998-08-26,Qualifying,Qual. Round 2 | Leg 2,Club Brugge,Rosenborg BK,4,2
1998-99,1998-08-26,Qualifying,Qual. Round 2 | Leg 2,FK Obilic,Bayern Munich,1,1
1998-99,1998-08-26,Qualifying,Qual. Round 2 | Leg 2,Anorthosis Famagusta,Olympiacos,2,4
1998-99,1998-09-16,Group,Matchday ?,PSV Eindhoven,HJK Helsinki,2,1
1998-99,1998-09-16,Group,Matchday ?,Panathinaikos FC,Dinamo Kiev,2,1
1998-99,1998-09-16,Group,Matchday ?,RC Lens,Arsenal,1,1
1998-99,1998-09-16,Group,Matchday ?,Manchester United,Barcelona,3,3
1998-99,1998-09-16,Group,Matchday ?,Brondby IF,Bayern Munich,2,1
1998-99,1998-09-16,Group,Matchday ?,1. FC Kaiserslautern,Benfica,1,0
1998-99,1998-09-16,Group,Matchday ?,Juventus,Galatasaray İstanbul AŞ,2,2
1998-99,1998-09-16,Group,Matchday ?,Athletic Club,Rosenborg BK,1,1
1998-99,1998-09-16,Group,Matchday ?,FC Porto,Olympiacos,2,2
1998-99,1998-09-16,Group,Matchday ?,Dinamo Zagreb,AFC Ajax,0,0
1998-99,1998-09-16,Group,Matchday ?,Sturm Graz,Spartak Moskva,0,2
1998-99,1998-09-16,Group,Matchday ?,Real Madrid,Internazionale,2,0
1998-99,1998-09-30,Group,Matchday ?,HJK Helsinki,1. FC Kaiserslautern,0,0
1998-99,1998-09-30,Group,Matchday ?,Barcelona,Brondby IF,2,0
1998-99,1998-09-30,Group,Matchday ?,Benfica,PSV Eindhoven,2,1
1998-99,1998-09-30,Group,Matchday ?,Dinamo Kiev,RC Lens,1,1
1998-99,1998-09-30,Group,Matchday ?,Arsenal,Panathinaikos FC,2,1
1998-99,1998-09-30,Group,Matchday ?,Bayern Munich,Manchester United,2,2
1998-99,1998-09-30,Group,Matchday ?,Olympiacos,Dinamo Zagreb,2,0
1998-99,1998-09-30,Group,Matchday ?,Rosenborg BK,Juventus,1,1
1998-99,1998-09-30,Group,Matchday ?,AFC Ajax,FC Porto,2,1
1998-99,1998-09-30,Group,Matchday ?,Spartak Moskva,Real Madrid,2,1
1998-99,1998-09-30,Group,Matchday ?,Galatasaray İstanbul AŞ,Athletic Club,2,1
1998-99,1998-09-30,Group,Matchday ?,Internazionale,Sturm Graz,1,0
1998-99,1998-10-21,Group,Matchday ?,RC Lens,Panathinaikos FC,1,0
1998-99,1998-10-21,Group,Matchday ?,Bayern Munich,Barcelona,1,0
1998-99,1998-10-21,Group,Matchday ?,Brondby IF,Manchester United,2,6
1998-99,1998-10-21,Group,Matchday ?,PSV Eindhoven,1. FC Kaiserslautern,1,2
1998-99,1998-10-21,Group,Matchday ?,HJK Helsinki,Benfica,2,0
1998-99,1998-10-21,Group,Matchday ?,Arsenal,Dinamo Kiev,1,1
1998-99,1998-10-21,Group,Matchday ?,Olympiacos,AFC Ajax,1,0
1998-99,1998-10-21,Group,Matchday ?,Internazionale,Spartak Moskva,2,1
1998-99,1998-10-21,Group,Matchday ?,Rosenborg BK,Galatasaray İstanbul AŞ,3,0
1998-99,1998-10-21,Group,Matchday ?,Athletic Club,Juventus,0,0
1998-99,1998-10-21,Group,Matchday ?,FC Porto,Dinamo Zagreb,3,0
1998-99,1998-10-21,Group,Matchday ?,Real Madrid,Sturm Graz,6,1
1998-99,1998-11-04,Group,Matchday ?,1. FC Kaiserslautern,PSV Eindhoven,3,1
1998-99,1998-11-04,Group,Matchday ?,Manchester United,Brondby IF,5,0
1998-99,1998-11-04,Group,Matchday ?,Benfica,HJK Helsinki,2,2
1998-99,1998-11-04,Group,Matchday ?,Panathinaikos FC,RC Lens,1,0
1998-99,1998-11-04,Group,Matchday ?,Barcelona,Bayern Munich,1,2
1998-99,1998-11-04,Group,Matchday ?,Dinamo Kiev,Arsenal,3,1
1998-99,1998-11-04,Group,Matchday ?,Spartak Moskva,Internazionale,1,1
1998-99,1998-11-04,Group,Matchday ?,Juventus,Athletic Club,1,1
1998-99,1998-11-04,Group,Matchday ?,Galatasaray İstanbul AŞ,Rosenborg BK,3,0
1998-99,1998-11-04,Group,Matchday ?,Dinamo Zagreb,FC Porto,3,1
1998-99,1998-11-04,Group,Matchday ?,AFC Ajax,Olympiacos,2,0
1998-99,1998-11-04,Group,Matchday ?,Sturm Graz,Real Madrid,1,5
1998-99,1998-11-25,Group,Matchday ?,Dinamo Kiev,Panathinaikos FC,2,1
1998-99,1998-11-25,Group,Matchday ?,Rosenborg BK,Athletic Club,2,1
1998-99,1998-11-25,Group,Matchday ?,Arsenal,RC Lens,0,1
1998-99,1998-11-25,Group,Matchday ?,Bayern Munich,Brondby IF,2,0
1998-99,1998-11-25,Group,Matchday ?,Barcelona,Manchester United,3,3
1998-99,1998-11-25,Group,Matchday ?,AFC Ajax,Dinamo Zagreb,0,1
1998-99,1998-11-25,Group,Matchday ?,Internazionale,Real Madrid,3,1
1998-99,1998-11-25,Group,Matchday ?,Olympiacos,FC Porto,2,1
1998-99,1998-11-25,Group,Matchday ?,HJK Helsinki,PSV Eindhoven,1,3
1998-99,1998-11-25,Group,Matchday ?,Benfica,1. FC Kaiserslautern,2,1
1998-99,1998-11-25,Group,Matchday ?,Spartak Moskva,Sturm Graz,0,0
1998-99,1998-12-02,Group,Matchday ?,Galatasaray İstanbul AŞ,Juventus,1,1
1998-99,1998-12-09,Group,Matchday ?,Juventus,Rosenborg BK,2,0
1998-99,1998-12-09,Group,Matchday ?,Dinamo Zagreb,Olympiacos,1,1
1998-99,1998-12-09,Group,Matchday ?,Athletic Club,Galatasaray İstanbul AŞ,1,0
1998-99,1998-12-09,Group,Matchday ?,Real Madrid,Spartak Moskva,2,1
1998-99,1998-12-09,Group,Matchday ?,FC Porto,AFC Ajax,3,0
1998-99,1998-12-09,Group,Matchday ?,Sturm Graz,Internazionale,0,2
1998-99,1998-12-09,Group,Matchday ?,1. FC Kaiserslautern,HJK Helsinki,5,2
1998-99,1998-12-09,Group,Matchday ?,Brondby IF,Barcelona,0,2
1998-99,1998-12-09,Group,Matchday ?,Manchester United,Bayern Munich,1,1
1998-99,1998-12-09,Group,Matchday ?,RC Lens,Dinamo Kiev,1,3
1998-99,1998-12-09,Group,Matchday ?,Panathinaikos FC,Arsenal,1,3
1998-99,1998-12-09,Group,Matchday ?,PSV Eindhoven,Benfica,2,2
1998-99,1999-03-03,Knockout,Quarterfinals | Leg 1,Juventus,Olympiacos,2,1
1998-99,1999-03-03,Knockout,Quarterfinals | Leg 1,Manchester United,Internazionale,2,0
1998-99,1999-03-03,Knockout,Quarterfinals | Leg 1,Bayern Munich,1. FC Kaiserslautern,2,0
1998-99,1999-03-03,Knockout,Quarterfinals | Leg 1,Real Madrid,Dinamo Kiev,1,1
1998-99,1999-03-17,Knockout,Quarterfinals | Leg 2,Internazionale,Manchester United,1,1
1998-99,1999-03-17,Knockout,Quarterfinals | Leg 2,Olympiacos,Juventus,1,1
1998-99,1999-03-17,Knockout,Quarterfinals | Leg 2,Dinamo Kiev,Real Madrid,2,0
1998-99,1999-03-17,Knockout,Quarterfinals | Leg 2,1. FC Kaiserslautern,Bayern Munich,0,4
1998-99,1999-04-07,Knockout,Semifinals | Leg 1,Dinamo Kiev,Bayern Munich,3,3
1998-99,1999-04-07,Knockout,Semifinals | Leg 1,Manchester United,Juventus,1,1
1998-99,1999-04-21,Knockout,Semifinals | Leg 2,Bayern Munich,Dinamo Kiev,1,0
1998-99,1999-04-21,Knockout,Semifinals | Leg 2,Juventus,Manchester United,2,3
1998-99,1999-05-26,Knockout,Final,Manchester United,Bayern Munich,2,1
1999-00,1999-07-13,Qualifying,Qual. Round 1 | Leg 1,IB Vestmannaeyja,KF Tirana,1,0
1999-00,1999-07-14,Qualifying,Qual. Round 1 | Leg 1,PFC Litex Lovech,Glentoran,3,0
1999-00,1999-07-14,Qualifying,Qual. Round 1 | Leg 1,Sloga Jugomagnat Skopje,Kapaz,1,0
1999-00,1999-07-14,Qualifying,Qual. Round 1 | Leg 1,Zalgiris Vilnius,Araks Ararat,2,0
1999-00,1999-07-14,Qualifying,Qual. Round 1 | Leg 1,Barry Town,Valletta,0,0
1999-00,1999-07-14,Qualifying,Qual. Round 1 | Leg 1,HB,Haka Valkeakoski,1,1
1999-00,1999-07-14,Qualifying,Qual. Round 1 | Leg 1,St Patrick's Athletic,Zimbru Chisinau,0,5
1999-00,1999-07-14,Qualifying,Qual. Round 1 | Leg 1,Partizan Belgrade,Flora Tallinn,6,0
1999-00,1999-07-14,Qualifying,Qual. Round 1 | Leg 1,Jeunesse Esch,Skonto,0,2
1999-00,1999-07-21,Qualifying,Qual. Round 1 | Leg 2,Skonto,Jeunesse Esch,8,0
1999-00,1999-07-21,Qualifying,Qual. Round 1 | Leg 2,Zimbru Chisinau,St Patrick's Athletic,5,0
1999-00,1999-07-21,Qualifying,Qual. Round 1 | Leg 2,Flora Tallinn,Partizan Belgrade,1,4
1999-00,1999-07-21,Qualifying,Qual. Round 1 | Leg 2,Araks Ararat,Zalgiris Vilnius,0,3
1999-00,1999-07-21,Qualifying,Qual. Round 1 | Leg 2,Haka Valkeakoski,HB,6,0
1999-00,1999-07-21,Qualifying,Qual. Round 1 | Leg 2,Valletta,Barry Town,3,2
1999-00,1999-07-21,Qualifying,Qual. Round 1 | Leg 2,Kapaz,Sloga Jugomagnat Skopje,2,1
1999-00,1999-07-21,Qualifying,Qual. Round 1 | Leg 2,Glentoran,PFC Litex Lovech,0,2
1999-00,1999-07-21,Qualifying,Qual. Round 1 | Leg 2,KF Tirana,IB Vestmannaeyja,1,2
1999-00,1999-07-28,Qualifying,Qual. Round 2 | Leg 1,Dinamo Tbilisi,Zimbru Chisinau,2,1
1999-00,1999-07-28,Qualifying,Qual. Round 2 | Leg 1,Haka Valkeakoski,Rangers FC,1,4
1999-00,1999-07-28,Qualifying,Qual. Round 2 | Leg 1,Rapid Wien,Valletta,3,0
1999-00,1999-07-28,Qualifying,Qual. Round 2 | Leg 1,Partizan Belgrade,HNK Rijeka,3,1
1999-00,1999-07-28,Qualifying,Qual. Round 2 | Leg 1,NK Maribor,KRC Genk,5,1
1999-00,1999-07-28,Qualifying,Qual. Round 2 | Leg 1,Rapid Bucuresti,Skonto,3,3
1999-00,1999-07-28,Qualifying,Qual. Round 2 | Leg 1,IB Vestmannaeyja,MTK,0,2
1999-00,1999-07-28,Qualifying,Qual. Round 2 | Leg 1,Sloga Jugomagnat Skopje,Brondby IF,0,1
1999-00,1999-07-28,Qualifying,Qual. Round 2 | Leg 1,Dinamo Kiev,Zalgiris Vilnius,2,0
1999-00,1999-07-28,Qualifying,Qual. Round 2 | Leg 1,Dnepr Mogilev,AIK Solna,0,1
1999-00,1999-07-28,Qualifying,Qual. Round 2 | Leg 1,Beşiktaş İstanbul JK,Hapoel Haifa,1,1
1999-00,1999-07-28,Qualifying,Qual. Round 2 | Leg 1,PFC Litex Lovech,Widzew Lodz,4,1
1999-00,1999-07-28,Qualifying,Qual. Round 2 | Leg 1,CSKA Moskva,Molde FK,2,0
1999-00,1999-07-28,Qualifying,Qual. Round 2 | Leg 1,Anorthosis Famagusta,Slovan Bratislava,2,1
1999-00,1999-08-04,Qualifying,Qual. Round 2 | Leg 2,MTK,IB Vestmannaeyja,3,1
1999-00,1999-08-04,Qualifying,Qual. Round 2 | Leg 2,Rangers FC,Haka Valkeakoski,3,0
1999-00,1999-08-04,Qualifying,Qual. Round 2 | Leg 2,Zimbru Chisinau,Dinamo Tbilisi,2,0
1999-00,1999-08-04,Qualifying,Qual. Round 2 | Leg 2,Valletta,Rapid Wien,0,2
1999-00,1999-08-04,Qualifying,Qual. Round 2 | Leg 2,Skonto,Rapid Bucuresti,2,1
1999-00,1999-08-04,Qualifying,Qual. Round 2 | Leg 2,KRC Genk,NK Maribor,3,0
1999-00,1999-08-04,Qualifying,Qual. Round 2 | Leg 2,HNK Rijeka,Partizan Belgrade,0,3
1999-00,1999-08-04,Qualifying,Qual. Round 2 | Leg 2,Widzew Lodz,PFC Litex Lovech,4,1
1999-00,1999-08-04,Qualifying,Qual. Round 2 | Leg 2,Brondby IF,Sloga Jugomagnat Skopje,1,0
1999-00,1999-08-04,Qualifying,Qual. Round 2 | Leg 2,Slovan Bratislava,Anorthosis Famagusta,1,1
1999-00,1999-08-04,Qualifying,Qual. Round 2 | Leg 2,AIK Solna,Dnepr Mogilev,2,0
1999-00,1999-08-04,Qualifying,Qual. Round 2 | Leg 2,Zalgiris Vilnius,Dinamo Kiev,0,1
1999-00,1999-08-04,Qualifying,Qual. Round 2 | Leg 2,Molde FK,CSKA Moskva,4,0
1999-00,1999-08-04,Qualifying,Qual. Round 2 | Leg 2,Hapoel Haifa,Beşiktaş İstanbul JK,0,0
1999-00,1999-08-10,Qualifying,Qual. Round 3 | Leg 1,Olympique Lyon,NK Maribor,0,1
1999-00,1999-08-11,Qualifying,Qual. Round 3 | Leg 1,Spartak Moskva,Partizan Belgrade,2,0
1999-00,1999-08-11,Qualifying,Qual. Round 3 | Leg 1,Hapoel Haifa,Valencia CF,0,2
1999-00,1999-08-11,Qualifying,Qual. Round 3 | Leg 1,Sturm Graz,Servette Geneve,2,1
1999-00,1999-08-11,Qualifying,Qual. Round 3 | Leg 1,Zimbru Chisinau,PSV Eindhoven,0,0
1999-00,1999-08-11,Qualifying,Qual. Round 3 | Leg 1,Rangers FC,Parma,2,0
1999-00,1999-08-11,Qualifying,Qual. Round 3 | Leg 1,Chelsea,Skonto,3,0
1999-00,1999-08-11,Qualifying,Qual. Round 3 | Leg 1,Rapid Wien,Galatasaray İstanbul AŞ,0,3
1999-00,1999-08-11,Qualifying,Qual. Round 3 | Leg 1,AEK Athens,AIK Solna,0,0
1999-00,1999-08-11,Qualifying,Qual. Round 3 | Leg 1,Brondby IF,Boavista FC,1,2
1999-00,1999-08-11,Qualifying,Qual. Round 3 | Leg 1,Hertha BSC,Anorthosis Famagusta,2,0
1999-00,1999-08-11,Qualifying,Qual. Round 3 | Leg 1,ACF Fiorentina,Widzew Lodz,3,1
1999-00,1999-08-11,Qualifying,Qual. Round 3 | Leg 1,Aalborg BK,Dinamo Kiev,1,2
1999-00,1999-08-11,Qualifying,Qual. Round 3 | Leg 1,Molde FK,RCD Mallorca,0,0
1999-00,1999-08-11,Qualifying,Qual. Round 3 | Leg 1,Teplice,Borussia Dortmund,0,1
1999-00,1999-08-11,Qualifying,Qual. Round 3 | Leg 1,Dinamo Zagreb,MTK,0,0
1999-00,1999-08-25,Qualifying,Qual. Round 3 | Leg 2,Parma,Rangers FC,1,0
1999-00,1999-08-25,Qualifying,Qual. Round 3 | Leg 2,Servette Geneve,Sturm Graz,2,2
1999-00,1999-08-25,Qualifying,Qual. Round 3 | Leg 2,PSV Eindhoven,Zimbru Chisinau,2,0
1999-00,1999-08-25,Qualifying,Qual. Round 3 | Leg 2,Partizan Belgrade,Spartak Moskva,1,3
1999-00,1999-08-25,Qualifying,Qual. Round 3 | Leg 2,NK Maribor,Olympique Lyon,2,0
1999-00,1999-08-25,Qualifying,Qual. Round 3 | Leg 2,Galatasaray İstanbul AŞ,Rapid Wien,1,0
1999-00,1999-08-25,Qualifying,Qual. Round 3 | Leg 2,MTK,Dinamo Zagreb,0,2
1999-00,1999-08-25,Qualifying,Qual. Round 3 | Leg 2,Valencia CF,Hapoel Haifa,2,0
1999-00,1999-08-25,Qualifying,Qual. Round 3 | Leg 2,Borussia Dortmund,Teplice,1,0
1999-00,1999-08-25,Qualifying,Qual. Round 3 | Leg 2,AIK Solna,AEK Athens,1,0
1999-00,1999-08-25,Qualifying,Qual. Round 3 | Leg 2,Widzew Lodz,ACF Fiorentina,0,2
1999-00,1999-08-25,Qualifying,Qual. Round 3 | Leg 2,Dinamo Kiev,Aalborg BK,2,2
1999-00,1999-08-25,Qualifying,Qual. Round 3 | Leg 2,RCD Mallorca,Molde FK,1,1
1999-00,1999-08-25,Qualifying,Qual. Round 3 | Leg 2,Skonto,Chelsea,0,0
1999-00,1999-08-25,Qualifying,Qual. Round 3 | Leg 2,Anorthosis Famagusta,Hertha BSC,0,0
1999-00,1999-08-25,Qualifying,Qual. Round 3 | Leg 2,Boavista FC,Brondby IF,2,1
1999-00,1999-09-14,Group 1st,Matchday ?,Boavista FC,Rosenborg BK,0,3
1999-00,1999-09-14,Group 1st,Matchday ?,Olympique Marseille,Sturm Graz,2,0
1999-00,1999-09-14,Group 1st,Matchday ?,Feyenoord Rotterdam,Borussia Dortmund,1,1
1999-00,1999-09-14,Group 1st,Matchday ?,Manchester United,Dinamo Zagreb,0,0
1999-00,1999-09-14,Group 1st,Matchday ?,Dinamo Kiev,NK Maribor,0,1
1999-00,1999-09-14,Group 1st,Matchday ?,AIK Solna,Barcelona,1,2
1999-00,1999-09-14,Group 1st,Matchday ?,ACF Fiorentina,Arsenal,0,0
1999-00,1999-09-14,Group 1st,Matchday ?,Leverkusen,SS Lazio,1,1
1999-00,1999-09-15,Group 1st,Matchday ?,Chelsea,Milan,0,0
1999-00,1999-09-15,Group 1st,Matchday ?,Sparta Praha,Girondins Bordeaux,0,0
1999-00,1999-09-15,Group 1st,Matchday ?,Willem II Tilburg,Spartak Moskva,1,3
1999-00,1999-09-15,Group 1st,Matchday ?,Galatasaray İstanbul AŞ,Hertha BSC,2,2
1999-00,1999-09-15,Group 1st,Matchday ?,Olympiacos,Real Madrid,3,3
1999-00,1999-09-15,Group 1st,Matchday ?,Valencia CF,Rangers FC,2,0
1999-00,1999-09-15,Group 1st,Matchday ?,Bayern Munich,PSV Eindhoven,2,1
1999-00,1999-09-15,Group 1st,Matchday ?,Molde FK,FC Porto,0,1
1999-00,1999-09-21,Group 1st,Matchday ?,FC Porto,Olympiacos,2,0
1999-00,1999-09-21,Group 1st,Matchday ?,Real Madrid,Molde FK,4,1
1999-00,1999-09-21,Group 1st,Matchday ?,PSV Eindhoven,Valencia CF,1,1
1999-00,1999-09-21,Group 1st,Matchday ?,Rangers FC,Bayern Munich,1,1
1999-00,1999-09-21,Group 1st,Matchday ?,Girondins Bordeaux,Willem II Tilburg,3,2
1999-00,1999-09-21,Group 1st,Matchday ?,Spartak Moskva,Sparta Praha,1,1
1999-00,1999-09-21,Group 1st,Matchday ?,Hertha BSC,Chelsea,2,1
1999-00,1999-09-21,Group 1st,Matchday ?,Milan,Galatasaray İstanbul AŞ,2,1
1999-00,1999-09-22,Group 1st,Matchday ?,Borussia Dortmund,Boavista FC,3,1
1999-00,1999-09-22,Group 1st,Matchday ?,Rosenborg BK,Feyenoord Rotterdam,2,2
1999-00,1999-09-22,Group 1st,Matchday ?,Sturm Graz,Manchester United,0,3
1999-00,1999-09-22,Group 1st,Matchday ?,Dinamo Zagreb,Olympique Marseille,1,2
1999-00,1999-09-22,Group 1st,Matchday ?,SS Lazio,Dinamo Kiev,2,1
1999-00,1999-09-22,Group 1st,Matchday ?,Barcelona,ACF Fiorentina,4,2
1999-00,1999-09-22,Group 1st,Matchday ?,Arsenal,AIK Solna,3,1
1999-00,1999-09-22,Group 1st,Matchday ?,NK Maribor,Leverkusen,0,2
1999-00,1999-09-28,Group 1st,Matchday ?,Olympiacos,Molde FK,3,1
1999-00,1999-09-28,Group 1st,Matchday ?,Real Madrid,FC Porto,3,1
1999-00,1999-09-28,Group 1st,Matchday ?,Bayern Munich,Valencia CF,1,1
1999-00,1999-09-28,Group 1st,Matchday ?,PSV Eindhoven,Rangers FC,0,1
1999-00,1999-09-28,Group 1st,Matchday ?,Girondins Bordeaux,Spartak Moskva,2,1
1999-00,1999-09-28,Group 1st,Matchday ?,Sparta Praha,Willem II Tilburg,4,0
1999-00,1999-09-28,Group 1st,Matchday ?,Chelsea,Galatasaray İstanbul AŞ,1,0
1999-00,1999-09-28,Group 1st,Matchday ?,Milan,Hertha BSC,1,1
1999-00,1999-09-29,Group 1st,Matchday ?,Dinamo Zagreb,Sturm Graz,3,0
1999-00,1999-09-29,Group 1st,Matchday ?,Manchester United,Olympique Marseille,2,1
1999-00,1999-09-29,Group 1st,Matchday ?,Boavista FC,Feyenoord Rotterdam,1,1
1999-00,1999-09-29,Group 1st,Matchday ?,Rosenborg BK,Borussia Dortmund,2,2
1999-00,1999-09-29,Group 1st,Matchday ?,AIK Solna,ACF Fiorentina,0,0
1999-00,1999-09-29,Group 1st,Matchday ?,Leverkusen,Dinamo Kiev,1,1
1999-00,1999-09-29,Group 1st,Matchday ?,SS Lazio,NK Maribor,4,0
1999-00,1999-09-29,Group 1st,Matchday ?,Barcelona,Arsenal,1,1
1999-00,1999-10-19,Group 1st,Matchday ?,Sturm Graz,Dinamo Zagreb,1,0
1999-00,1999-10-19,Group 1st,Matchday ?,Borussia Dortmund,Rosenborg BK,0,3
1999-00,1999-10-19,Group 1st,Matchday ?,Feyenoord Rotterdam,Boavista FC,1,1
1999-00,1999-10-19,Group 1st,Matchday ?,Olympique Marseille,Manchester United,1,0
1999-00,1999-10-19,Group 1st,Matchday ?,Arsenal,Barcelona,2,4
1999-00,1999-10-19,Group 1st,Matchday ?,NK Maribor,SS Lazio,0,4
1999-00,1999-10-19,Group 1st,Matchday ?,Dinamo Kiev,Leverkusen,4,2
1999-00,1999-10-19,Group 1st,Matchday ?,ACF Fiorentina,AIK Solna,3,0
1999-00,1999-10-20,Group 1st,Matchday ?,Molde FK,Olympiacos,3,2
1999-00,1999-10-20,Group 1st,Matchday ?,Valencia CF,Bayern Munich,1,1
1999-00,1999-10-20,Group 1st,Matchday ?,FC Porto,Real Madrid,2,1
1999-00,1999-10-20,Group 1st,Matchday ?,Rangers FC,PSV Eindhoven,4,1
1999-00,1999-10-20,Group 1st,Matchday ?,Galatasaray İstanbul AŞ,Chelsea,0,5
1999-00,1999-10-20,Group 1st,Matchday ?,Hertha BSC,Milan,1,0
1999-00,1999-10-20,Group 1st,Matchday ?,Spartak Moskva,Girondins Bordeaux,1,2
1999-00,1999-10-20,Group 1st,Matchday ?,Willem II Tilburg,Sparta Praha,3,4
1999-00,1999-10-26,Group 1st,Matchday ?,FC Porto,Molde FK,3,1
1999-00,1999-10-26,Group 1st,Matchday ?,PSV Eindhoven,Bayern Munich,2,1
1999-00,1999-10-26,Group 1st,Matchday ?,Real Madrid,Olympiacos,3,0
1999-00,1999-10-26,Group 1st,Matchday ?,Rangers FC,Valencia CF,1,2
1999-00,1999-10-26,Group 1st,Matchday ?,Milan,Chelsea,1,1
1999-00,1999-10-26,Group 1st,Matchday ?,Hertha BSC,Galatasaray İstanbul AŞ,1,4
1999-00,1999-10-26,Group 1st,Matchday ?,Girondins Bordeaux,Sparta Praha,0,0
1999-00,1999-10-26,Group 1st,Matchday ?,Spartak Moskva,Willem II Tilburg,1,1
1999-00,1999-10-27,Group 1st,Matchday ?,Sturm Graz,Olympique Marseille,3,2
1999-00,1999-10-27,Group 1st,Matchday ?,Dinamo Zagreb,Manchester United,1,2
1999-00,1999-10-27,Group 1st,Matchday ?,Rosenborg BK,Boavista FC,2,0
1999-00,1999-10-27,Group 1st,Matchday ?,Borussia Dortmund,Feyenoord Rotterdam,1,1
1999-00,1999-10-27,Group 1st,Matchday ?,Barcelona,AIK Solna,5,0
1999-00,1999-10-27,Group 1st,Matchday ?,SS Lazio,Leverkusen,1,1
1999-00,1999-10-27,Group 1st,Matchday ?,NK Maribor,Dinamo Kiev,1,2
1999-00,1999-10-27,Group 1st,Matchday ?,Arsenal,ACF Fiorentina,0,1
1999-00,1999-11-02,Group 1st,Matchday ?,Dinamo Kiev,SS Lazio,0,1
1999-00,1999-11-02,Group 1st,Matchday ?,ACF Fiorentina,Barcelona,3,3
1999-00,1999-11-02,Group 1st,Matchday ?,Leverkusen,NK Maribor,0,0
1999-00,1999-11-02,Group 1st,Matchday ?,AIK Solna,Arsenal,2,3
1999-00,1999-11-02,Group 1st,Matchday ?,Manchester United,Sturm Graz,2,1
1999-00,1999-11-02,Group 1st,Matchday ?,Feyenoord Rotterdam,Rosenborg BK,1,0
1999-00,1999-11-02,Group 1st,Matchday ?,Boavista FC,Borussia Dortmund,1,0
1999-00,1999-11-02,Group 1st,Matchday ?,Olympique Marseille,Dinamo Zagreb,2,2
1999-00,1999-11-03,Group 1st,Matchday ?,Bayern Munich,Rangers FC,1,0
1999-00,1999-11-03,Group 1st,Matchday ?,Olympiacos,FC Porto,1,0
1999-00,1999-11-03,Group 1st,Matchday ?,Molde FK,Real Madrid,0,1
1999-00,1999-11-03,Group 1st,Matchday ?,Valencia CF,PSV Eindhoven,1,0
1999-00,1999-11-03,Group 1st,Matchday ?,Sparta Praha,Spartak Moskva,5,2
1999-00,1999-11-03,Group 1st,Matchday ?,Chelsea,Hertha BSC,2,0
1999-00,1999-11-03,Group 1st,Matchday ?,Willem II Tilburg,Girondins Bordeaux,0,0
1999-00,1999-11-03,Group 1st,Matchday ?,Galatasaray İstanbul AŞ,Milan,3,2
1999-00,1999-11-23,Group 2nd,Matchday ?,Valencia CF,Girondins Bordeaux,3,0
1999-00,1999-11-23,Group 2nd,Matchday ?,Sparta Praha,FC Porto,0,2
1999-00,1999-11-23,Group 2nd,Matchday ?,Hertha BSC,Barcelona,1,1
1999-00,1999-11-23,Group 2nd,Matchday ?,ACF Fiorentina,Manchester United,2,0
1999-00,1999-11-24,Group 2nd,Matchday ?,Rosenborg BK,Bayern Munich,1,1
1999-00,1999-11-24,Group 2nd,Matchday ?,Dinamo Kiev,Real Madrid,1,2
1999-00,1999-11-24,Group 2nd,Matchday ?,Chelsea,Feyenoord Rotterdam,3,1
1999-00,1999-11-24,Group 2nd,Matchday ?,Olympique Marseille,SS Lazio,0,2
1999-00,1999-12-07,Group 2nd,Matchday ?,Feyenoord Rotterdam,Olympique Marseille,3,0
1999-00,1999-12-07,Group 2nd,Matchday ?,SS Lazio,Chelsea,0,0
1999-00,1999-12-07,Group 2nd,Matchday ?,Real Madrid,Rosenborg BK,3,1
1999-00,1999-12-07,Group 2nd,Matchday ?,Bayern Munich,Dinamo Kiev,2,1
1999-00,1999-12-08,Group 2nd,Matchday ?,FC Porto,Hertha BSC,1,0
1999-00,1999-12-08,Group 2nd,Matchday ?,Barcelona,Sparta Praha,5,0
1999-00,1999-12-08,Group 2nd,Matchday ?,Girondins Bordeaux,ACF Fiorentina,0,0
1999-00,1999-12-08,Group 2nd,Matchday ?,Manchester United,Valencia CF,3,0
1999-00,2000-02-29,Group 2nd,Matchday ?,SS Lazio,Feyenoord Rotterdam,1,2
1999-00,2000-02-29,Group 2nd,Matchday ?,Dinamo Kiev,Rosenborg BK,2,1
1999-00,2000-02-29,Group 2nd,Matchday ?,Real Madrid,Bayern Munich,2,4
1999-00,2000-02-29,Group 2nd,Matchday ?,Olympique Marseille,Chelsea,1,0
1999-00,2000-03-01,Group 2nd,Matchday ?,Manchester United,Girondins Bordeaux,2,0
1999-00,2000-03-01,Group 2nd,Matchday ?,ACF Fiorentina,Valencia CF,1,0
1999-00,2000-03-01,Group 2nd,Matchday ?,Hertha BSC,Sparta Praha,1,1
1999-00,2000-03-01,Group 2nd,Matchday ?,Barcelona,FC Porto,4,2
1999-00,2000-03-07,Group 2nd,Matchday ?,Girondins Bordeaux,Manchester United,1,2
1999-00,2000-03-07,Group 2nd,Matchday ?,Valencia CF,ACF Fiorentina,2,0
1999-00,2000-03-07,Group 2nd,Matchday ?,Sparta Praha,Hertha BSC,1,0
1999-00,2000-03-07,Group 2nd,Matchday ?,FC Porto,Barcelona,0,2
1999-00,2000-03-08,Group 2nd,Matchday ?,Chelsea,Olympique Marseille,1,0
1999-00,2000-03-08,Group 2nd,Matchday ?,Feyenoord Rotterdam,SS Lazio,0,0
1999-00,2000-03-08,Group 2nd,Matchday ?,Bayern Munich,Real Madrid,4,1
1999-00,2000-03-08,Group 2nd,Matchday ?,Rosenborg BK,Dinamo Kiev,1,2
1999-00,2000-03-14,Group 2nd,Matchday ?,Bayern Munich,Rosenborg BK,2,1
1999-00,2000-03-14,Group 2nd,Matchday ?,Real Madrid,Dinamo Kiev,2,2
1999-00,2000-03-14,Group 2nd,Matchday ?,Feyenoord Rotterdam,Chelsea,1,3
1999-00,2000-03-14,Group 2nd,Matchday ?,SS Lazio,Olympique Marseille,5,1
1999-00,2000-03-15,Group 2nd,Matchday ?,Girondins Bordeaux,Valencia CF,1,4
1999-00,2000-03-15,Group 2nd,Matchday ?,Manchester United,ACF Fiorentina,3,1
1999-00,2000-03-15,Group 2nd,Matchday ?,FC Porto,Sparta Praha,2,2
1999-00,2000-03-15,Group 2nd,Matchday ?,Barcelona,Hertha BSC,3,1
1999-00,2000-03-21,Group 2nd,Matchday ?,Sparta Praha,Barcelona,1,2
1999-00,2000-03-21,Group 2nd,Matchday ?,Hertha BSC,FC Porto,0,1
1999-00,2000-03-21,Group 2nd,Matchday ?,Valencia CF,Manchester United,0,0
1999-00,2000-03-21,Group 2nd,Matchday ?,ACF Fiorentina,Girondins Bordeaux,3,3
1999-00,2000-03-22,Group 2nd,Matchday ?,Chelsea,SS Lazio,1,2
1999-00,2000-03-22,Group 2nd,Matchday ?,Dinamo Kiev,Bayern Munich,2,0
1999-00,2000-03-22,Group 2nd,Matchday ?,Rosenborg BK,Real Madrid,0,1
1999-00,2000-03-22,Group 2nd,Matchday ?,Olympique Marseille,Feyenoord Rotterdam,0,0
1999-00,2000-04-04,Knockout,Quarterfinals | Leg 1,FC Porto,Bayern Munich,1,1
1999-00,2000-04-04,Knockout,Quarterfinals | Leg 1,Real Madrid,Manchester United,0,0
1999-00,2000-04-05,Knockout,Quarterfinals | Leg 1,Chelsea,Barcelona,3,1
1999-00,2000-04-05,Knockout,Quarterfinals | Leg 1,Valencia CF,SS Lazio,5,2
1999-00,2000-04-18,Knockout,Quarterfinals | Leg 2,SS Lazio,Valencia CF,1,0
1999-00,2000-04-18,Knockout,Quarterfinals | Leg 2,Barcelona,Chelsea,3,1
1999-00,2000-04-19,Knockout,Quarterfinals | Leg 2,Bayern Munich,FC Porto,2,1
1999-00,2000-04-19,Knockout,Quarterfinals | Leg 2,Manchester United,Real Madrid,2,3
1999-00,2000-05-02,Knockout,Semifinals | Leg 1,Real Madrid,Bayern Munich,2,0
1999-00,2000-05-02,Knockout,Semifinals | Leg 1,Valencia CF,Barcelona,4,1
1999-00,2000-05-10,Knockout,Semifinals | Leg 2,Bayern Munich,Real Madrid,2,1
1999-00,2000-05-10,Knockout,Semifinals | Leg 2,Barcelona,Valencia CF,2,1
1999-00,2000-05-24,Knockout,Final,Real Madrid,Valencia CF,3,0
2000-01,2000-07-12,Qualifying,Qual. Round 1 | Leg 1,Haka Valkeakoski,Linfield,1,0
2000-01,2000-07-12,Qualifying,Qual. Round 1 | Leg 1,Shirak,BATE Borisov,1,1
2000-01,2000-07-12,Qualifying,Qual. Round 1 | Leg 1,Birkirkara,KR Reykjavik,1,2
2000-01,2000-07-12,Qualifying,Qual. Round 1 | Leg 1,KI Klaksvik,Crvena Zvezda,0,3
2000-01,2000-07-12,Qualifying,Qual. Round 1 | Leg 1,Zalgiris Vilnius,NK Brotnjo,4,0
2000-01,2000-07-12,Qualifying,Qual. Round 1 | Leg 1,KF Tirana,Zimbru Chisinau,2,3
2000-01,2000-07-12,Qualifying,Qual. Round 1 | Leg 1,The New Saints,Levadia,2,2
2000-01,2000-07-12,Qualifying,Qual. Round 1 | Leg 1,Skonto,Shamkir,2,1
2000-01,2000-07-12,Qualifying,Qual. Round 1 | Leg 1,Sloga Jugomagnat Skopje,Shelbourne,0,1
2000-01,2000-07-12,Qualifying,Qual. Round 1 | Leg 1,F91 Dudelange,Levski Sofia,0,4
2000-01,2000-07-19,Qualifying,Qual. Round 1 | Leg 2,Shelbourne,Sloga Jugomagnat Skopje,1,1
2000-01,2000-07-19,Qualifying,Qual. Round 1 | Leg 2,Zimbru Chisinau,KF Tirana,3,2
2000-01,2000-07-19,Qualifying,Qual. Round 1 | Leg 2,Shamkir,Skonto,2,1
2000-01,2000-07-19,Qualifying,Qual. Round 1 | Leg 2,Levadia,The New Saints,4,0
2000-01,2000-07-19,Qualifying,Qual. Round 1 | Leg 2,NK Brotnjo,Zalgiris Vilnius,3,0
2000-01,2000-07-19,Qualifying,Qual. Round 1 | Leg 2,KR Reykjavik,Birkirkara,4,1
2000-01,2000-07-19,Qualifying,Qual. Round 1 | Leg 2,Linfield,Haka Valkeakoski,2,1
2000-01,2000-07-19,Qualifying,Qual. Round 1 | Leg 2,Levski Sofia,F91 Dudelange,2,0
2000-01,2000-07-19,Qualifying,Qual. Round 1 | Leg 2,Crvena Zvezda,KI Klaksvik,2,0
2000-01,2000-07-19,Qualifying,Qual. Round 1 | Leg 2,BATE Borisov,Shirak,2,1
2000-01,2000-07-26,Qualifying,Qual. Round 2 | Leg 1,Rangers FC,Zalgiris Vilnius,4,1
2000-01,2000-07-26,Qualifying,Qual. Round 2 | Leg 1,Shakhtar Donetsk,Levadia,4,1
2000-01,2000-07-26,Qualifying,Qual. Round 2 | Leg 1,Haka Valkeakoski,FK Inter Bratislava,0,0
2000-01,2000-07-26,Qualifying,Qual. Round 2 | Leg 1,Zimbru Chisinau,NK Maribor,2,0
2000-01,2000-07-26,Qualifying,Qual. Round 2 | Leg 1,Slavia Praha,Shamkir,1,0
2000-01,2000-07-26,Qualifying,Qual. Round 2 | Leg 1,Hajduk Split,Dunaujvaros,0,2
2000-01,2000-07-26,Qualifying,Qual. Round 2 | Leg 1,Shelbourne,Rosenborg BK,1,3
2000-01,2000-07-26,Qualifying,Qual. Round 2 | Leg 1,Crvena Zvezda,Torpedo Kutaisi,4,0
2000-01,2000-07-26,Qualifying,Qual. Round 2 | Leg 1,Dinamo Bucuresti,Polonia Warszawa,3,4
2000-01,2000-07-26,Qualifying,Qual. Round 2 | Leg 1,RSC Anderlecht,Anorthosis Famagusta,4,2
2000-01,2000-07-26,Qualifying,Qual. Round 2 | Leg 1,Beşiktaş İstanbul JK,Levski Sofia,1,0
2000-01,2000-07-26,Qualifying,Qual. Round 2 | Leg 1,Helsingborgs IF,BATE Borisov,0,0
2000-01,2000-07-26,Qualifying,Qual. Round 2 | Leg 1,Sturm Graz,Hapoel Tel Aviv,3,0
2000-01,2000-07-26,Qualifying,Qual. Round 2 | Leg 1,Brondby IF,KR Reykjavik,3,1
2000-01,2000-08-02,Qualifying,Qual. Round 2 | Leg 2,Zalgiris Vilnius,Rangers FC,0,0
2000-01,2000-08-02,Qualifying,Qual. Round 2 | Leg 2,Levadia,Shakhtar Donetsk,1,5
2000-01,2000-08-02,Qualifying,Qual. Round 2 | Leg 2,Hapoel Tel Aviv,Sturm Graz,1,2
2000-01,2000-08-02,Qualifying,Qual. Round 2 | Leg 2,Rosenborg BK,Shelbourne,1,1
2000-01,2000-08-02,Qualifying,Qual. Round 2 | Leg 2,NK Maribor,Zimbru Chisinau,1,0
2000-01,2000-08-02,Qualifying,Qual. Round 2 | Leg 2,Shamkir,Slavia Praha,1,4
2000-01,2000-08-02,Qualifying,Qual. Round 2 | Leg 2,FK Inter Bratislava,Haka Valkeakoski,0,0
2000-01,2000-08-02,Qualifying,Qual. Round 2 | Leg 2,Torpedo Kutaisi,Crvena Zvezda,2,0
2000-01,2000-08-02,Qualifying,Qual. Round 2 | Leg 2,KR Reykjavik,Brondby IF,0,1
2000-01,2000-08-02,Qualifying,Qual. Round 2 | Leg 2,Levski Sofia,Beşiktaş İstanbul JK,1,1
2000-01,2000-08-02,Qualifying,Qual. Round 2 | Leg 2,BATE Borisov,Helsingborgs IF,0,3
2000-01,2000-08-02,Qualifying,Qual. Round 2 | Leg 2,Anorthosis Famagusta,RSC Anderlecht,0,0
2000-01,2000-08-02,Qualifying,Qual. Round 2 | Leg 2,Dunaujvaros,Hajduk Split,2,2
2000-01,2000-08-02,Qualifying,Qual. Round 2 | Leg 2,Polonia Warszawa,Dinamo Bucuresti,3,1
2000-01,2000-08-08,Qualifying,Qual. Round 3 | Leg 1,Brondby IF,Hamburger SV,0,2
2000-01,2000-08-08,Qualifying,Qual. Round 3 | Leg 1,Beşiktaş İstanbul JK,Lokomotiv Moskva,3,0
2000-01,2000-08-08,Qualifying,Qual. Round 3 | Leg 1,FK Inter Bratislava,Olympique Lyon,1,2
2000-01,2000-08-08,Qualifying,Qual. Round 3 | Leg 1,Zimbru Chisinau,Sparta Praha,0,1
2000-01,2000-08-08,Qualifying,Qual. Round 3 | Leg 1,SSW Innsbruck,Valencia CF,0,0
2000-01,2000-08-09,Qualifying,Qual. Round 3 | Leg 1,HB Koge,Rangers FC,0,3
2000-01,2000-08-09,Qualifying,Qual. Round 3 | Leg 1,Shakhtar Donetsk,Slavia Praha,0,1
2000-01,2000-08-09,Qualifying,Qual. Round 3 | Leg 1,Dunaujvaros,Rosenborg BK,2,2
2000-01,2000-08-09,Qualifying,Qual. Round 3 | Leg 1,RSC Anderlecht,FC Porto,1,0
2000-01,2000-08-09,Qualifying,Qual. Round 3 | Leg 1,St. Gallen,Galatasaray İstanbul AŞ,1,2
2000-01,2000-08-09,Qualifying,Qual. Round 3 | Leg 1,Dinamo Kiev,Crvena Zvezda,0,0
2000-01,2000-08-09,Qualifying,Qual. Round 3 | Leg 1,Helsingborgs IF,Internazionale,1,0
2000-01,2000-08-09,Qualifying,Qual. Round 3 | Leg 1,Leeds United FC,TSV 1860 Munchen,2,1
2000-01,2000-08-09,Qualifying,Qual. Round 3 | Leg 1,Polonia Warszawa,Panathinaikos FC,2,2
2000-01,2000-08-09,Qualifying,Qual. Round 3 | Leg 1,Milan,Dinamo Zagreb,3,1
2000-01,2000-08-09,Qualifying,Qual. Round 3 | Leg 1,Sturm Graz,Feyenoord Rotterdam,2,1
2000-01,2000-08-22,Qualifying,Qual. Round 3 | Leg 2,Valencia CF,SSW Innsbruck,4,1
2000-01,2000-08-22,Qualifying,Qual. Round 3 | Leg 2,Sparta Praha,Zimbru Chisinau,1,0
2000-01,2000-08-22,Qualifying,Qual. Round 3 | Leg 2,Olympique Lyon,FK Inter Bratislava,2,1
2000-01,2000-08-23,Qualifying,Qual. Round 3 | Leg 2,Rangers FC,HB Koge,3,0
2000-01,2000-08-23,Qualifying,Qual. Round 3 | Leg 2,Slavia Praha,Shakhtar Donetsk,0,1
2000-01,2000-08-23,Qualifying,Qual. Round 3 | Leg 2,Panathinaikos FC,Polonia Warszawa,2,1
2000-01,2000-08-23,Qualifying,Qual. Round 3 | Leg 2,TSV 1860 Munchen,Leeds United FC,0,1
2000-01,2000-08-23,Qualifying,Qual. Round 3 | Leg 2,Internazionale,Helsingborgs IF,0,0
2000-01,2000-08-23,Qualifying,Qual. Round 3 | Leg 2,Feyenoord Rotterdam,Sturm Graz,1,1
2000-01,2000-08-23,Qualifying,Qual. Round 3 | Leg 2,FC Porto,RSC Anderlecht,0,0
2000-01,2000-08-23,Qualifying,Qual. Round 3 | Leg 2,Rosenborg BK,Dunaujvaros,2,1
2000-01,2000-08-23,Qualifying,Qual. Round 3 | Leg 2,Crvena Zvezda,Dinamo Kiev,1,1
2000-01,2000-08-23,Qualifying,Qual. Round 3 | Leg 2,Lokomotiv Moskva,Beşiktaş İstanbul JK,1,3
2000-01,2000-08-23,Qualifying,Qual. Round 3 | Leg 2,Dinamo Zagreb,Milan,0,3
2000-01,2000-08-23,Qualifying,Qual. Round 3 | Leg 2,Hamburger SV,Brondby IF,0,0
2000-01,2000-08-23,Qualifying,Qual. Round 3 | Leg 2,Galatasaray İstanbul AŞ,St. Gallen,2,2
2000-01,2000-09-12,Group 1st,Matchday ?,Valencia CF,Olympiacos,2,1
2000-01,2000-09-12,Group 1st,Matchday ?,Shakhtar Donetsk,SS Lazio,0,3
2000-01,2000-09-12,Group 1st,Matchday ?,Rangers FC,Sturm Graz,5,0
2000-01,2000-09-12,Group 1st,Matchday ?,Olympique Lyon,sc Heerenveen,3,1
2000-01,2000-09-12,Group 1st,Matchday ?,Galatasaray İstanbul AŞ,Monaco,3,2
2000-01,2000-09-12,Group 1st,Matchday ?,Sporting CP,Real Madrid,2,2
2000-01,2000-09-12,Group 1st,Matchday ?,Sparta Praha,Arsenal,0,1
2000-01,2000-09-12,Group 1st,Matchday ?,Spartak Moskva,Leverkusen,2,0
2000-01,2000-09-13,Group 1st,Matchday ?,Manchester United,RSC Anderlecht,5,1
2000-01,2000-09-13,Group 1st,Matchday ?,Barcelona,Leeds United FC,4,0
2000-01,2000-09-13,Group 1st,Matchday ?,Milan,Beşiktaş İstanbul JK,4,1
2000-01,2000-09-13,Group 1st,Matchday ?,PSV Eindhoven,Dinamo Kiev,2,1
2000-01,2000-09-13,Group 1st,Matchday ?,Helsingborgs IF,Bayern Munich,1,3
2000-01,2000-09-13,Group 1st,Matchday ?,Panathinaikos FC,Deportivo La Coruna,1,1
2000-01,2000-09-13,Group 1st,Matchday ?,Rosenborg BK,Paris Saint-Germain,3,1
2000-01,2000-09-13,Group 1st,Matchday ?,Hamburger SV,Juventus,4,4
2000-01,2000-09-19,Group 1st,Matchday ?,Juventus,Panathinaikos FC,2,1
2000-01,2000-09-19,Group 1st,Matchday ?,Paris Saint-Germain,Helsingborgs IF,4,1
2000-01,2000-09-19,Group 1st,Matchday ?,Deportivo La Coruna,Hamburger SV,2,1
2000-01,2000-09-19,Group 1st,Matchday ?,Bayern Munich,Rosenborg BK,3,1
2000-01,2000-09-19,Group 1st,Matchday ?,RSC Anderlecht,PSV Eindhoven,1,0
2000-01,2000-09-19,Group 1st,Matchday ?,Dinamo Kiev,Manchester United,0,0
2000-01,2000-09-19,Group 1st,Matchday ?,Leeds United FC,Milan,1,0
2000-01,2000-09-19,Group 1st,Matchday ?,Beşiktaş İstanbul JK,Barcelona,3,0
2000-01,2000-09-20,Group 1st,Matchday ?,Real Madrid,Spartak Moskva,1,0
2000-01,2000-09-20,Group 1st,Matchday ?,Arsenal,Shakhtar Donetsk,3,2
2000-01,2000-09-20,Group 1st,Matchday ?,Leverkusen,Sporting CP,3,2
2000-01,2000-09-20,Group 1st,Matchday ?,SS Lazio,Sparta Praha,3,0
2000-01,2000-09-20,Group 1st,Matchday ?,Olympiacos,Olympique Lyon,2,1
2000-01,2000-09-20,Group 1st,Matchday ?,Sturm Graz,Galatasaray İstanbul AŞ,3,0
2000-01,2000-09-20,Group 1st,Matchday ?,Monaco,Rangers FC,0,1
2000-01,2000-09-20,Group 1st,Matchday ?,sc Heerenveen,Valencia CF,0,1
2000-01,2000-09-26,Group 1st,Matchday ?,Barcelona,Milan,0,2
2000-01,2000-09-26,Group 1st,Matchday ?,Leeds United FC,Beşiktaş İstanbul JK,6,0
2000-01,2000-09-26,Group 1st,Matchday ?,PSV Eindhoven,Manchester United,3,1
2000-01,2000-09-26,Group 1st,Matchday ?,Dinamo Kiev,RSC Anderlecht,4,0
2000-01,2000-09-26,Group 1st,Matchday ?,Rosenborg BK,Helsingborgs IF,6,1
2000-01,2000-09-26,Group 1st,Matchday ?,Paris Saint-Germain,Bayern Munich,1,0
2000-01,2000-09-26,Group 1st,Matchday ?,Hamburger SV,Panathinaikos FC,0,1
2000-01,2000-09-26,Group 1st,Matchday ?,Juventus,Deportivo La Coruna,0,0
2000-01,2000-09-27,Group 1st,Matchday ?,Leverkusen,Real Madrid,2,3
2000-01,2000-09-27,Group 1st,Matchday ?,Sparta Praha,Shakhtar Donetsk,3,2
2000-01,2000-09-27,Group 1st,Matchday ?,Spartak Moskva,Sporting CP,3,1
2000-01,2000-09-27,Group 1st,Matchday ?,Arsenal,SS Lazio,2,0
2000-01,2000-09-27,Group 1st,Matchday ?,Olympiacos,sc Heerenveen,2,0
2000-01,2000-09-27,Group 1st,Matchday ?,Valencia CF,Olympique Lyon,1,0
2000-01,2000-09-27,Group 1st,Matchday ?,Monaco,Sturm Graz,5,0
2000-01,2000-09-27,Group 1st,Matchday ?,Galatasaray İstanbul AŞ,Rangers FC,3,2
2000-01,2000-10-17,Group 1st,Matchday ?,Sturm Graz,Monaco,2,0
2000-01,2000-10-17,Group 1st,Matchday ?,Olympique Lyon,Valencia CF,1,2
2000-01,2000-10-17,Group 1st,Matchday ?,sc Heerenveen,Olympiacos,1,0
2000-01,2000-10-17,Group 1st,Matchday ?,Rangers FC,Galatasaray İstanbul AŞ,0,0
2000-01,2000-10-17,Group 1st,Matchday ?,Shakhtar Donetsk,Sparta Praha,2,1
2000-01,2000-10-17,Group 1st,Matchday ?,Real Madrid,Leverkusen,5,3
2000-01,2000-10-17,Group 1st,Matchday ?,Sporting CP,Spartak Moskva,0,3
2000-01,2000-10-17,Group 1st,Matchday ?,SS Lazio,Arsenal,1,1
2000-01,2000-10-18,Group 1st,Matchday ?,Helsingborgs IF,Rosenborg BK,2,0
2000-01,2000-10-18,Group 1st,Matchday ?,Deportivo La Coruna,Juventus,1,1
2000-01,2000-10-18,Group 1st,Matchday ?,Panathinaikos FC,Hamburger SV,0,0
2000-01,2000-10-18,Group 1st,Matchday ?,Bayern Munich,Paris Saint-Germain,2,0
2000-01,2000-10-18,Group 1st,Matchday ?,Manchester United,PSV Eindhoven,3,1
2000-01,2000-10-18,Group 1st,Matchday ?,Beşiktaş İstanbul JK,Leeds United FC,0,0
2000-01,2000-10-18,Group 1st,Matchday ?,Milan,Barcelona,3,3
2000-01,2000-10-18,Group 1st,Matchday ?,RSC Anderlecht,Dinamo Kiev,4,2
2000-01,2000-10-24,Group 1st,Matchday ?,Beşiktaş İstanbul JK,Milan,0,2
2000-01,2000-10-24,Group 1st,Matchday ?,RSC Anderlecht,Manchester United,2,1
2000-01,2000-10-24,Group 1st,Matchday ?,Dinamo Kiev,PSV Eindhoven,0,1
2000-01,2000-10-24,Group 1st,Matchday ?,Leeds United FC,Barcelona,1,1
2000-01,2000-10-24,Group 1st,Matchday ?,Bayern Munich,Helsingborgs IF,0,0
2000-01,2000-10-24,Group 1st,Matchday ?,Deportivo La Coruna,Panathinaikos FC,1,0
2000-01,2000-10-24,Group 1st,Matchday ?,Juventus,Hamburger SV,1,3
2000-01,2000-10-24,Group 1st,Matchday ?,Paris Saint-Germain,Rosenborg BK,7,2
2000-01,2000-10-25,Group 1st,Matchday ?,sc Heerenveen,Olympique Lyon,0,2
2000-01,2000-10-25,Group 1st,Matchday ?,Monaco,Galatasaray İstanbul AŞ,4,2
2000-01,2000-10-25,Group 1st,Matchday ?,Sturm Graz,Rangers FC,2,0
2000-01,2000-10-25,Group 1st,Matchday ?,Olympiacos,Valencia CF,1,0
2000-01,2000-10-25,Group 1st,Matchday ?,Real Madrid,Sporting CP,4,0
2000-01,2000-10-25,Group 1st,Matchday ?,Arsenal,Sparta Praha,4,2
2000-01,2000-10-25,Group 1st,Matchday ?,Leverkusen,Spartak Moskva,1,0
2000-01,2000-10-25,Group 1st,Matchday ?,SS Lazio,Shakhtar Donetsk,5,1
2000-01,2000-11-07,Group 1st,Matchday ?,Spartak Moskva,Real Madrid,1,0
2000-01,2000-11-07,Group 1st,Matchday ?,Sporting CP,Leverkusen,0,0
2000-01,2000-11-07,Group 1st,Matchday ?,Shakhtar Donetsk,Arsenal,3,0
2000-01,2000-11-07,Group 1st,Matchday ?,Sparta Praha,SS Lazio,0,1
2000-01,2000-11-07,Group 1st,Matchday ?,Valencia CF,sc Heerenveen,1,1
2000-01,2000-11-07,Group 1st,Matchday ?,Olympique Lyon,Olympiacos,1,0
2000-01,2000-11-07,Group 1st,Matchday ?,Rangers FC,Monaco,2,2
2000-01,2000-11-07,Group 1st,Matchday ?,Galatasaray İstanbul AŞ,Sturm Graz,2,2
2000-01,2000-11-08,Group 1st,Matchday ?,Hamburger SV,Deportivo La Coruna,1,1
2000-01,2000-11-08,Group 1st,Matchday ?,Barcelona,Beşiktaş İstanbul JK,5,0
2000-01,2000-11-08,Group 1st,Matchday ?,PSV Eindhoven,RSC Anderlecht,2,3
2000-01,2000-11-08,Group 1st,Matchday ?,Milan,Leeds United FC,1,1
2000-01,2000-11-08,Group 1st,Matchday ?,Manchester United,Dinamo Kiev,1,0
2000-01,2000-11-08,Group 1st,Matchday ?,Helsingborgs IF,Paris Saint-Germain,1,1
2000-01,2000-11-08,Group 1st,Matchday ?,Panathinaikos FC,Juventus,3,1
2000-01,2000-11-08,Group 1st,Matchday ?,Rosenborg BK,Bayern Munich,1,1
2000-01,2000-11-21,Group 2nd,Matchday ?,Valencia CF,Sturm Graz,2,0
2000-01,2000-11-21,Group 2nd,Matchday ?,Manchester United,Panathinaikos FC,3,1
2000-01,2000-11-21,Group 2nd,Matchday ?,Paris Saint-Germain,Deportivo La Coruna,1,3
2000-01,2000-11-21,Group 2nd,Matchday ?,Milan,Galatasaray İstanbul AŞ,2,2
2000-01,2000-11-22,Group 2nd,Matchday ?,Spartak Moskva,Arsenal,4,1
2000-01,2000-11-22,Group 2nd,Matchday ?,Bayern Munich,Olympique Lyon,1,0
2000-01,2000-11-22,Group 2nd,Matchday ?,RSC Anderlecht,SS Lazio,1,0
2000-01,2000-11-22,Group 2nd,Matchday ?,Leeds United FC,Real Madrid,0,2
2000-01,2000-12-05,Group 2nd,Matchday ?,Real Madrid,RSC Anderlecht,4,1
2000-01,2000-12-05,Group 2nd,Matchday ?,SS Lazio,Leeds United FC,0,1
2000-01,2000-12-05,Group 2nd,Matchday ?,Arsenal,Bayern Munich,2,2
2000-01,2000-12-05,Group 2nd,Matchday ?,Olympique Lyon,Spartak Moskva,3,0
2000-01,2000-12-06,Group 2nd,Matchday ?,Galatasaray İstanbul AŞ,Paris Saint-Germain,1,0
2000-01,2000-12-06,Group 2nd,Matchday ?,Panathinaikos FC,Valencia CF,0,0
2000-01,2000-12-06,Group 2nd,Matchday ?,Deportivo La Coruna,Milan,0,1
2000-01,2000-12-06,Group 2nd,Matchday ?,Sturm Graz,Manchester United,0,2
2000-01,2001-02-13,Group 2nd,Matchday ?,Olympique Lyon,Arsenal,0,1
2000-01,2001-02-13,Group 2nd,Matchday ?,Bayern Munich,Spartak Moskva,1,0
2000-01,2001-02-13,Group 2nd,Matchday ?,Leeds United FC,RSC Anderlecht,2,1
2000-01,2001-02-13,Group 2nd,Matchday ?,Real Madrid,SS Lazio,3,2
2000-01,2001-02-14,Group 2nd,Matchday ?,Valencia CF,Manchester United,0,0
2000-01,2001-02-14,Group 2nd,Matchday ?,Sturm Graz,Panathinaikos FC,2,0
2000-01,2001-02-14,Group 2nd,Matchday ?,Milan,Paris Saint-Germain,1,1
2000-01,2001-02-14,Group 2nd,Matchday ?,Galatasaray İstanbul AŞ,Deportivo La Coruna,1,0
2000-01,2001-02-20,Group 2nd,Matchday ?,Deportivo La Coruna,Galatasaray İstanbul AŞ,2,0
2000-01,2001-02-20,Group 2nd,Matchday ?,Manchester United,Valencia CF,1,1
2000-01,2001-02-20,Group 2nd,Matchday ?,Paris Saint-Germain,Milan,1,1
2000-01,2001-02-20,Group 2nd,Matchday ?,Panathinaikos FC,Sturm Graz,1,2
2000-01,2001-02-21,Group 2nd,Matchday ?,Arsenal,Olympique Lyon,1,1
2000-01,2001-02-21,Group 2nd,Matchday ?,Spartak Moskva,Bayern Munich,0,3
2000-01,2001-02-21,Group 2nd,Matchday ?,SS Lazio,Real Madrid,2,2
2000-01,2001-02-21,Group 2nd,Matchday ?,RSC Anderlecht,Leeds United FC,1,4
2000-01,2001-03-06,Group 2nd,Matchday ?,Olympique Lyon,Bayern Munich,3,0
2000-01,2001-03-06,Group 2nd,Matchday ?,Arsenal,Spartak Moskva,1,0
2000-01,2001-03-06,Group 2nd,Matchday ?,SS Lazio,RSC Anderlecht,2,1
2000-01,2001-03-06,Group 2nd,Matchday ?,Real Madrid,Leeds United FC,3,2
2000-01,2001-03-07,Group 2nd,Matchday ?,Deportivo La Coruna,Paris Saint-Germain,4,3
2000-01,2001-03-07,Group 2nd,Matchday ?,Sturm Graz,Valencia CF,0,5
2000-01,2001-03-07,Group 2nd,Matchday ?,Panathinaikos FC,Manchester United,1,1
2000-01,2001-03-07,Group 2nd,Matchday ?,Galatasaray İstanbul AŞ,Milan,2,0
2000-01,2001-03-13,Group 2nd,Matchday ?,Milan,Deportivo La Coruna,1,1
2000-01,2001-03-13,Group 2nd,Matchday ?,Paris Saint-Germain,Galatasaray İstanbul AŞ,2,0
2000-01,2001-03-13,Group 2nd,Matchday ?,Valencia CF,Panathinaikos FC,2,1
2000-01,2001-03-13,Group 2nd,Matchday ?,Manchester United,Sturm Graz,3,0
2000-01,2001-03-14,Group 2nd,Matchday ?,Bayern Munich,Arsenal,1,0
2000-01,2001-03-14,Group 2nd,Matchday ?,Spartak Moskva,Olympique Lyon,1,1
2000-01,2001-03-14,Group 2nd,Matchday ?,RSC Anderlecht,Real Madrid,2,0
2000-01,2001-03-14,Group 2nd,Matchday ?,Leeds United FC,SS Lazio,3,3
2000-01,2001-04-03,Knockout,Quarterfinals | Leg 1,Manchester United,Bayern Munich,0,1
2000-01,2001-04-03,Knockout,Quarterfinals | Leg 1,Galatasaray İstanbul AŞ,Real Madrid,3,2
2000-01,2001-04-04,Knockout,Quarterfinals | Leg 1,Arsenal,Valencia CF,2,1
2000-01,2001-04-04,Knockout,Quarterfinals | Leg 1,Leeds United FC,Deportivo La Coruna,3,0
2000-01,2001-04-17,Knockout,Quarterfinals | Leg 2,Deportivo La Coruna,Leeds United FC,2,0
2000-01,2001-04-17,Knockout,Quarterfinals | Leg 2,Valencia CF,Arsenal,1,0
2000-01,2001-04-18,Knockout,Quarterfinals | Leg 2,Bayern Munich,Manchester United,2,1
2000-01,2001-04-18,Knockout,Quarterfinals | Leg 2,Real Madrid,Galatasaray İstanbul AŞ,3,0
2000-01,2001-05-01,Knockout,Semifinals | Leg 1,Real Madrid,Bayern Munich,0,1
2000-01,2001-05-02,Knockout,Semifinals | Leg 1,Leeds United FC,Valencia CF,0,0
2000-01,2001-05-08,Knockout,Semifinals | Leg 2,Valencia CF,Leeds United FC,3,0
2000-01,2001-05-09,Knockout,Semifinals | Leg 2,Bayern Munich,Real Madrid,2,1
2000-01,2001-05-23,Knockout,Final,Bayern Munich,Valencia CF,1,1
2001-02,2001-07-11,Qualifying,Qual. Round 1 | Leg 1,Araks Ararat,Sheriff Tiraspol,0,1
2001-02,2001-07-11,Qualifying,Qual. Round 1 | Leg 1,Bohemians,Levadia,3,0
2001-02,2001-07-11,Qualifying,Qual. Round 1 | Leg 1,KR Reykjavik,FK Vllaznia,2,1
2001-02,2001-07-11,Qualifying,Qual. Round 1 | Leg 1,Barry Town,Shamkir,2,0
2001-02,2001-07-11,Qualifying,Qual. Round 1 | Leg 1,Sloga Jugomagnat Skopje,FBK Kaunas,0,0
2001-02,2001-07-11,Qualifying,Qual. Round 1 | Leg 1,F91 Dudelange,Skonto,1,6
2001-02,2001-07-11,Qualifying,Qual. Round 1 | Leg 1,Vagur,PFC Slavia Sofia,0,0
2001-02,2001-07-11,Qualifying,Qual. Round 1 | Leg 1,Linfield,Torpedo Kutaisi,0,0
2001-02,2001-07-11,Qualifying,Qual. Round 1 | Leg 1,Levski Sofia,Zeljeznicar Sarajevo,4,0
2001-02,2001-07-11,Qualifying,Qual. Round 1 | Leg 1,Valletta,Haka Valkeakoski,0,0
2001-02,2001-07-18,Qualifying,Qual. Round 1 | Leg 2,Skonto,F91 Dudelange,0,1
2001-02,2001-07-18,Qualifying,Qual. Round 1 | Leg 2,Haka Valkeakoski,Valletta,5,0
2001-02,2001-07-18,Qualifying,Qual. Round 1 | Leg 2,Torpedo Kutaisi,Linfield,1,0
2001-02,2001-07-18,Qualifying,Qual. Round 1 | Leg 2,Zeljeznicar Sarajevo,Levski Sofia,0,0
2001-02,2001-07-18,Qualifying,Qual. Round 1 | Leg 2,PFC Slavia Sofia,Vagur,5,0
2001-02,2001-07-18,Qualifying,Qual. Round 1 | Leg 2,FBK Kaunas,Sloga Jugomagnat Skopje,1,1
2001-02,2001-07-18,Qualifying,Qual. Round 1 | Leg 2,Shamkir,Barry Town,0,1
2001-02,2001-07-18,Qualifying,Qual. Round 1 | Leg 2,Sheriff Tiraspol,Araks Ararat,2,0
2001-02,2001-07-18,Qualifying,Qual. Round 1 | Leg 2,FK Vllaznia,KR Reykjavik,1,0
2001-02,2001-07-18,Qualifying,Qual. Round 1 | Leg 2,Levadia,Bohemians,0,0
2001-02,2001-07-25,Qualifying,Qual. Round 2 | Leg 1,Haka Valkeakoski,Maccabi Haifa,0,1
2001-02,2001-07-25,Qualifying,Qual. Round 2 | Leg 1,Steaua Bucuresti,Sloga Jugomagnat Skopje,3,0
2001-02,2001-07-25,Qualifying,Qual. Round 2 | Leg 1,Shakhtar Donetsk,Lugano,3,0
2001-02,2001-07-25,Qualifying,Qual. Round 2 | Leg 1,NK Maribor,Rangers FC,0,3
2001-02,2001-07-25,Qualifying,Qual. Round 2 | Leg 1,Skonto,Wisla Krakow,1,2
2001-02,2001-07-25,Qualifying,Qual. Round 2 | Leg 1,RSC Anderlecht,Sheriff Tiraspol,4,0
2001-02,2001-07-25,Qualifying,Qual. Round 2 | Leg 1,Torpedo Kutaisi,Kobenhavn,1,1
2001-02,2001-07-25,Qualifying,Qual. Round 2 | Leg 1,Omonia Nicosia,Crvena Zvezda,1,1
2001-02,2001-07-25,Qualifying,Qual. Round 2 | Leg 1,PFC Slavia Sofia,FK Inter Bratislava,0,1
2001-02,2001-07-25,Qualifying,Qual. Round 2 | Leg 1,Bohemians,Halmstads BK,1,2
2001-02,2001-07-25,Qualifying,Qual. Round 2 | Leg 1,FC Porto,Barry Town,8,0
2001-02,2001-07-25,Qualifying,Qual. Round 2 | Leg 1,Levski Sofia,Brann,0,0
2001-02,2001-07-25,Qualifying,Qual. Round 2 | Leg 1,Ferencvaros,Hajduk Split,0,0
2001-02,2001-07-25,Qualifying,Qual. Round 2 | Leg 1,Galatasaray İstanbul AŞ,FK Vllaznia,2,0
2001-02,2001-08-01,Qualifying,Qual. Round 2 | Leg 2,Kobenhavn,Torpedo Kutaisi,3,1
2001-02,2001-08-01,Qualifying,Qual. Round 2 | Leg 2,Sheriff Tiraspol,RSC Anderlecht,1,2
2001-02,2001-08-01,Qualifying,Qual. Round 2 | Leg 2,Lugano,Shakhtar Donetsk,2,1
2001-02,2001-08-01,Qualifying,Qual. Round 2 | Leg 2,Rangers FC,NK Maribor,3,1
2001-02,2001-08-01,Qualifying,Qual. Round 2 | Leg 2,Sloga Jugomagnat Skopje,Steaua Bucuresti,1,2
2001-02,2001-08-01,Qualifying,Qual. Round 2 | Leg 2,Wisla Krakow,Skonto,1,0
2001-02,2001-08-01,Qualifying,Qual. Round 2 | Leg 2,Hajduk Split,Ferencvaros,0,0
2001-02,2001-08-01,Qualifying,Qual. Round 2 | Leg 2,FK Vllaznia,Galatasaray İstanbul AŞ,1,4
2001-02,2001-08-01,Qualifying,Qual. Round 2 | Leg 2,Brann,Levski Sofia,1,1
2001-02,2001-08-01,Qualifying,Qual. Round 2 | Leg 2,Halmstads BK,Bohemians,2,0
2001-02,2001-08-01,Qualifying,Qual. Round 2 | Leg 2,Crvena Zvezda,Omonia Nicosia,2,1
2001-02,2001-08-01,Qualifying,Qual. Round 2 | Leg 2,Barry Town,FC Porto,3,1
2001-02,2001-08-01,Qualifying,Qual. Round 2 | Leg 2,FK Inter Bratislava,PFC Slavia Sofia,1,0
2001-02,2001-08-01,Qualifying,Qual. Round 2 | Leg 2,Maccabi Haifa,Haka Valkeakoski,0,3
2001-02,2001-08-07,Qualifying,Qual. Round 3 | Leg 1,Wisla Krakow,Barcelona,3,4
2001-02,2001-08-07,Qualifying,Qual. Round 3 | Leg 1,Lokomotiv Moskva,SSW Innsbruck,3,1
2001-02,2001-08-07,Qualifying,Qual. Round 3 | Leg 1,Shakhtar Donetsk,Borussia Dortmund,0,2
2001-02,2001-08-07,Qualifying,Qual. Round 3 | Leg 1,Kobenhavn,SS Lazio,2,1
2001-02,2001-08-08,Qualifying,Qual. Round 3 | Leg 1,Galatasaray İstanbul AŞ,Levski Sofia,2,1
2001-02,2001-08-08,Qualifying,Qual. Round 3 | Leg 1,FC Porto,Grasshoppers Zurich,2,2
2001-02,2001-08-08,Qualifying,Qual. Round 3 | Leg 1,Haka Valkeakoski,Liverpool,0,5
2001-02,2001-08-08,Qualifying,Qual. Round 3 | Leg 1,Hajduk Split,RCD Mallorca,1,0
2001-02,2001-08-08,Qualifying,Qual. Round 3 | Leg 1,Slavia Praha,Panathinaikos FC,1,2
2001-02,2001-08-08,Qualifying,Qual. Round 3 | Leg 1,Parma,Lille OSC,0,2
2001-02,2001-08-08,Qualifying,Qual. Round 3 | Leg 1,Crvena Zvezda,Leverkusen,0,0
2001-02,2001-08-08,Qualifying,Qual. Round 3 | Leg 1,FK Inter Bratislava,Rosenborg BK,3,3
2001-02,2001-08-08,Qualifying,Qual. Round 3 | Leg 1,Rangers FC,Fenerbahçe İstanbul SK,0,0
2001-02,2001-08-08,Qualifying,Qual. Round 3 | Leg 1,Halmstads BK,RSC Anderlecht,2,3
2001-02,2001-08-08,Qualifying,Qual. Round 3 | Leg 1,AFC Ajax,Celtic,1,3
2001-02,2001-08-08,Qualifying,Qual. Round 3 | Leg 1,Steaua Bucuresti,Dinamo Kiev,2,4
2001-02,2001-08-21,Qualifying,Qual. Round 3 | Leg 2,SSW Innsbruck,Lokomotiv Moskva,1,0
2001-02,2001-08-21,Qualifying,Qual. Round 3 | Leg 2,Barcelona,Wisla Krakow,1,0
2001-02,2001-08-21,Qualifying,Qual. Round 3 | Leg 2,Borussia Dortmund,Shakhtar Donetsk,3,1
2001-02,2001-08-21,Qualifying,Qual. Round 3 | Leg 2,SS Lazio,Kobenhavn,4,1
2001-02,2001-08-22,Qualifying,Qual. Round 3 | Leg 2,RCD Mallorca,Hajduk Split,1,0
2001-02,2001-08-22,Qualifying,Qual. Round 3 | Leg 2,Panathinaikos FC,Slavia Praha,1,0
2001-02,2001-08-22,Qualifying,Qual. Round 3 | Leg 2,Lille OSC,Parma,0,1
2001-02,2001-08-22,Qualifying,Qual. Round 3 | Leg 2,Levski Sofia,Galatasaray İstanbul AŞ,1,1
2001-02,2001-08-22,Qualifying,Qual. Round 3 | Leg 2,Liverpool,Haka Valkeakoski,4,1
2001-02,2001-08-22,Qualifying,Qual. Round 3 | Leg 2,RSC Anderlecht,Halmstads BK,1,1
2001-02,2001-08-22,Qualifying,Qual. Round 3 | Leg 2,Fenerbahçe İstanbul SK,Rangers FC,2,1
2001-02,2001-08-22,Qualifying,Qual. Round 3 | Leg 2,Celtic,AFC Ajax,0,1
2001-02,2001-08-22,Qualifying,Qual. Round 3 | Leg 2,Dinamo Kiev,Steaua Bucuresti,1,1
2001-02,2001-08-22,Qualifying,Qual. Round 3 | Leg 2,Leverkusen,Crvena Zvezda,3,0
2001-02,2001-08-22,Qualifying,Qual. Round 3 | Leg 2,Grasshoppers Zurich,FC Porto,2,3
2001-02,2001-08-22,Qualifying,Qual. Round 3 | Leg 2,Rosenborg BK,FK Inter Bratislava,4,0
2001-02,2001-09-11,Group 1st,Matchday ?,RCD Mallorca,Arsenal,1,0
2001-02,2001-09-11,Group 1st,Matchday ?,Galatasaray İstanbul AŞ,SS Lazio,1,0
2001-02,2001-09-11,Group 1st,Matchday ?,FC Nantes,PSV Eindhoven,4,1
2001-02,2001-09-11,Group 1st,Matchday ?,FC Schalke 04,Panathinaikos FC,0,2
2001-02,2001-09-11,Group 1st,Matchday ?,AS Roma,Real Madrid,1,2
2001-02,2001-09-11,Group 1st,Matchday ?,Lokomotiv Moskva,RSC Anderlecht,1,1
2001-02,2001-09-11,Group 1st,Matchday ?,Liverpool,Boavista FC,1,1
2001-02,2001-09-11,Group 1st,Matchday ?,Dinamo Kiev,Borussia Dortmund,2,2
2001-02,2001-09-18,Group 1st,Matchday ?,Manchester United,Lille OSC,1,0
2001-02,2001-09-18,Group 1st,Matchday ?,Deportivo La Coruna,Olympiacos,2,2
2001-02,2001-09-18,Group 1st,Matchday ?,Bayern Munich,Sparta Praha,0,0
2001-02,2001-09-18,Group 1st,Matchday ?,Spartak Moskva,Feyenoord Rotterdam,2,2
2001-02,2001-09-18,Group 1st,Matchday ?,Olympique Lyon,Leverkusen,0,1
2001-02,2001-09-18,Group 1st,Matchday ?,Juventus,Celtic,3,2
2001-02,2001-09-18,Group 1st,Matchday ?,Rosenborg BK,FC Porto,1,2
2001-02,2001-09-18,Group 1st,Matchday ?,Fenerbahçe İstanbul SK,Barcelona,0,3
2001-02,2001-09-19,Group 1st,Matchday ?,Real Madrid,Lokomotiv Moskva,4,0
2001-02,2001-09-19,Group 1st,Matchday ?,RSC Anderlecht,AS Roma,0,0
2001-02,2001-09-19,Group 1st,Matchday ?,Borussia Dortmund,Liverpool,0,0
2001-02,2001-09-19,Group 1st,Matchday ?,Boavista FC,Dinamo Kiev,3,1
2001-02,2001-09-19,Group 1st,Matchday ?,Arsenal,FC Schalke 04,3,2
2001-02,2001-09-19,Group 1st,Matchday ?,Panathinaikos FC,RCD Mallorca,2,0
2001-02,2001-09-19,Group 1st,Matchday ?,SS Lazio,FC Nantes,1,3
2001-02,2001-09-19,Group 1st,Matchday ?,PSV Eindhoven,Galatasaray İstanbul AŞ,3,1
2001-02,2001-09-25,Group 1st,Matchday ?,Sparta Praha,Feyenoord Rotterdam,4,0
2001-02,2001-09-25,Group 1st,Matchday ?,Deportivo La Coruna,Manchester United,2,1
2001-02,2001-09-25,Group 1st,Matchday ?,Lille OSC,Olympiacos,3,1
2001-02,2001-09-25,Group 1st,Matchday ?,Spartak Moskva,Bayern Munich,1,3
2001-02,2001-09-25,Group 1st,Matchday ?,Rosenborg BK,Juventus,1,1
2001-02,2001-09-25,Group 1st,Matchday ?,Fenerbahçe İstanbul SK,Olympique Lyon,0,1
2001-02,2001-09-25,Group 1st,Matchday ?,Celtic,FC Porto,1,0
2001-02,2001-09-25,Group 1st,Matchday ?,Leverkusen,Barcelona,2,1
2001-02,2001-09-26,Group 1st,Matchday ?,FC Nantes,Galatasaray İstanbul AŞ,0,1
2001-02,2001-09-26,Group 1st,Matchday ?,Real Madrid,RSC Anderlecht,4,1
2001-02,2001-09-26,Group 1st,Matchday ?,AS Roma,Lokomotiv Moskva,2,1
2001-02,2001-09-26,Group 1st,Matchday ?,Liverpool,Dinamo Kiev,1,0
2001-02,2001-09-26,Group 1st,Matchday ?,Boavista FC,Borussia Dortmund,2,1
2001-02,2001-09-26,Group 1st,Matchday ?,Panathinaikos FC,Arsenal,1,0
2001-02,2001-09-26,Group 1st,Matchday ?,FC Schalke 04,RCD Mallorca,0,1
2001-02,2001-09-26,Group 1st,Matchday ?,PSV Eindhoven,SS Lazio,1,0
2001-02,2001-10-10,Group 1st,Matchday ?,Lille OSC,Deportivo La Coruna,1,1
2001-02,2001-10-10,Group 1st,Matchday ?,Olympiacos,Manchester United,0,2
2001-02,2001-10-10,Group 1st,Matchday ?,Sparta Praha,Spartak Moskva,2,0
2001-02,2001-10-10,Group 1st,Matchday ?,Leverkusen,Fenerbahçe İstanbul SK,2,1
2001-02,2001-10-10,Group 1st,Matchday ?,Celtic,Rosenborg BK,1,0
2001-02,2001-10-10,Group 1st,Matchday ?,Feyenoord Rotterdam,Bayern Munich,2,2
2001-02,2001-10-10,Group 1st,Matchday ?,FC Porto,Juventus,0,0
2001-02,2001-10-10,Group 1st,Matchday ?,Barcelona,Olympique Lyon,2,0
2001-02,2001-10-16,Group 1st,Matchday ?,Galatasaray İstanbul AŞ,FC Nantes,0,0
2001-02,2001-10-16,Group 1st,Matchday ?,Arsenal,Panathinaikos FC,2,1
2001-02,2001-10-16,Group 1st,Matchday ?,RCD Mallorca,FC Schalke 04,0,4
2001-02,2001-10-16,Group 1st,Matchday ?,SS Lazio,PSV Eindhoven,2,1
2001-02,2001-10-16,Group 1st,Matchday ?,Dinamo Kiev,Liverpool,1,2
2001-02,2001-10-16,Group 1st,Matchday ?,RSC Anderlecht,Real Madrid,0,2
2001-02,2001-10-16,Group 1st,Matchday ?,Lokomotiv Moskva,AS Roma,0,1
2001-02,2001-10-16,Group 1st,Matchday ?,Borussia Dortmund,Boavista FC,2,1
2001-02,2001-10-17,Group 1st,Matchday ?,Olympique Lyon,Fenerbahçe İstanbul SK,3,1
2001-02,2001-10-17,Group 1st,Matchday ?,Juventus,Rosenborg BK,1,0
2001-02,2001-10-17,Group 1st,Matchday ?,Barcelona,Leverkusen,2,1
2001-02,2001-10-17,Group 1st,Matchday ?,FC Porto,Celtic,3,0
2001-02,2001-10-17,Group 1st,Matchday ?,Bayern Munich,Spartak Moskva,5,1
2001-02,2001-10-17,Group 1st,Matchday ?,Olympiacos,Lille OSC,2,1
2001-02,2001-10-17,Group 1st,Matchday ?,Feyenoord Rotterdam,Sparta Praha,0,2
2001-02,2001-10-17,Group 1st,Matchday ?,Manchester United,Deportivo La Coruna,2,3
2001-02,2001-10-23,Group 1st,Matchday ?,Deportivo La Coruna,Lille OSC,1,1
2001-02,2001-10-23,Group 1st,Matchday ?,Bayern Munich,Feyenoord Rotterdam,3,1
2001-02,2001-10-23,Group 1st,Matchday ?,Spartak Moskva,Sparta Praha,2,2
2001-02,2001-10-23,Group 1st,Matchday ?,Manchester United,Olympiacos,3,0
2001-02,2001-10-23,Group 1st,Matchday ?,Fenerbahçe İstanbul SK,Leverkusen,1,2
2001-02,2001-10-23,Group 1st,Matchday ?,Juventus,FC Porto,3,1
2001-02,2001-10-23,Group 1st,Matchday ?,Rosenborg BK,Celtic,2,0
2001-02,2001-10-23,Group 1st,Matchday ?,Olympique Lyon,Barcelona,2,3
2001-02,2001-10-24,Group 1st,Matchday ?,RSC Anderlecht,Lokomotiv Moskva,1,5
2001-02,2001-10-24,Group 1st,Matchday ?,Borussia Dortmund,Dinamo Kiev,1,0
2001-02,2001-10-24,Group 1st,Matchday ?,Panathinaikos FC,FC Schalke 04,2,0
2001-02,2001-10-24,Group 1st,Matchday ?,Real Madrid,AS Roma,1,1
2001-02,2001-10-24,Group 1st,Matchday ?,Boavista FC,Liverpool,1,1
2001-02,2001-10-24,Group 1st,Matchday ?,SS Lazio,Galatasaray İstanbul AŞ,1,0
2001-02,2001-10-24,Group 1st,Matchday ?,PSV Eindhoven,FC Nantes,0,0
2001-02,2001-10-24,Group 1st,Matchday ?,Arsenal,RCD Mallorca,3,1
2001-02,2001-10-30,Group 1st,Matchday ?,Galatasaray İstanbul AŞ,PSV Eindhoven,2,0
2001-02,2001-10-30,Group 1st,Matchday ?,FC Nantes,SS Lazio,1,0
2001-02,2001-10-30,Group 1st,Matchday ?,FC Schalke 04,Arsenal,3,1
2001-02,2001-10-30,Group 1st,Matchday ?,RCD Mallorca,Panathinaikos FC,1,0
2001-02,2001-10-30,Group 1st,Matchday ?,Dinamo Kiev,Boavista FC,1,0
2001-02,2001-10-30,Group 1st,Matchday ?,AS Roma,RSC Anderlecht,1,1
2001-02,2001-10-30,Group 1st,Matchday ?,Lokomotiv Moskva,Real Madrid,2,0
2001-02,2001-10-30,Group 1st,Matchday ?,Liverpool,Borussia Dortmund,2,0
2001-02,2001-10-31,Group 1st,Matchday ?,Feyenoord Rotterdam,Spartak Moskva,2,1
2001-02,2001-10-31,Group 1st,Matchday ?,FC Porto,Rosenborg BK,1,0
2001-02,2001-10-31,Group 1st,Matchday ?,Celtic,Juventus,4,3
2001-02,2001-10-31,Group 1st,Matchday ?,Leverkusen,Olympique Lyon,2,4
2001-02,2001-10-31,Group 1st,Matchday ?,Barcelona,Fenerbahçe İstanbul SK,1,0
2001-02,2001-10-31,Group 1st,Matchday ?,Sparta Praha,Bayern Munich,0,1
2001-02,2001-10-31,Group 1st,Matchday ?,Lille OSC,Manchester United,1,1
2001-02,2001-10-31,Group 1st,Matchday ?,Olympiacos,Deportivo La Coruna,1,1
2001-02,2001-11-20,Group 2nd,Matchday ?,Galatasaray İstanbul AŞ,AS Roma,1,1
2001-02,2001-11-20,Group 2nd,Matchday ?,Liverpool,Barcelona,1,3
2001-02,2001-11-20,Group 2nd,Matchday ?,Boavista FC,FC Nantes,1,0
2001-02,2001-11-20,Group 2nd,Matchday ?,Bayern Munich,Manchester United,1,1
2001-02,2001-11-21,Group 2nd,Matchday ?,Sparta Praha,Real Madrid,2,3
2001-02,2001-11-21,Group 2nd,Matchday ?,Panathinaikos FC,FC Porto,0,0
2001-02,2001-11-21,Group 2nd,Matchday ?,Deportivo La Coruna,Arsenal,2,0
2001-02,2001-11-29,Group 2nd,Matchday ?,Juventus,Leverkusen,4,0
2001-02,2001-12-04,Group 2nd,Matchday ?,Arsenal,Juventus,3,1
2001-02,2001-12-04,Group 2nd,Matchday ?,Leverkusen,Deportivo La Coruna,3,0
2001-02,2001-12-04,Group 2nd,Matchday ?,Real Madrid,Panathinaikos FC,3,0
2001-02,2001-12-04,Group 2nd,Matchday ?,FC Porto,Sparta Praha,0,1
2001-02,2001-12-05,Group 2nd,Matchday ?,Barcelona,Galatasaray İstanbul AŞ,2,2
2001-02,2001-12-05,Group 2nd,Matchday ?,AS Roma,Liverpool,0,0
2001-02,2001-12-05,Group 2nd,Matchday ?,Manchester United,Boavista FC,3,0
2001-02,2001-12-05,Group 2nd,Matchday ?,FC Nantes,Bayern Munich,0,1
2001-02,2002-02-19,Group 2nd,Matchday ?,Real Madrid,FC Porto,1,0
2001-02,2002-02-19,Group 2nd,Matchday ?,Sparta Praha,Panathinaikos FC,0,2
2001-02,2002-02-19,Group 2nd,Matchday ?,Juventus,Deportivo La Coruna,0,0
2001-02,2002-02-19,Group 2nd,Matchday ?,Leverkusen,Arsenal,1,1
2001-02,2002-02-20,Group 2nd,Matchday ?,Barcelona,AS Roma,1,1
2001-02,2002-02-20,Group 2nd,Matchday ?,FC Nantes,Manchester United,1,1
2001-02,2002-02-20,Group 2nd,Matchday ?,Boavista FC,Bayern Munich,0,0
2001-02,2002-02-20,Group 2nd,Matchday ?,Liverpool,Galatasaray İstanbul AŞ,0,0
2001-02,2002-02-26,Group 2nd,Matchday ?,Galatasaray İstanbul AŞ,Liverpool,1,1
2001-02,2002-02-26,Group 2nd,Matchday ?,AS Roma,Barcelona,3,0
2001-02,2002-02-26,Group 2nd,Matchday ?,Manchester United,FC Nantes,5,1
2001-02,2002-02-26,Group 2nd,Matchday ?,Bayern Munich,Boavista FC,1,0
2001-02,2002-02-27,Group 2nd,Matchday ?,Deportivo La Coruna,Juventus,2,0
2001-02,2002-02-27,Group 2nd,Matchday ?,Arsenal,Leverkusen,4,1
2001-02,2002-02-27,Group 2nd,Matchday ?,FC Porto,Real Madrid,1,2
2001-02,2002-02-27,Group 2nd,Matchday ?,Panathinaikos FC,Sparta Praha,2,1
2001-02,2002-03-12,Group 2nd,Matchday ?,Real Madrid,Sparta Praha,3,0
2001-02,2002-03-12,Group 2nd,Matchday ?,FC Porto,Panathinaikos FC,2,1
2001-02,2002-03-12,Group 2nd,Matchday ?,Leverkusen,Juventus,3,1
2001-02,2002-03-12,Group 2nd,Matchday ?,Arsenal,Deportivo La Coruna,0,2
2001-02,2002-03-13,Group 2nd,Matchday ?,FC Nantes,Boavista FC,1,1
2001-02,2002-03-13,Group 2nd,Matchday ?,AS Roma,Galatasaray İstanbul AŞ,1,1
2001-02,2002-03-13,Group 2nd,Matchday ?,Barcelona,Liverpool,0,0
2001-02,2002-03-13,Group 2nd,Matchday ?,Manchester United,Bayern Munich,0,0
2001-02,2002-03-19,Group 2nd,Matchday ?,Boavista FC,Manchester United,0,3
2001-02,2002-03-19,Group 2nd,Matchday ?,Bayern Munich,FC Nantes,2,1
2001-02,2002-03-19,Group 2nd,Matchday ?,Liverpool,AS Roma,2,0
2001-02,2002-03-19,Group 2nd,Matchday ?,Galatasaray İstanbul AŞ,Barcelona,0,1
2001-02,2002-03-20,Group 2nd,Matchday ?,Juventus,Arsenal,1,0
2001-02,2002-03-20,Group 2nd,Matchday ?,Deportivo La Coruna,Leverkusen,1,3
2001-02,2002-03-20,Group 2nd,Matchday ?,Panathinaikos FC,Real Madrid,2,2
2001-02,2002-03-20,Group 2nd,Matchday ?,Sparta Praha,FC Porto,2,0
2001-02,2002-04-02,Knockout,Quarterfinals | Leg 1,Bayern Munich,Real Madrid,2,1
2001-02,2002-04-02,Knockout,Quarterfinals | Leg 1,Deportivo La Coruna,Manchester United,0,2
2001-02,2002-04-03,Knockout,Quarterfinals | Leg 1,Panathinaikos FC,Barcelona,1,0
2001-02,2002-04-03,Knockout,Quarterfinals | Leg 1,Liverpool,Leverkusen,1,0
2001-02,2002-04-09,Knockout,Quarterfinals | Leg 2,Leverkusen,Liverpool,4,2
2001-02,2002-04-09,Knockout,Quarterfinals | Leg 2,Barcelona,Panathinaikos FC,3,1
2001-02,2002-04-10,Knockout,Quarterfinals | Leg 2,Real Madrid,Bayern Munich,2,0
2001-02,2002-04-10,Knockout,Quarterfinals | Leg 2,Manchester United,Deportivo La Coruna,3,2
2001-02,2002-04-23,Knockout,Semifinals | Leg 1,Barcelona,Real Madrid,0,2
2001-02,2002-04-24,Knockout,Semifinals | Leg 1,Manchester United,Leverkusen,2,2
2001-02,2002-04-30,Knockout,Semifinals | Leg 2,Leverkusen,Manchester United,1,1
2001-02,2002-05-01,Knockout,Semifinals | Leg 2,Real Madrid,Barcelona,1,1
2001-02,2002-05-15,Knockout,Final,Real Madrid,Leverkusen,2,1
2002-03,2002-07-17,Qualifying,Qual. Round 1 | Leg 1,Torpedo Kutaisi,B36 Torshavn,5,2
2002-03,2002-07-17,Qualifying,Qual. Round 1 | Leg 1,Sheriff Tiraspol,Astana-64,2,1
2002-03,2002-07-17,Qualifying,Qual. Round 1 | Leg 1,Flora Tallinn,APOEL Nikosia,0,0
2002-03,2002-07-17,Qualifying,Qual. Round 1 | Leg 1,Portadown,Belshina Bobruisk,0,0
2002-03,2002-07-17,Qualifying,Qual. Round 1 | Leg 1,Skonto,Barry Town,5,0
2002-03,2002-07-17,Qualifying,Qual. Round 1 | Leg 1,Hibernians,Shelbourne,2,2
2002-03,2002-07-17,Qualifying,Qual. Round 1 | Leg 1,F91 Dudelange,Vardar Skopje,1,1
2002-03,2002-07-17,Qualifying,Qual. Round 1 | Leg 1,Zeljeznicar Sarajevo,IA Akranes,3,0
2002-03,2002-07-17,Qualifying,Qual. Round 1 | Leg 1,Tampere United,Pyunik,0,4
2002-03,2002-07-17,Qualifying,Qual. Round 1 | Leg 1,FBK Kaunas,Dinamo Tirana,2,3
2002-03,2002-07-24,Qualifying,Qual. Round 1 | Leg 2,B36 Torshavn,Torpedo Kutaisi,0,1
2002-03,2002-07-24,Qualifying,Qual. Round 1 | Leg 2,Belshina Bobruisk,Portadown,3,2
2002-03,2002-07-24,Qualifying,Qual. Round 1 | Leg 2,APOEL Nikosia,Flora Tallinn,1,0
2002-03,2002-07-24,Qualifying,Qual. Round 1 | Leg 2,Dinamo Tirana,FBK Kaunas,0,0
2002-03,2002-07-24,Qualifying,Qual. Round 1 | Leg 2,Barry Town,Skonto,0,1
2002-03,2002-07-24,Qualifying,Qual. Round 1 | Leg 2,IA Akranes,Zeljeznicar Sarajevo,0,1
2002-03,2002-07-24,Qualifying,Qual. Round 1 | Leg 2,Vardar Skopje,F91 Dudelange,3,0
2002-03,2002-07-24,Qualifying,Qual. Round 1 | Leg 2,Pyunik,Tampere United,2,0
2002-03,2002-07-24,Qualifying,Qual. Round 1 | Leg 2,Astana-64,Sheriff Tiraspol,3,2
2002-03,2002-07-24,Qualifying,Qual. Round 1 | Leg 2,Shelbourne,Hibernians,0,1
2002-03,2002-07-31,Qualifying,Qual. Round 2 | Leg 1,Sheriff Tiraspol,Grazer AK,1,4
2002-03,2002-07-31,Qualifying,Qual. Round 2 | Leg 1,Lillestrom,Zeljeznicar Sarajevo,0,1
2002-03,2002-07-31,Qualifying,Qual. Round 2 | Leg 1,Sparta Praha,Torpedo Kutaisi,3,0
2002-03,2002-07-31,Qualifying,Qual. Round 2 | Leg 1,Dinamo Kiev,Pyunik,4,0
2002-03,2002-07-31,Qualifying,Qual. Round 2 | Leg 1,Hammarby,Partizan Belgrade,1,1
2002-03,2002-07-31,Qualifying,Qual. Round 2 | Leg 1,Skonto,Levski Sofia,0,0
2002-03,2002-07-31,Qualifying,Qual. Round 2 | Leg 1,Vardar Skopje,Legia Warsaw,1,3
2002-03,2002-07-31,Qualifying,Qual. Round 2 | Leg 1,Brondby IF,Dinamo Tirana,1,0
2002-03,2002-07-31,Qualifying,Qual. Round 2 | Leg 1,Zalaegerszegi TE,NK Zagreb,1,0
2002-03,2002-07-31,Qualifying,Qual. Round 2 | Leg 1,Club Brugge,Dinamo Bucuresti,3,1
2002-03,2002-07-31,Qualifying,Qual. Round 2 | Leg 1,Boavista FC,Hibernians,4,0
2002-03,2002-07-31,Qualifying,Qual. Round 2 | Leg 1,NK Maribor,APOEL Nikosia,2,1
2002-03,2002-07-31,Qualifying,Qual. Round 2 | Leg 1,Maccabi Haifa,Belshina Bobruisk,4,0
2002-03,2002-07-31,Qualifying,Qual. Round 2 | Leg 1,MSK Zilina,Basel,1,1
2002-03,2002-08-07,Qualifying,Qual. Round 2 | Leg 2,Legia Warsaw,Vardar Skopje,1,1
2002-03,2002-08-07,Qualifying,Qual. Round 2 | Leg 2,Pyunik,Dinamo Kiev,2,2
2002-03,2002-08-07,Qualifying,Qual. Round 2 | Leg 2,Partizan Belgrade,Hammarby,4,0
2002-03,2002-08-07,Qualifying,Qual. Round 2 | Leg 2,Torpedo Kutaisi,Sparta Praha,1,2
2002-03,2002-08-07,Qualifying,Qual. Round 2 | Leg 2,Zeljeznicar Sarajevo,Lillestrom,1,0
2002-03,2002-08-07,Qualifying,Qual. Round 2 | Leg 2,Levski Sofia,Skonto,2,0
2002-03,2002-08-07,Qualifying,Qual. Round 2 | Leg 2,Grazer AK,Sheriff Tiraspol,2,0
2002-03,2002-08-07,Qualifying,Qual. Round 2 | Leg 2,Dinamo Bucuresti,Club Brugge,0,1
2002-03,2002-08-07,Qualifying,Qual. Round 2 | Leg 2,Dinamo Tirana,Brondby IF,0,4
2002-03,2002-08-07,Qualifying,Qual. Round 2 | Leg 2,Belshina Bobruisk,Maccabi Haifa,0,1
2002-03,2002-08-07,Qualifying,Qual. Round 2 | Leg 2,Basel,MSK Zilina,3,0
2002-03,2002-08-07,Qualifying,Qual. Round 2 | Leg 2,APOEL Nikosia,NK Maribor,4,2
2002-03,2002-08-07,Qualifying,Qual. Round 2 | Leg 2,NK Zagreb,Zalaegerszegi TE,2,1
2002-03,2002-08-07,Qualifying,Qual. Round 2 | Leg 2,Hibernians,Boavista FC,3,3
2002-03,2002-08-13,Qualifying,Qual. Round 3 | Leg 1,Maccabi Haifa,Sturm Graz,2,0
2002-03,2002-08-13,Qualifying,Qual. Round 3 | Leg 1,Rosenborg BK,Brondby IF,1,0
2002-03,2002-08-13,Qualifying,Qual. Round 3 | Leg 1,Grazer AK,Lokomotiv Moskva,0,2
2002-03,2002-08-13,Qualifying,Qual. Round 3 | Leg 1,Sporting CP,Internazionale,0,0
2002-03,2002-08-13,Qualifying,Qual. Round 3 | Leg 1,Zalaegerszegi TE,Manchester United,1,0
2002-03,2002-08-13,Qualifying,Qual. Round 3 | Leg 1,Zeljeznicar Sarajevo,Newcastle United,0,1
2002-03,2002-08-13,Qualifying,Qual. Round 3 | Leg 1,KRC Genk,Sparta Praha,2,0
2002-03,2002-08-13,Qualifying,Qual. Round 3 | Leg 1,Partizan Belgrade,Bayern Munich,0,3
2002-03,2002-08-13,Qualifying,Qual. Round 3 | Leg 1,Boavista FC,AJ Auxerre,0,1
2002-03,2002-08-13,Qualifying,Qual. Round 3 | Leg 1,APOEL Nikosia,AEK Athens,2,3
2002-03,2002-08-13,Qualifying,Qual. Round 3 | Leg 1,Celtic,Basel,3,1
2002-03,2002-08-13,Qualifying,Qual. Round 3 | Leg 1,Feyenoord Rotterdam,Fenerbahçe İstanbul SK,1,0
2002-03,2002-08-13,Qualifying,Qual. Round 3 | Leg 1,Milan,Slovan Liberec,1,0
2002-03,2002-08-13,Qualifying,Qual. Round 3 | Leg 1,Shakhtar Donetsk,Club Brugge,1,1
2002-03,2002-08-13,Qualifying,Qual. Round 3 | Leg 1,Barcelona,Legia Warsaw,3,0
2002-03,2002-08-14,Qualifying,Qual. Round 3 | Leg 1,Levski Sofia,Dinamo Kiev,0,1
2002-03,2002-08-27,Qualifying,Qual. Round 3 | Leg 2,Fenerbahçe İstanbul SK,Feyenoord Rotterdam,0,2
2002-03,2002-08-27,Qualifying,Qual. Round 3 | Leg 2,Newcastle United,Zeljeznicar Sarajevo,4,0
2002-03,2002-08-27,Qualifying,Qual. Round 3 | Leg 2,Bayern Munich,Partizan Belgrade,3,1
2002-03,2002-08-27,Qualifying,Qual. Round 3 | Leg 2,Manchester United,Zalaegerszegi TE,5,0
2002-03,2002-08-27,Qualifying,Qual. Round 3 | Leg 2,Sturm Graz,Maccabi Haifa,3,3
2002-03,2002-08-27,Qualifying,Qual. Round 3 | Leg 2,Internazionale,Sporting CP,2,0
2002-03,2002-08-27,Qualifying,Qual. Round 3 | Leg 2,Dinamo Kiev,Levski Sofia,1,0
2002-03,2002-08-27,Qualifying,Qual. Round 3 | Leg 2,Lokomotiv Moskva,Grazer AK,3,3
2002-03,2002-08-27,Qualifying,Qual. Round 3 | Leg 2,Legia Warsaw,Barcelona,0,1
2002-03,2002-08-27,Qualifying,Qual. Round 3 | Leg 2,AEK Athens,APOEL Nikosia,1,0
2002-03,2002-08-27,Qualifying,Qual. Round 3 | Leg 2,Sparta Praha,KRC Genk,4,2
2002-03,2002-08-27,Qualifying,Qual. Round 3 | Leg 2,Basel,Celtic,2,0
2002-03,2002-08-27,Qualifying,Qual. Round 3 | Leg 2,Slovan Liberec,Milan,2,1
2002-03,2002-08-27,Qualifying,Qual. Round 3 | Leg 2,Club Brugge,Shakhtar Donetsk,1,1
2002-03,2002-08-27,Qualifying,Qual. Round 3 | Leg 2,Brondby IF,Rosenborg BK,2,3
2002-03,2002-08-27,Qualifying,Qual. Round 3 | Leg 2,AJ Auxerre,Boavista FC,0,0
2002-03,2002-09-17,Group 1st,Matchday ?,AS Roma,Real Madrid,0,3
2002-03,2002-09-17,Group 1st,Matchday ?,Rosenborg BK,Internazionale,2,2
2002-03,2002-09-17,Group 1st,Matchday ?,KRC Genk,AEK Athens,0,0
2002-03,2002-09-17,Group 1st,Matchday ?,AFC Ajax,Olympique Lyon,2,1
2002-03,2002-09-17,Group 1st,Matchday ?,Arsenal,Borussia Dortmund,2,0
2002-03,2002-09-17,Group 1st,Matchday ?,Basel,Spartak Moskva,2,0
2002-03,2002-09-17,Group 1st,Matchday ?,Valencia CF,Liverpool,2,0
2002-03,2002-09-17,Group 1st,Matchday ?,AJ Auxerre,PSV Eindhoven,0,0
2002-03,2002-09-18,Group 1st,Matchday ?,Bayern Munich,Deportivo La Coruna,2,3
2002-03,2002-09-18,Group 1st,Matchday ?,Milan,RC Lens,2,1
2002-03,2002-09-18,Group 1st,Matchday ?,Barcelona,Club Brugge,3,2
2002-03,2002-09-18,Group 1st,Matchday ?,Lokomotiv Moskva,Galatasaray İstanbul AŞ,0,2
2002-03,2002-09-18,Group 1st,Matchday ?,Dinamo Kiev,Newcastle United,2,0
2002-03,2002-09-18,Group 1st,Matchday ?,Feyenoord Rotterdam,Juventus,1,1
2002-03,2002-09-18,Group 1st,Matchday ?,Olympiacos,Leverkusen,6,2
2002-03,2002-09-18,Group 1st,Matchday ?,Manchester United,Maccabi Haifa,5,2
2002-03,2002-09-24,Group 1st,Matchday ?,Newcastle United,Feyenoord Rotterdam,0,1
2002-03,2002-09-24,Group 1st,Matchday ?,Juventus,Dinamo Kiev,5,0
2002-03,2002-09-24,Group 1st,Matchday ?,Leverkusen,Manchester United,1,2
2002-03,2002-09-24,Group 1st,Matchday ?,Maccabi Haifa,Olympiacos,3,0
2002-03,2002-09-24,Group 1st,Matchday ?,Deportivo La Coruna,Milan,0,4
2002-03,2002-09-24,Group 1st,Matchday ?,RC Lens,Bayern Munich,1,1
2002-03,2002-09-24,Group 1st,Matchday ?,Club Brugge,Lokomotiv Moskva,0,0
2002-03,2002-09-24,Group 1st,Matchday ?,Galatasaray İstanbul AŞ,Barcelona,0,2
2002-03,2002-09-25,Group 1st,Matchday ?,Internazionale,AFC Ajax,1,0
2002-03,2002-09-25,Group 1st,Matchday ?,Real Madrid,KRC Genk,6,0
2002-03,2002-09-25,Group 1st,Matchday ?,AEK Athens,AS Roma,0,0
2002-03,2002-09-25,Group 1st,Matchday ?,Olympique Lyon,Rosenborg BK,5,0
2002-03,2002-09-25,Group 1st,Matchday ?,Borussia Dortmund,AJ Auxerre,2,1
2002-03,2002-09-25,Group 1st,Matchday ?,PSV Eindhoven,Arsenal,0,4
2002-03,2002-09-25,Group 1st,Matchday ?,Liverpool,Basel,1,1
2002-03,2002-09-25,Group 1st,Matchday ?,Spartak Moskva,Valencia CF,0,3
2002-03,2002-10-01,Group 1st,Matchday ?,Galatasaray İstanbul AŞ,Club Brugge,0,0
2002-03,2002-10-01,Group 1st,Matchday ?,Bayern Munich,Milan,1,2
2002-03,2002-10-01,Group 1st,Matchday ?,Deportivo La Coruna,RC Lens,3,1
2002-03,2002-10-01,Group 1st,Matchday ?,Lokomotiv Moskva,Barcelona,1,3
2002-03,2002-10-01,Group 1st,Matchday ?,Maccabi Haifa,Leverkusen,0,2
2002-03,2002-10-01,Group 1st,Matchday ?,Juventus,Newcastle United,2,0
2002-03,2002-10-01,Group 1st,Matchday ?,Feyenoord Rotterdam,Dinamo Kiev,0,0
2002-03,2002-10-01,Group 1st,Matchday ?,Manchester United,Olympiacos,4,0
2002-03,2002-10-02,Group 1st,Matchday ?,AJ Auxerre,Arsenal,0,1
2002-03,2002-10-02,Group 1st,Matchday ?,PSV Eindhoven,Borussia Dortmund,1,3
2002-03,2002-10-02,Group 1st,Matchday ?,Liverpool,Spartak Moskva,5,0
2002-03,2002-10-02,Group 1st,Matchday ?,Valencia CF,Basel,6,2
2002-03,2002-10-02,Group 1st,Matchday ?,AEK Athens,Real Madrid,3,3
2002-03,2002-10-02,Group 1st,Matchday ?,Rosenborg BK,AFC Ajax,0,0
2002-03,2002-10-02,Group 1st,Matchday ?,Internazionale,Olympique Lyon,1,2
2002-03,2002-10-02,Group 1st,Matchday ?,KRC Genk,AS Roma,0,1
2002-03,2002-10-22,Group 1st,Matchday ?,Real Madrid,AEK Athens,2,2
2002-03,2002-10-22,Group 1st,Matchday ?,AFC Ajax,Rosenborg BK,1,1
2002-03,2002-10-22,Group 1st,Matchday ?,Olympique Lyon,Internazionale,3,3
2002-03,2002-10-22,Group 1st,Matchday ?,AS Roma,KRC Genk,0,0
2002-03,2002-10-22,Group 1st,Matchday ?,Borussia Dortmund,PSV Eindhoven,1,1
2002-03,2002-10-22,Group 1st,Matchday ?,Spartak Moskva,Liverpool,1,3
2002-03,2002-10-22,Group 1st,Matchday ?,Arsenal,AJ Auxerre,1,2
2002-03,2002-10-22,Group 1st,Matchday ?,Basel,Valencia CF,2,2
2002-03,2002-10-23,Group 1st,Matchday ?,Dinamo Kiev,Feyenoord Rotterdam,2,0
2002-03,2002-10-23,Group 1st,Matchday ?,Newcastle United,Juventus,1,0
2002-03,2002-10-23,Group 1st,Matchday ?,Olympiacos,Manchester United,2,3
2002-03,2002-10-23,Group 1st,Matchday ?,Leverkusen,Maccabi Haifa,2,1
2002-03,2002-10-23,Group 1st,Matchday ?,Milan,Bayern Munich,2,1
2002-03,2002-10-23,Group 1st,Matchday ?,Barcelona,Lokomotiv Moskva,1,0
2002-03,2002-10-23,Group 1st,Matchday ?,Club Brugge,Galatasaray İstanbul AŞ,3,1
2002-03,2002-10-23,Group 1st,Matchday ?,RC Lens,Deportivo La Coruna,3,1
2002-03,2002-10-29,Group 1st,Matchday ?,Maccabi Haifa,Manchester United,3,0
2002-03,2002-10-29,Group 1st,Matchday ?,Juventus,Feyenoord Rotterdam,2,0
2002-03,2002-10-29,Group 1st,Matchday ?,Newcastle United,Dinamo Kiev,2,1
2002-03,2002-10-29,Group 1st,Matchday ?,Leverkusen,Olympiacos,2,0
2002-03,2002-10-29,Group 1st,Matchday ?,Club Brugge,Barcelona,0,1
2002-03,2002-10-29,Group 1st,Matchday ?,Deportivo La Coruna,Bayern Munich,2,1
2002-03,2002-10-29,Group 1st,Matchday ?,RC Lens,Milan,2,1
2002-03,2002-10-29,Group 1st,Matchday ?,Galatasaray İstanbul AŞ,Lokomotiv Moskva,1,2
2002-03,2002-10-30,Group 1st,Matchday ?,Internazionale,Rosenborg BK,3,0
2002-03,2002-10-30,Group 1st,Matchday ?,Olympique Lyon,AFC Ajax,0,2
2002-03,2002-10-30,Group 1st,Matchday ?,AEK Athens,KRC Genk,1,1
2002-03,2002-10-30,Group 1st,Matchday ?,Real Madrid,AS Roma,0,1
2002-03,2002-10-30,Group 1st,Matchday ?,PSV Eindhoven,AJ Auxerre,3,0
2002-03,2002-10-30,Group 1st,Matchday ?,Borussia Dortmund,Arsenal,2,1
2002-03,2002-10-30,Group 1st,Matchday ?,Liverpool,Valencia CF,0,1
2002-03,2002-11-05,Group 1st,Matchday ?,Spartak Moskva,Basel,0,2
2002-03,2002-11-12,Group 1st,Matchday ?,AJ Auxerre,Borussia Dortmund,1,0
2002-03,2002-11-12,Group 1st,Matchday ?,Basel,Liverpool,3,3
2002-03,2002-11-12,Group 1st,Matchday ?,Valencia CF,Spartak Moskva,3,0
2002-03,2002-11-12,Group 1st,Matchday ?,Arsenal,PSV Eindhoven,0,0
2002-03,2002-11-12,Group 1st,Matchday ?,AS Roma,AEK Athens,1,1
2002-03,2002-11-12,Group 1st,Matchday ?,AFC Ajax,Internazionale,1,2
2002-03,2002-11-12,Group 1st,Matchday ?,KRC Genk,Real Madrid,1,1
2002-03,2002-11-12,Group 1st,Matchday ?,Rosenborg BK,Olympique Lyon,1,1
2002-03,2002-11-13,Group 1st,Matchday ?,Olympiacos,Maccabi Haifa,3,3
2002-03,2002-11-13,Group 1st,Matchday ?,Dinamo Kiev,Juventus,1,2
2002-03,2002-11-13,Group 1st,Matchday ?,Feyenoord Rotterdam,Newcastle United,2,3
2002-03,2002-11-13,Group 1st,Matchday ?,Manchester United,Leverkusen,2,0
2002-03,2002-11-13,Group 1st,Matchday ?,Lokomotiv Moskva,Club Brugge,2,0
2002-03,2002-11-13,Group 1st,Matchday ?,Barcelona,Galatasaray İstanbul AŞ,3,1
2002-03,2002-11-13,Group 1st,Matchday ?,Milan,Deportivo La Coruna,1,2
2002-03,2002-11-13,Group 1st,Matchday ?,Bayern Munich,RC Lens,3,3
2002-03,2002-11-26,Group 2nd,Matchday ?,Basel,Manchester United,1,3
2002-03,2002-11-26,Group 2nd,Matchday ?,Milan,Real Madrid,1,0
2002-03,2002-11-26,Group 2nd,Matchday ?,Lokomotiv Moskva,Borussia Dortmund,1,2
2002-03,2002-11-26,Group 2nd,Matchday ?,Deportivo La Coruna,Juventus,2,2
2002-03,2002-11-27,Group 2nd,Matchday ?,Valencia CF,AFC Ajax,1,1
2002-03,2002-11-27,Group 2nd,Matchday ?,AS Roma,Arsenal,1,3
2002-03,2002-11-27,Group 2nd,Matchday ?,Newcastle United,Internazionale,1,4
2002-03,2002-11-27,Group 2nd,Matchday ?,Leverkusen,Barcelona,1,2
2002-03,2002-12-10,Group 2nd,Matchday ?,Internazionale,Leverkusen,3,2
2002-03,2002-12-10,Group 2nd,Matchday ?,AFC Ajax,AS Roma,2,1
2002-03,2002-12-10,Group 2nd,Matchday ?,Arsenal,Valencia CF,0,0
2002-03,2002-12-11,Group 2nd,Matchday ?,Real Madrid,Lokomotiv Moskva,2,2
2002-03,2002-12-11,Group 2nd,Matchday ?,Borussia Dortmund,Milan,0,1
2002-03,2002-12-11,Group 2nd,Matchday ?,Barcelona,Newcastle United,3,1
2002-03,2002-12-11,Group 2nd,Matchday ?,Juventus,Basel,4,0
2002-03,2002-12-11,Group 2nd,Matchday ?,Manchester United,Deportivo La Coruna,2,0
2002-03,2003-02-18,Group 2nd,Matchday ?,AS Roma,Valencia CF,0,1
2002-03,2003-02-18,Group 2nd,Matchday ?,Leverkusen,Newcastle United,1,3
2002-03,2003-02-18,Group 2nd,Matchday ?,Barcelona,Internazionale,3,0
2002-03,2003-02-18,Group 2nd,Matchday ?,Arsenal,AFC Ajax,1,1
2002-03,2003-02-19,Group 2nd,Matchday ?,Manchester United,Juventus,2,1
2002-03,2003-02-19,Group 2nd,Matchday ?,Basel,Deportivo La Coruna,1,0
2002-03,2003-02-19,Group 2nd,Matchday ?,Milan,Lokomotiv Moskva,1,0
2002-03,2003-02-19,Group 2nd,Matchday ?,Real Madrid,Borussia Dortmund,2,1
2002-03,2003-02-25,Group 2nd,Matchday ?,Juventus,Manchester United,0,3
2002-03,2003-02-25,Group 2nd,Matchday ?,Deportivo La Coruna,Basel,1,0
2002-03,2003-02-25,Group 2nd,Matchday ?,Lokomotiv Moskva,Milan,0,1
2002-03,2003-02-25,Group 2nd,Matchday ?,Borussia Dortmund,Real Madrid,1,1
2002-03,2003-02-26,Group 2nd,Matchday ?,AFC Ajax,Arsenal,0,0
2002-03,2003-02-26,Group 2nd,Matchday ?,Valencia CF,AS Roma,0,3
2002-03,2003-02-26,Group 2nd,Matchday ?,Internazionale,Barcelona,0,0
2002-03,2003-02-26,Group 2nd,Matchday ?,Newcastle United,Leverkusen,3,1
2002-03,2003-03-11,Group 2nd,Matchday ?,AFC Ajax,Valencia CF,1,1
2002-03,2003-03-11,Group 2nd,Matchday ?,Arsenal,AS Roma,1,1
2002-03,2003-03-11,Group 2nd,Matchday ?,Barcelona,Leverkusen,2,0
2002-03,2003-03-11,Group 2nd,Matchday ?,Internazionale,Newcastle United,2,2
2002-03,2003-03-12,Group 2nd,Matchday ?,Juventus,Deportivo La Coruna,3,2
2002-03,2003-03-12,Group 2nd,Matchday ?,Manchester United,Basel,1,1
2002-03,2003-03-12,Group 2nd,Matchday ?,Real Madrid,Milan,3,1
2002-03,2003-03-12,Group 2nd,Matchday ?,Borussia Dortmund,Lokomotiv Moskva,3,0
2002-03,2003-03-18,Group 2nd,Matchday ?,Basel,Juventus,2,1
2002-03,2003-03-18,Group 2nd,Matchday ?,Lokomotiv Moskva,Real Madrid,0,1
2002-03,2003-03-18,Group 2nd,Matchday ?,Milan,Borussia Dortmund,0,1
2002-03,2003-03-18,Group 2nd,Matchday ?,Deportivo La Coruna,Manchester United,2,0
2002-03,2003-03-19,Group 2nd,Matchday ?,Newcastle United,Barcelona,0,2
2002-03,2003-03-19,Group 2nd,Matchday ?,Valencia CF,Arsenal,2,1
2002-03,2003-03-19,Group 2nd,Matchday ?,Leverkusen,Internazionale,0,2
2002-03,2003-03-19,Group 2nd,Matchday ?,AS Roma,AFC Ajax,1,1
2002-03,2003-04-08,Knockout,Quarterfinals | Leg 1,AFC Ajax,Milan,0,0
2002-03,2003-04-08,Knockout,Quarterfinals | Leg 1,Real Madrid,Manchester United,3,1
2002-03,2003-04-09,Knockout,Quarterfinals | Leg 1,Internazionale,Valencia CF,1,0
2002-03,2003-04-09,Knockout,Quarterfinals | Leg 1,Juventus,Barcelona,1,1
2002-03,2003-04-22,Knockout,Quarterfinals | Leg 2,Valencia CF,Internazionale,2,1
2002-03,2003-04-22,Knockout,Quarterfinals | Leg 2,Barcelona,Juventus,1,1
2002-03,2003-04-23,Knockout,Quarterfinals | Leg 2,Milan,AFC Ajax,3,2
2002-03,2003-04-23,Knockout,Quarterfinals | Leg 2,Manchester United,Real Madrid,4,3
2002-03,2003-05-06,Knockout,Semifinals | Leg 1,Real Madrid,Juventus,2,1
2002-03,2003-05-07,Knockout,Semifinals | Leg 1,Milan,Internazionale,0,0
2002-03,2003-05-13,Knockout,Semifinals | Leg 2,Internazionale,Milan,1,1
2002-03,2003-05-14,Knockout,Semifinals | Leg 2,Juventus,Real Madrid,3,1
2002-03,2003-05-28,Knockout,Final,Milan,Juventus,0,0
2003-04,2003-07-16,Qualifying,Qual. Round 1 | Leg 1,Glentoran,HJK Helsinki,0,0
2003-04,2003-07-16,Qualifying,Qual. Round 1 | Leg 1,Omonia Nicosia,Irtysh Pavlodar,0,0
2003-04,2003-07-16,Qualifying,Qual. Round 1 | Leg 1,Dinamo Tbilisi,KF Tirana,3,0
2003-04,2003-07-16,Qualifying,Qual. Round 1 | Leg 1,Sheriff Tiraspol,Flora Tallinn,1,0
2003-04,2003-07-16,Qualifying,Qual. Round 1 | Leg 1,Grevenmacher,FK Leotar,0,0
2003-04,2003-07-16,Qualifying,Qual. Round 1 | Leg 1,BATE Borisov,Bohemians,1,0
2003-04,2003-07-16,Qualifying,Qual. Round 1 | Leg 1,HB,FBK Kaunas,0,1
2003-04,2003-07-16,Qualifying,Qual. Round 1 | Leg 1,Sliema Wanderers,Skonto,2,0
2003-04,2003-07-16,Qualifying,Qual. Round 1 | Leg 1,Pyunik,KR Reykjavik,1,0
2003-04,2003-07-16,Qualifying,Qual. Round 1 | Leg 1,Vardar Skopje,Barry Town,3,0
2003-04,2003-07-23,Qualifying,Qual. Round 1 | Leg 2,FK Leotar,Grevenmacher,2,0
2003-04,2003-07-23,Qualifying,Qual. Round 1 | Leg 2,HJK Helsinki,Glentoran,1,0
2003-04,2003-07-23,Qualifying,Qual. Round 1 | Leg 2,Flora Tallinn,Sheriff Tiraspol,1,1
2003-04,2003-07-23,Qualifying,Qual. Round 1 | Leg 2,KR Reykjavik,Pyunik,1,1
2003-04,2003-07-23,Qualifying,Qual. Round 1 | Leg 2,Irtysh Pavlodar,Omonia Nicosia,1,2
2003-04,2003-07-23,Qualifying,Qual. Round 1 | Leg 2,Barry Town,Vardar Skopje,2,1
2003-04,2003-07-23,Qualifying,Qual. Round 1 | Leg 2,Skonto,Sliema Wanderers,3,1
2003-04,2003-07-23,Qualifying,Qual. Round 1 | Leg 2,KF Tirana,Dinamo Tbilisi,3,0
2003-04,2003-07-23,Qualifying,Qual. Round 1 | Leg 2,FBK Kaunas,HB,4,1
2003-04,2003-07-23,Qualifying,Qual. Round 1 | Leg 2,Bohemians,BATE Borisov,3,0
2003-04,2003-07-30,Qualifying,Qual. Round 2 | Leg 1,Kobenhavn,Sliema Wanderers,4,1
2003-04,2003-07-30,Qualifying,Qual. Round 2 | Leg 1,Sheriff Tiraspol,Shakhtar Donetsk,0,0
2003-04,2003-07-30,Qualifying,Qual. Round 2 | Leg 1,MTK,HJK Helsinki,3,1
2003-04,2003-07-30,Qualifying,Qual. Round 2 | Leg 1,Rapid Bucuresti,RSC Anderlecht,0,0
2003-04,2003-07-30,Qualifying,Qual. Round 2 | Leg 1,Wisla Krakow,Omonia Nicosia,5,2
2003-04,2003-07-30,Qualifying,Qual. Round 2 | Leg 1,MSK Zilina,Maccabi Tel Aviv,1,0
2003-04,2003-07-30,Qualifying,Qual. Round 2 | Leg 1,Partizan Belgrade,Djurgardens IF,1,1
2003-04,2003-07-30,Qualifying,Qual. Round 2 | Leg 1,Pyunik,CSKA Sofia,0,2
2003-04,2003-07-30,Qualifying,Qual. Round 2 | Leg 1,NK Maribor,Dinamo Zagreb,1,1
2003-04,2003-07-30,Qualifying,Qual. Round 2 | Leg 1,CSKA Moskva,Vardar Skopje,1,2
2003-04,2003-07-30,Qualifying,Qual. Round 2 | Leg 1,FBK Kaunas,Celtic,0,4
2003-04,2003-07-30,Qualifying,Qual. Round 2 | Leg 1,Bohemians,Rosenborg BK,0,1
2003-04,2003-07-30,Qualifying,Qual. Round 2 | Leg 1,FK Leotar,Slavia Praha,1,2
2003-04,2003-07-30,Qualifying,Qual. Round 2 | Leg 1,KF Tirana,Grazer AK,1,5
2003-04,2003-08-06,Qualifying,Qual. Round 2 | Leg 2,RSC Anderlecht,Rapid Bucuresti,3,2
2003-04,2003-08-06,Qualifying,Qual. Round 2 | Leg 2,Maccabi Tel Aviv,MSK Zilina,1,1
2003-04,2003-08-06,Qualifying,Qual. Round 2 | Leg 2,CSKA Sofia,Pyunik,1,0
2003-04,2003-08-06,Qualifying,Qual. Round 2 | Leg 2,Djurgardens IF,Partizan Belgrade,2,2
2003-04,2003-08-06,Qualifying,Qual. Round 2 | Leg 2,Sliema Wanderers,Kobenhavn,0,6
2003-04,2003-08-06,Qualifying,Qual. Round 2 | Leg 2,Omonia Nicosia,Wisla Krakow,2,2
2003-04,2003-08-06,Qualifying,Qual. Round 2 | Leg 2,Shakhtar Donetsk,Sheriff Tiraspol,2,0
2003-04,2003-08-06,Qualifying,Qual. Round 2 | Leg 2,Vardar Skopje,CSKA Moskva,1,1
2003-04,2003-08-06,Qualifying,Qual. Round 2 | Leg 2,Rosenborg BK,Bohemians,4,0
2003-04,2003-08-06,Qualifying,Qual. Round 2 | Leg 2,Slavia Praha,FK Leotar,2,0
2003-04,2003-08-06,Qualifying,Qual. Round 2 | Leg 2,Dinamo Zagreb,NK Maribor,2,1
2003-04,2003-08-06,Qualifying,Qual. Round 2 | Leg 2,Grazer AK,KF Tirana,2,1
2003-04,2003-08-06,Qualifying,Qual. Round 2 | Leg 2,HJK Helsinki,MTK,1,0
2003-04,2003-08-06,Qualifying,Qual. Round 2 | Leg 2,Celtic,FBK Kaunas,1,0
2003-04,2003-08-12,Qualifying,Qual. Round 3 | Leg 1,Vardar Skopje,Sparta Praha,2,3
2003-04,2003-08-12,Qualifying,Qual. Round 3 | Leg 1,MSK Zilina,Chelsea,0,2
2003-04,2003-08-12,Qualifying,Qual. Round 3 | Leg 1,Dinamo Kiev,Dinamo Zagreb,3,1
2003-04,2003-08-12,Qualifying,Qual. Round 3 | Leg 1,Celta Vigo,Slavia Praha,3,0
2003-04,2003-08-12,Qualifying,Qual. Round 3 | Leg 1,Grazer AK,AFC Ajax,1,1
2003-04,2003-08-12,Qualifying,Qual. Round 3 | Leg 1,MTK,Celtic,0,4
2003-04,2003-08-13,Qualifying,Qual. Round 3 | Leg 1,Rangers FC,Kobenhavn,1,1
2003-04,2003-08-13,Qualifying,Qual. Round 3 | Leg 1,Partizan Belgrade,Newcastle United,0,1
2003-04,2003-08-13,Qualifying,Qual. Round 3 | Leg 1,Shakhtar Donetsk,Lokomotiv Moskva,1,0
2003-04,2003-08-13,Qualifying,Qual. Round 3 | Leg 1,RSC Anderlecht,Wisla Krakow,3,1
2003-04,2003-08-13,Qualifying,Qual. Round 3 | Leg 1,SS Lazio,Benfica,3,1
2003-04,2003-08-13,Qualifying,Qual. Round 3 | Leg 1,Austria Wien,Olympique Marseille,0,1
2003-04,2003-08-13,Qualifying,Qual. Round 3 | Leg 1,Grasshoppers Zurich,AEK Athens,1,0
2003-04,2003-08-13,Qualifying,Qual. Round 3 | Leg 1,Club Brugge,Borussia Dortmund,2,1
2003-04,2003-08-13,Qualifying,Qual. Round 3 | Leg 1,Rosenborg BK,Deportivo La Coruna,0,0
2003-04,2003-08-13,Qualifying,Qual. Round 3 | Leg 1,Galatasaray İstanbul AŞ,CSKA Sofia,3,0
2003-04,2003-08-19,Qualifying,Qual. Round 3 | Leg 2,Kobenhavn,Rangers FC,1,2
2003-04,2003-08-19,Qualifying,Qual. Round 3 | Leg 2,Olympique Marseille,Austria Wien,0,0
2003-04,2003-08-19,Qualifying,Qual. Round 3 | Leg 2,Benfica,SS Lazio,0,1
2003-04,2003-08-19,Qualifying,Qual. Round 3 | Leg 2,Deportivo La Coruna,Rosenborg BK,1,0
2003-04,2003-08-19,Qualifying,Qual. Round 3 | Leg 2,AEK Athens,Grasshoppers Zurich,3,1
2003-04,2003-08-19,Qualifying,Qual. Round 3 | Leg 2,Newcastle United,Partizan Belgrade,0,1
2003-04,2003-08-19,Qualifying,Qual. Round 3 | Leg 2,Borussia Dortmund,Club Brugge,2,1
2003-04,2003-08-19,Qualifying,Qual. Round 3 | Leg 2,Wisla Krakow,RSC Anderlecht,0,1
2003-04,2003-08-20,Qualifying,Qual. Round 3 | Leg 2,Chelsea,MSK Zilina,3,0
2003-04,2003-08-20,Qualifying,Qual. Round 3 | Leg 2,Slavia Praha,Celta Vigo,2,0
2003-04,2003-08-20,Qualifying,Qual. Round 3 | Leg 2,AFC Ajax,Grazer AK,1,1
2003-04,2003-08-20,Qualifying,Qual. Round 3 | Leg 2,Celtic,MTK,1,0
2003-04,2003-08-20,Qualifying,Qual. Round 3 | Leg 2,Sparta Praha,Vardar Skopje,2,2
2003-04,2003-08-20,Qualifying,Qual. Round 3 | Leg 2,CSKA Sofia,Galatasaray İstanbul AŞ,0,3
2003-04,2003-08-20,Qualifying,Qual. Round 3 | Leg 2,Dinamo Zagreb,Dinamo Kiev,0,2
2003-04,2003-08-20,Qualifying,Qual. Round 3 | Leg 2,Lokomotiv Moskva,Shakhtar Donetsk,3,1
2003-04,2003-09-16,Group,Matchday ?,Club Brugge,Celta Vigo,1,1
2003-04,2003-09-16,Group,Matchday ?,Milan,AFC Ajax,1,0
2003-04,2003-09-16,Group,Matchday ?,Sparta Praha,Chelsea,0,1
2003-04,2003-09-16,Group,Matchday ?,Beşiktaş İstanbul JK,SS Lazio,0,2
2003-04,2003-09-16,Group,Matchday ?,Manchester United,Panathinaikos FC,5,0
2003-04,2003-09-16,Group,Matchday ?,Partizan Belgrade,FC Porto,1,1
2003-04,2003-09-16,Group,Matchday ?,Rangers FC,Stuttgart,2,1
2003-04,2003-09-16,Group,Matchday ?,Real Madrid,Olympique Marseille,4,2
2003-04,2003-09-17,Group,Matchday ?,AEK Athens,Deportivo La Coruna,1,1
2003-04,2003-09-17,Group,Matchday ?,Real Sociedad,Olympiacos,1,0
2003-04,2003-09-17,Group,Matchday ?,PSV Eindhoven,Monaco,1,2
2003-04,2003-09-17,Group,Matchday ?,Juventus,Galatasaray İstanbul AŞ,2,1
2003-04,2003-09-17,Group,Matchday ?,Olympique Lyon,RSC Anderlecht,1,0
2003-04,2003-09-17,Group,Matchday ?,Arsenal,Internazionale,0,3
2003-04,2003-09-17,Group,Matchday ?,Bayern Munich,Celtic,2,1
2003-04,2003-09-17,Group,Matchday ?,Dinamo Kiev,Lokomotiv Moskva,2,0
2003-04,2003-09-30,Group,Matchday ?,Galatasaray İstanbul AŞ,Real Sociedad,1,2
2003-04,2003-09-30,Group,Matchday ?,Celtic,Olympique Lyon,2,0
2003-04,2003-09-30,Group,Matchday ?,RSC Anderlecht,Bayern Munich,1,1
2003-04,2003-09-30,Group,Matchday ?,Internazionale,Dinamo Kiev,2,1
2003-04,2003-09-30,Group,Matchday ?,Lokomotiv Moskva,Arsenal,0,0
2003-04,2003-09-30,Group,Matchday ?,Deportivo La Coruna,PSV Eindhoven,2,0
2003-04,2003-09-30,Group,Matchday ?,Monaco,AEK Athens,4,0
2003-04,2003-09-30,Group,Matchday ?,Olympiacos,Juventus,1,2
2003-04,2003-10-01,Group,Matchday ?,AFC Ajax,Club Brugge,2,0
2003-04,2003-10-01,Group,Matchday ?,Celta Vigo,Milan,0,0
2003-04,2003-10-01,Group,Matchday ?,SS Lazio,Sparta Praha,2,2
2003-04,2003-10-01,Group,Matchday ?,Chelsea,Beşiktaş İstanbul JK,0,2
2003-04,2003-10-01,Group,Matchday ?,FC Porto,Real Madrid,1,3
2003-04,2003-10-01,Group,Matchday ?,Panathinaikos FC,Rangers FC,1,1
2003-04,2003-10-01,Group,Matchday ?,Stuttgart,Manchester United,2,1
2003-04,2003-10-01,Group,Matchday ?,Olympique Marseille,Partizan Belgrade,3,0
2003-04,2003-10-21,Group,Matchday ?,Olympique Lyon,Bayern Munich,1,1
2003-04,2003-10-21,Group,Matchday ?,RSC Anderlecht,Celtic,1,0
2003-04,2003-10-21,Group,Matchday ?,Dinamo Kiev,Arsenal,2,1
2003-04,2003-10-21,Group,Matchday ?,Lokomotiv Moskva,Internazionale,3,0
2003-04,2003-10-21,Group,Matchday ?,Deportivo La Coruna,Monaco,1,0
2003-04,2003-10-21,Group,Matchday ?,AEK Athens,PSV Eindhoven,0,1
2003-04,2003-10-21,Group,Matchday ?,Galatasaray İstanbul AŞ,Olympiacos,1,0
2003-04,2003-10-21,Group,Matchday ?,Juventus,Real Sociedad,4,2
2003-04,2003-10-22,Group,Matchday ?,Chelsea,SS Lazio,2,1
2003-04,2003-10-22,Group,Matchday ?,Milan,Club Brugge,0,1
2003-04,2003-10-22,Group,Matchday ?,AFC Ajax,Celta Vigo,1,0
2003-04,2003-10-22,Group,Matchday ?,Sparta Praha,Beşiktaş İstanbul JK,2,1
2003-04,2003-10-22,Group,Matchday ?,Olympique Marseille,FC Porto,2,3
2003-04,2003-10-22,Group,Matchday ?,Real Madrid,Partizan Belgrade,1,0
2003-04,2003-10-22,Group,Matchday ?,Stuttgart,Panathinaikos FC,2,0
2003-04,2003-10-22,Group,Matchday ?,Rangers FC,Manchester United,0,1
2003-04,2003-11-04,Group,Matchday ?,Manchester United,Rangers FC,3,0
2003-04,2003-11-04,Group,Matchday ?,Panathinaikos FC,Stuttgart,1,3
2003-04,2003-11-04,Group,Matchday ?,Partizan Belgrade,Real Madrid,0,0
2003-04,2003-11-04,Group,Matchday ?,FC Porto,Olympique Marseille,1,0
2003-04,2003-11-04,Group,Matchday ?,SS Lazio,Chelsea,0,4
2003-04,2003-11-04,Group,Matchday ?,Beşiktaş İstanbul JK,Sparta Praha,1,0
2003-04,2003-11-04,Group,Matchday ?,Celta Vigo,AFC Ajax,3,2
2003-04,2003-11-04,Group,Matchday ?,Club Brugge,Milan,0,1
2003-04,2003-11-05,Group,Matchday ?,Olympiacos,Galatasaray İstanbul AŞ,3,0
2003-04,2003-11-05,Group,Matchday ?,Real Sociedad,Juventus,0,0
2003-04,2003-11-05,Group,Matchday ?,PSV Eindhoven,AEK Athens,2,0
2003-04,2003-11-05,Group,Matchday ?,Monaco,Deportivo La Coruna,8,3
2003-04,2003-11-05,Group,Matchday ?,Arsenal,Dinamo Kiev,1,0
2003-04,2003-11-05,Group,Matchday ?,Celtic,RSC Anderlecht,3,1
2003-04,2003-11-05,Group,Matchday ?,Bayern Munich,Olympique Lyon,1,2
2003-04,2003-11-05,Group,Matchday ?,Internazionale,Lokomotiv Moskva,1,1
2003-04,2003-11-25,Group,Matchday ?,Celtic,Bayern Munich,0,0
2003-04,2003-11-25,Group,Matchday ?,RSC Anderlecht,Olympique Lyon,1,0
2003-04,2003-11-25,Group,Matchday ?,Lokomotiv Moskva,Dinamo Kiev,3,2
2003-04,2003-11-25,Group,Matchday ?,Internazionale,Arsenal,1,5
2003-04,2003-11-25,Group,Matchday ?,Monaco,PSV Eindhoven,1,1
2003-04,2003-11-25,Group,Matchday ?,Deportivo La Coruna,AEK Athens,3,0
2003-04,2003-11-25,Group,Matchday ?,Olympiacos,Real Sociedad,2,2
2003-04,2003-11-26,Group,Matchday ?,Chelsea,Sparta Praha,0,0
2003-04,2003-11-26,Group,Matchday ?,AFC Ajax,Milan,0,1
2003-04,2003-11-26,Group,Matchday ?,Celta Vigo,Club Brugge,1,1
2003-04,2003-11-26,Group,Matchday ?,SS Lazio,Beşiktaş İstanbul JK,1,1
2003-04,2003-11-26,Group,Matchday ?,Panathinaikos FC,Manchester United,0,1
2003-04,2003-11-26,Group,Matchday ?,Stuttgart,Rangers FC,1,0
2003-04,2003-11-26,Group,Matchday ?,Olympique Marseille,Real Madrid,1,2
2003-04,2003-11-26,Group,Matchday ?,FC Porto,Partizan Belgrade,2,1
2003-04,2003-12-02,Group,Matchday ?,Galatasaray İstanbul AŞ,Juventus,2,0
2003-04,2003-12-09,Group,Matchday ?,Club Brugge,AFC Ajax,2,1
2003-04,2003-12-09,Group,Matchday ?,Beşiktaş İstanbul JK,Chelsea,0,2
2003-04,2003-12-09,Group,Matchday ?,Sparta Praha,SS Lazio,1,0
2003-04,2003-12-09,Group,Matchday ?,Milan,Celta Vigo,1,2
2003-04,2003-12-09,Group,Matchday ?,Partizan Belgrade,Olympique Marseille,1,1
2003-04,2003-12-09,Group,Matchday ?,Manchester United,Stuttgart,2,0
2003-04,2003-12-09,Group,Matchday ?,Rangers FC,Panathinaikos FC,1,3
2003-04,2003-12-09,Group,Matchday ?,Real Madrid,FC Porto,1,1
2003-04,2003-12-10,Group,Matchday ?,Dinamo Kiev,Internazionale,1,1
2003-04,2003-12-10,Group,Matchday ?,Olympique Lyon,Celtic,3,2
2003-04,2003-12-10,Group,Matchday ?,Arsenal,Lokomotiv Moskva,2,0
2003-04,2003-12-10,Group,Matchday ?,Bayern Munich,RSC Anderlecht,1,0
2003-04,2003-12-10,Group,Matchday ?,Real Sociedad,Galatasaray İstanbul AŞ,1,1
2003-04,2003-12-10,Group,Matchday ?,Juventus,Olympiacos,7,0
2003-04,2003-12-10,Group,Matchday ?,PSV Eindhoven,Deportivo La Coruna,3,2
2003-04,2003-12-10,Group,Matchday ?,AEK Athens,Monaco,0,0
2003-04,2004-02-24,Knockout,Round of 16 | Leg 1,Lokomotiv Moskva,Monaco,2,1
2003-04,2004-02-24,Knockout,Round of 16 | Leg 1,Celta Vigo,Arsenal,2,3
2003-04,2004-02-24,Knockout,Round of 16 | Leg 1,Bayern Munich,Real Madrid,1,1
2003-04,2004-02-24,Knockout,Round of 16 | Leg 1,Sparta Praha,Milan,0,0
2003-04,2004-02-25,Knockout,Round of 16 | Leg 1,Real Sociedad,Olympique Lyon,0,1
2003-04,2004-02-25,Knockout,Round of 16 | Leg 1,Stuttgart,Chelsea,0,1
2003-04,2004-02-25,Knockout,Round of 16 | Leg 1,Deportivo La Coruna,Juventus,1,0
2003-04,2004-02-25,Knockout,Round of 16 | Leg 1,FC Porto,Manchester United,2,1
2003-04,2004-03-09,Knockout,Round of 16 | Leg 2,Chelsea,Stuttgart,0,0
2003-04,2004-03-09,Knockout,Round of 16 | Leg 2,Juventus,Deportivo La Coruna,0,1
2003-04,2004-03-09,Knockout,Round of 16 | Leg 2,Manchester United,FC Porto,1,1
2003-04,2004-03-09,Knockout,Round of 16 | Leg 2,Olympique Lyon,Real Sociedad,1,0
2003-04,2004-03-10,Knockout,Round of 16 | Leg 2,Real Madrid,Bayern Munich,1,0
2003-04,2004-03-10,Knockout,Round of 16 | Leg 2,Monaco,Lokomotiv Moskva,1,0
2003-04,2004-03-10,Knockout,Round of 16 | Leg 2,Milan,Sparta Praha,4,1
2003-04,2004-03-10,Knockout,Round of 16 | Leg 2,Arsenal,Celta Vigo,2,0
2003-04,2004-03-23,Knockout,Quarterfinals | Leg 1,Milan,Deportivo La Coruna,4,1
2003-04,2004-03-23,Knockout,Quarterfinals | Leg 1,FC Porto,Olympique Lyon,2,0
2003-04,2004-03-24,Knockout,Quarterfinals | Leg 1,Real Madrid,Monaco,4,2
2003-04,2004-03-24,Knockout,Quarterfinals | Leg 1,Chelsea,Arsenal,1,1
2003-04,2004-04-06,Knockout,Quarterfinals | Leg 2,Monaco,Real Madrid,3,1
2003-04,2004-04-06,Knockout,Quarterfinals | Leg 2,Arsenal,Chelsea,1,2
2003-04,2004-04-07,Knockout,Quarterfinals | Leg 2,Deportivo La Coruna,Milan,4,0
2003-04,2004-04-07,Knockout,Quarterfinals | Leg 2,Olympique Lyon,FC Porto,2,2
2003-04,2004-04-20,Knockout,Semifinals | Leg 1,Monaco,Chelsea,3,1
2003-04,2004-04-21,Knockout,Semifinals | Leg 1,FC Porto,Deportivo La Coruna,0,0
2003-04,2004-05-04,Knockout,Semifinals | Leg 2,Deportivo La Coruna,FC Porto,0,1
2003-04,2004-05-05,Knockout,Semifinals | Leg 2,Chelsea,Monaco,2,2
2003-04,2004-05-26,Knockout,Final,FC Porto,Monaco,3,0
2004-05,2004-07-13,Qualifying,Qual. Round 1 | Leg 1,Sliema Wanderers,FBK Kaunas,0,2
2004-05,2004-07-13,Qualifying,Qual. Round 1 | Leg 1,NK Siroki Brijeg,Neftchi PFC Baku,2,1
2004-05,2004-07-13,Qualifying,Qual. Round 1 | Leg 1,FK Pobeda,Pyunik,1,3
2004-05,2004-07-14,Qualifying,Qual. Round 1 | Leg 1,Sheriff Tiraspol,Jeunesse Esch,2,0
2004-05,2004-07-14,Qualifying,Qual. Round 1 | Leg 1,Linfield,HJK Helsinki,0,1
2004-05,2004-07-14,Qualifying,Qual. Round 1 | Leg 1,Skonto,Rhyl,4,0
2004-05,2004-07-14,Qualifying,Qual. Round 1 | Leg 1,WIT Georgia,HB,5,0
2004-05,2004-07-14,Qualifying,Qual. Round 1 | Leg 1,KR Reykjavik,Shelbourne,2,2
2004-05,2004-07-14,Qualifying,Qual. Round 1 | Leg 1,Flora Tallinn,HNK Gorica,2,4
2004-05,2004-07-14,Qualifying,Qual. Round 1 | Leg 1,Gomel,KF Tirana,0,2
2004-05,2004-07-21,Qualifying,Qual. Round 1 | Leg 2,HNK Gorica,Flora Tallinn,3,1
2004-05,2004-07-21,Qualifying,Qual. Round 1 | Leg 2,Shelbourne,KR Reykjavik,0,0
2004-05,2004-07-21,Qualifying,Qual. Round 1 | Leg 2,Neftchi PFC Baku,NK Siroki Brijeg,1,0
2004-05,2004-07-21,Qualifying,Qual. Round 1 | Leg 2,FBK Kaunas,Sliema Wanderers,4,1
2004-05,2004-07-21,Qualifying,Qual. Round 1 | Leg 2,Pyunik,FK Pobeda,1,1
2004-05,2004-07-21,Qualifying,Qual. Round 1 | Leg 2,HJK Helsinki,Linfield,1,0
2004-05,2004-07-21,Qualifying,Qual. Round 1 | Leg 2,Rhyl,Skonto,1,3
2004-05,2004-07-21,Qualifying,Qual. Round 1 | Leg 2,Jeunesse Esch,Sheriff Tiraspol,1,0
2004-05,2004-07-21,Qualifying,Qual. Round 1 | Leg 2,HB,WIT Georgia,3,2
2004-05,2004-07-21,Qualifying,Qual. Round 1 | Leg 2,KF Tirana,Gomel,0,1
2004-05,2004-07-27,Qualifying,Qual. Round 2 | Leg 1,WIT Georgia,Wisla Krakow,2,8
2004-05,2004-07-27,Qualifying,Qual. Round 2 | Leg 1,HJK Helsinki,Maccabi Tel Aviv,0,0
2004-05,2004-07-27,Qualifying,Qual. Round 2 | Leg 1,KF Tirana,Ferencvaros,2,3
2004-05,2004-07-27,Qualifying,Qual. Round 2 | Leg 1,Pyunik,Shakhtar Donetsk,1,3
2004-05,2004-07-27,Qualifying,Qual. Round 2 | Leg 1,HNK Gorica,Kobenhavn,1,2
2004-05,2004-07-27,Qualifying,Qual. Round 2 | Leg 1,Neftchi PFC Baku,CSKA Moskva,0,0
2004-05,2004-07-28,Qualifying,Qual. Round 2 | Leg 1,Club Brugge,PFC Lokomotiv Plovdiv,2,0
2004-05,2004-07-28,Qualifying,Qual. Round 2 | Leg 1,Skonto,Trabzonspor AŞ,1,1
2004-05,2004-07-28,Qualifying,Qual. Round 2 | Leg 1,Hajduk Split,Shelbourne,3,2
2004-05,2004-07-28,Qualifying,Qual. Round 2 | Leg 1,APOEL Nikosia,Sparta Praha,2,2
2004-05,2004-07-28,Qualifying,Qual. Round 2 | Leg 1,Rosenborg BK,Sheriff Tiraspol,2,1
2004-05,2004-07-28,Qualifying,Qual. Round 2 | Leg 1,MSK Zilina,Dinamo Bucuresti,0,1
2004-05,2004-07-28,Qualifying,Qual. Round 2 | Leg 1,Young Boys,Crvena Zvezda,2,2
2004-05,2004-07-28,Qualifying,Qual. Round 2 | Leg 1,Djurgardens IF,FBK Kaunas,0,0
2004-05,2004-08-04,Qualifying,Qual. Round 2 | Leg 2,Wisla Krakow,WIT Georgia,3,0
2004-05,2004-08-04,Qualifying,Qual. Round 2 | Leg 2,Maccabi Tel Aviv,HJK Helsinki,1,0
2004-05,2004-08-04,Qualifying,Qual. Round 2 | Leg 2,Shelbourne,Hajduk Split,2,0
2004-05,2004-08-04,Qualifying,Qual. Round 2 | Leg 2,Trabzonspor AŞ,Skonto,3,0
2004-05,2004-08-04,Qualifying,Qual. Round 2 | Leg 2,Sheriff Tiraspol,Rosenborg BK,0,2
2004-05,2004-08-04,Qualifying,Qual. Round 2 | Leg 2,Kobenhavn,HNK Gorica,0,5
2004-05,2004-08-04,Qualifying,Qual. Round 2 | Leg 2,Shakhtar Donetsk,Pyunik,1,0
2004-05,2004-08-04,Qualifying,Qual. Round 2 | Leg 2,Sparta Praha,APOEL Nikosia,2,1
2004-05,2004-08-04,Qualifying,Qual. Round 2 | Leg 2,FBK Kaunas,Djurgardens IF,0,2
2004-05,2004-08-04,Qualifying,Qual. Round 2 | Leg 2,Ferencvaros,KF Tirana,0,1
2004-05,2004-08-04,Qualifying,Qual. Round 2 | Leg 2,CSKA Moskva,Neftchi PFC Baku,2,0
2004-05,2004-08-04,Qualifying,Qual. Round 2 | Leg 2,Crvena Zvezda,Young Boys,3,0
2004-05,2004-08-04,Qualifying,Qual. Round 2 | Leg 2,PFC Lokomotiv Plovdiv,Club Brugge,0,4
2004-05,2004-08-04,Qualifying,Qual. Round 2 | Leg 2,Dinamo Bucuresti,MSK Zilina,1,0
2004-05,2004-08-10,Qualifying,Qual. Round 3 | Leg 1,PAOK FC,Maccabi Tel Aviv,0,3
2004-05,2004-08-10,Qualifying,Qual. Round 3 | Leg 1,Benfica,RSC Anderlecht,1,0
2004-05,2004-08-10,Qualifying,Qual. Round 3 | Leg 1,Dinamo Kiev,Trabzonspor AŞ,1,2
2004-05,2004-08-10,Qualifying,Qual. Round 3 | Leg 1,Grazer AK,Liverpool,0,2
2004-05,2004-08-10,Qualifying,Qual. Round 3 | Leg 1,CSKA Moskva,Rangers FC,2,1
2004-05,2004-08-10,Qualifying,Qual. Round 3 | Leg 1,Juventus,Djurgardens IF,2,2
2004-05,2004-08-11,Qualifying,Qual. Round 3 | Leg 1,Shelbourne,Deportivo La Coruna,0,0
2004-05,2004-08-11,Qualifying,Qual. Round 3 | Leg 1,Dinamo Bucuresti,Manchester United,1,2
2004-05,2004-08-11,Qualifying,Qual. Round 3 | Leg 1,Ferencvaros,Sparta Praha,1,0
2004-05,2004-08-11,Qualifying,Qual. Round 3 | Leg 1,Rosenborg BK,Maccabi Haifa,2,1
2004-05,2004-08-11,Qualifying,Qual. Round 3 | Leg 1,Wisla Krakow,Real Madrid,0,2
2004-05,2004-08-11,Qualifying,Qual. Round 3 | Leg 1,Crvena Zvezda,PSV Eindhoven,3,2
2004-05,2004-08-11,Qualifying,Qual. Round 3 | Leg 1,Basel,Internazionale,1,1
2004-05,2004-08-11,Qualifying,Qual. Round 3 | Leg 1,Leverkusen,Banik Ostrava,5,0
2004-05,2004-08-11,Qualifying,Qual. Round 3 | Leg 1,HNK Gorica,Monaco,0,3
2004-05,2004-08-11,Qualifying,Qual. Round 3 | Leg 1,Shakhtar Donetsk,Club Brugge,4,1
2004-05,2004-08-24,Qualifying,Qual. Round 3 | Leg 2,RSC Anderlecht,Benfica,3,0
2004-05,2004-08-24,Qualifying,Qual. Round 3 | Leg 2,Monaco,HNK Gorica,6,0
2004-05,2004-08-24,Qualifying,Qual. Round 3 | Leg 2,Internazionale,Basel,4,1
2004-05,2004-08-24,Qualifying,Qual. Round 3 | Leg 2,Deportivo La Coruna,Shelbourne,3,0
2004-05,2004-08-24,Qualifying,Qual. Round 3 | Leg 2,Liverpool,Grazer AK,0,1
2004-05,2004-08-24,Qualifying,Qual. Round 3 | Leg 2,Trabzonspor AŞ,Dinamo Kiev,0,2
2004-05,2004-08-24,Qualifying,Qual. Round 3 | Leg 2,Maccabi Haifa,Rosenborg BK,2,1
2004-05,2004-08-24,Qualifying,Qual. Round 3 | Leg 2,Rangers FC,CSKA Moskva,1,1
2004-05,2004-08-25,Qualifying,Qual. Round 3 | Leg 2,PSV Eindhoven,Crvena Zvezda,5,0
2004-05,2004-08-25,Qualifying,Qual. Round 3 | Leg 2,Banik Ostrava,Leverkusen,2,1
2004-05,2004-08-25,Qualifying,Qual. Round 3 | Leg 2,Real Madrid,Wisla Krakow,3,1
2004-05,2004-08-25,Qualifying,Qual. Round 3 | Leg 2,Club Brugge,Shakhtar Donetsk,2,2
2004-05,2004-08-25,Qualifying,Qual. Round 3 | Leg 2,Sparta Praha,Ferencvaros,1,0
2004-05,2004-08-25,Qualifying,Qual. Round 3 | Leg 2,Maccabi Tel Aviv,PAOK FC,1,0
2004-05,2004-08-25,Qualifying,Qual. Round 3 | Leg 2,Djurgardens IF,Juventus,1,4
2004-05,2004-08-25,Qualifying,Qual. Round 3 | Leg 2,Manchester United,Dinamo Bucuresti,3,0
2004-05,2004-09-14,Group,Matchday ?,FC Porto,CSKA Moskva,0,0
2004-05,2004-09-14,Group,Matchday ?,Paris Saint-Germain,Chelsea,0,3
2004-05,2004-09-14,Group,Matchday ?,Internazionale,Werder Bremen,2,0
2004-05,2004-09-14,Group,Matchday ?,Valencia CF,RSC Anderlecht,2,0
2004-05,2004-09-14,Group,Matchday ?,Shakhtar Donetsk,Milan,0,1
2004-05,2004-09-14,Group,Matchday ?,Arsenal,PSV Eindhoven,1,0
2004-05,2004-09-14,Group,Matchday ?,Panathinaikos FC,Rosenborg BK,2,1
2004-05,2004-09-14,Group,Matchday ?,Celtic,Barcelona,1,3
2004-05,2004-09-15,Group,Matchday ?,Liverpool,Monaco,2,0
2004-05,2004-09-15,Group,Matchday ?,AS Roma,Dinamo Kiev,0,3
2004-05,2004-09-15,Group,Matchday ?,Deportivo La Coruna,Olympiacos,0,0
2004-05,2004-09-15,Group,Matchday ?,Leverkusen,Real Madrid,3,0
2004-05,2004-09-15,Group,Matchday ?,AFC Ajax,Juventus,0,1
2004-05,2004-09-15,Group,Matchday ?,Olympique Lyon,Manchester United,2,2
2004-05,2004-09-15,Group,Matchday ?,Fenerbahçe İstanbul SK,Sparta Praha,1,0
2004-05,2004-09-15,Group,Matchday ?,Maccabi Tel Aviv,Bayern Munich,0,1
2004-05,2004-09-28,Group,Matchday ?,Monaco,Deportivo La Coruna,2,0
2004-05,2004-09-28,Group,Matchday ?,Olympiacos,Liverpool,1,0
2004-05,2004-09-28,Group,Matchday ?,Real Madrid,AS Roma,4,2
2004-05,2004-09-28,Group,Matchday ?,Bayern Munich,AFC Ajax,4,0
2004-05,2004-09-28,Group,Matchday ?,Manchester United,Fenerbahçe İstanbul SK,6,2
2004-05,2004-09-28,Group,Matchday ?,Sparta Praha,Olympique Lyon,1,2
2004-05,2004-09-28,Group,Matchday ?,Juventus,Maccabi Tel Aviv,1,0
2004-05,2004-09-28,Group,Matchday ?,Dinamo Kiev,Leverkusen,4,2
2004-05,2004-09-29,Group,Matchday ?,Milan,Celtic,3,1
2004-05,2004-09-29,Group,Matchday ?,Chelsea,FC Porto,3,1
2004-05,2004-09-29,Group,Matchday ?,CSKA Moskva,Paris Saint-Germain,2,0
2004-05,2004-09-29,Group,Matchday ?,RSC Anderlecht,Internazionale,1,3
2004-05,2004-09-29,Group,Matchday ?,Werder Bremen,Valencia CF,2,1
2004-05,2004-09-29,Group,Matchday ?,Barcelona,Shakhtar Donetsk,3,0
2004-05,2004-09-29,Group,Matchday ?,PSV Eindhoven,Panathinaikos FC,1,0
2004-05,2004-09-29,Group,Matchday ?,Rosenborg BK,Arsenal,1,1
2004-05,2004-10-19,Group,Matchday ?,Liverpool,Deportivo La Coruna,0,0
2004-05,2004-10-19,Group,Matchday ?,Leverkusen,AS Roma,3,1
2004-05,2004-10-19,Group,Matchday ?,Fenerbahçe İstanbul SK,Olympique Lyon,1,3
2004-05,2004-10-19,Group,Matchday ?,Monaco,Olympiacos,2,1
2004-05,2004-10-19,Group,Matchday ?,Sparta Praha,Manchester United,0,0
2004-05,2004-10-19,Group,Matchday ?,Juventus,Bayern Munich,1,0
2004-05,2004-10-19,Group,Matchday ?,AFC Ajax,Maccabi Tel Aviv,3,0
2004-05,2004-10-19,Group,Matchday ?,Real Madrid,Dinamo Kiev,1,0
2004-05,2004-10-20,Group,Matchday ?,Shakhtar Donetsk,Celtic,3,0
2004-05,2004-10-20,Group,Matchday ?,Milan,Barcelona,1,0
2004-05,2004-10-20,Group,Matchday ?,RSC Anderlecht,Werder Bremen,1,2
2004-05,2004-10-20,Group,Matchday ?,Rosenborg BK,PSV Eindhoven,1,2
2004-05,2004-10-20,Group,Matchday ?,Paris Saint-Germain,FC Porto,2,0
2004-05,2004-10-20,Group,Matchday ?,Chelsea,CSKA Moskva,2,0
2004-05,2004-10-20,Group,Matchday ?,Valencia CF,Internazionale,1,5
2004-05,2004-10-20,Group,Matchday ?,Panathinaikos FC,Arsenal,2,2
2004-05,2004-11-02,Group,Matchday ?,FC Porto,Paris Saint-Germain,0,0
2004-05,2004-11-02,Group,Matchday ?,Barcelona,Milan,2,1
2004-05,2004-11-02,Group,Matchday ?,PSV Eindhoven,Rosenborg BK,1,0
2004-05,2004-11-02,Group,Matchday ?,Arsenal,Panathinaikos FC,1,1
2004-05,2004-11-02,Group,Matchday ?,CSKA Moskva,Chelsea,0,1
2004-05,2004-11-02,Group,Matchday ?,Celtic,Shakhtar Donetsk,1,0
2004-05,2004-11-02,Group,Matchday ?,Internazionale,Valencia CF,0,0
2004-05,2004-11-02,Group,Matchday ?,Werder Bremen,RSC Anderlecht,5,1
2004-05,2004-11-03,Group,Matchday ?,AS Roma,Leverkusen,1,1
2004-05,2004-11-03,Group,Matchday ?,Deportivo La Coruna,Liverpool,0,1
2004-05,2004-11-03,Group,Matchday ?,Dinamo Kiev,Real Madrid,2,2
2004-05,2004-11-03,Group,Matchday ?,Olympiacos,Monaco,1,0
2004-05,2004-11-03,Group,Matchday ?,Bayern Munich,Juventus,0,1
2004-05,2004-11-03,Group,Matchday ?,Olympique Lyon,Fenerbahçe İstanbul SK,4,2
2004-05,2004-11-03,Group,Matchday ?,Manchester United,Sparta Praha,4,1
2004-05,2004-11-03,Group,Matchday ?,Maccabi Tel Aviv,AFC Ajax,2,1
2004-05,2004-11-23,Group,Matchday ?,Manchester United,Olympique Lyon,2,1
2004-05,2004-11-23,Group,Matchday ?,Juventus,AFC Ajax,1,0
2004-05,2004-11-23,Group,Matchday ?,Bayern Munich,Maccabi Tel Aviv,5,1
2004-05,2004-11-23,Group,Matchday ?,Sparta Praha,Fenerbahçe İstanbul SK,0,1
2004-05,2004-11-23,Group,Matchday ?,Real Madrid,Leverkusen,1,1
2004-05,2004-11-23,Group,Matchday ?,Olympiacos,Deportivo La Coruna,1,0
2004-05,2004-11-23,Group,Matchday ?,Monaco,Liverpool,1,0
2004-05,2004-11-23,Group,Matchday ?,Dinamo Kiev,AS Roma,2,0
2004-05,2004-11-24,Group,Matchday ?,Barcelona,Celtic,1,1
2004-05,2004-11-24,Group,Matchday ?,Rosenborg BK,Panathinaikos FC,2,2
2004-05,2004-11-24,Group,Matchday ?,PSV Eindhoven,Arsenal,1,1
2004-05,2004-11-24,Group,Matchday ?,Milan,Shakhtar Donetsk,4,0
2004-05,2004-11-24,Group,Matchday ?,RSC Anderlecht,Valencia CF,1,2
2004-05,2004-11-24,Group,Matchday ?,Werder Bremen,Internazionale,1,1
2004-05,2004-11-24,Group,Matchday ?,Chelsea,Paris Saint-Germain,0,0
2004-05,2004-11-24,Group,Matchday ?,CSKA Moskva,FC Porto,0,1
2004-05,2004-12-07,Group,Matchday ?,FC Porto,Chelsea,2,1
2004-05,2004-12-07,Group,Matchday ?,Internazionale,RSC Anderlecht,3,0
2004-05,2004-12-07,Group,Matchday ?,Valencia CF,Werder Bremen,0,2
2004-05,2004-12-07,Group,Matchday ?,Paris Saint-Germain,CSKA Moskva,1,3
2004-05,2004-12-07,Group,Matchday ?,Shakhtar Donetsk,Barcelona,2,0
2004-05,2004-12-07,Group,Matchday ?,Panathinaikos FC,PSV Eindhoven,4,1
2004-05,2004-12-07,Group,Matchday ?,Arsenal,Rosenborg BK,5,1
2004-05,2004-12-07,Group,Matchday ?,Celtic,Milan,0,0
2004-05,2004-12-08,Group,Matchday ?,AFC Ajax,Bayern Munich,2,2
2004-05,2004-12-08,Group,Matchday ?,Fenerbahçe İstanbul SK,Manchester United,3,0
2004-05,2004-12-08,Group,Matchday ?,Olympique Lyon,Sparta Praha,5,0
2004-05,2004-12-08,Group,Matchday ?,Leverkusen,Dinamo Kiev,3,0
2004-05,2004-12-08,Group,Matchday ?,AS Roma,Real Madrid,0,3
2004-05,2004-12-08,Group,Matchday ?,Deportivo La Coruna,Monaco,0,5
2004-05,2004-12-08,Group,Matchday ?,Maccabi Tel Aviv,Juventus,1,1
2004-05,2004-12-08,Group,Matchday ?,Liverpool,Olympiacos,3,1
2004-05,2005-02-22,Knockout,Round of 16 | Leg 1,Bayern Munich,Arsenal,3,1
2004-05,2005-02-22,Knockout,Round of 16 | Leg 1,PSV Eindhoven,Monaco,1,0
2004-05,2005-02-22,Knockout,Round of 16 | Leg 1,Real Madrid,Juventus,1,0
2004-05,2005-02-22,Knockout,Round of 16 | Leg 1,Liverpool,Leverkusen,3,1
2004-05,2005-02-23,Knockout,Round of 16 | Leg 1,Werder Bremen,Olympique Lyon,0,3
2004-05,2005-02-23,Knockout,Round of 16 | Leg 1,FC Porto,Internazionale,1,1
2004-05,2005-02-23,Knockout,Round of 16 | Leg 1,Manchester United,Milan,0,1
2004-05,2005-02-23,Knockout,Round of 16 | Leg 1,Barcelona,Chelsea,2,1
2004-05,2005-03-08,Knockout,Round of 16 | Leg 2,Chelsea,Barcelona,4,2
2004-05,2005-03-08,Knockout,Round of 16 | Leg 2,Milan,Manchester United,1,0
2004-05,2005-03-08,Knockout,Round of 16 | Leg 2,Olympique Lyon,Werder Bremen,7,2
2004-05,2005-03-09,Knockout,Round of 16 | Leg 2,Juventus,Real Madrid,1,0
2004-05,2005-03-09,Knockout,Round of 16 | Leg 2,Leverkusen,Liverpool,1,3
2004-05,2005-03-09,Knockout,Round of 16 | Leg 2,Arsenal,Bayern Munich,1,0
2004-05,2005-03-09,Knockout,Round of 16 | Leg 2,Monaco,PSV Eindhoven,0,2
2004-05,2005-03-15,Knockout,Round of 16 | Leg 2,Internazionale,FC Porto,3,1
2004-05,2005-04-05,Knockout,Quarterfinals | Leg 1,Liverpool,Juventus,2,1
2004-05,2005-04-05,Knockout,Quarterfinals | Leg 1,Olympique Lyon,PSV Eindhoven,1,1
2004-05,2005-04-06,Knockout,Quarterfinals | Leg 1,Chelsea,Bayern Munich,4,2
2004-05,2005-04-06,Knockout,Quarterfinals | Leg 1,Milan,Internazionale,2,0
2004-05,2005-04-12,Knockout,Quarterfinals | Leg 2,Bayern Munich,Chelsea,3,2
2004-05,2005-04-12,Knockout,Quarterfinals | Leg 2,Internazionale,Milan,0,3
2004-05,2005-04-13,Knockout,Quarterfinals | Leg 2,PSV Eindhoven,Olympique Lyon,1,1
2004-05,2005-04-13,Knockout,Quarterfinals | Leg 2,Juventus,Liverpool,0,0
2004-05,2005-04-26,Knockout,Semifinals | Leg 1,Milan,PSV Eindhoven,2,0
2004-05,2005-04-27,Knockout,Semifinals | Leg 1,Chelsea,Liverpool,0,0
2004-05,2005-05-03,Knockout,Semifinals | Leg 2,Liverpool,Chelsea,1,0
2004-05,2005-05-04,Knockout,Semifinals | Leg 2,PSV Eindhoven,Milan,3,1
2004-05,2005-05-25,Knockout,Final,Liverpool,Milan,3,3
2005-06,2005-07-12,Qualifying,Qual. Round 1 | Leg 1,Sliema Wanderers,Sheriff Tiraspol,1,4
2005-06,2005-07-12,Qualifying,Qual. Round 1 | Leg 1,Rabotnicki,Skonto,6,0
2005-06,2005-07-12,Qualifying,Qual. Round 1 | Leg 1,Kairat,Petrzalka Akademia,2,0
2005-06,2005-07-12,Qualifying,Qual. Round 1 | Leg 1,Neftchi PFC Baku,FH,2,0
2005-06,2005-07-12,Qualifying,Qual. Round 1 | Leg 1,Levadia,Dinamo Tbilisi,1,0
2005-06,2005-07-12,Qualifying,Qual. Round 1 | Leg 1,Dinamo Minsk,Anorthosis Famagusta,1,1
2005-06,2005-07-13,Qualifying,Qual. Round 1 | Leg 1,F91 Dudelange,HSK Zrinjski Mostar,0,1
2005-06,2005-07-13,Qualifying,Qual. Round 1 | Leg 1,Glentoran,Shelbourne,1,2
2005-06,2005-07-13,Qualifying,Qual. Round 1 | Leg 1,Liverpool,The New Saints,3,0
2005-06,2005-07-13,Qualifying,Qual. Round 1 | Leg 1,Haka Valkeakoski,Pyunik,1,0
2005-06,2005-07-13,Qualifying,Qual. Round 1 | Leg 1,HB,FBK Kaunas,2,4
2005-06,2005-07-13,Qualifying,Qual. Round 1 | Leg 1,HNK Gorica,KF Tirana,2,0
2005-06,2005-07-19,Qualifying,Qual. Round 1 | Leg 2,Dinamo Tbilisi,Levadia,2,0
2005-06,2005-07-19,Qualifying,Qual. Round 1 | Leg 2,FBK Kaunas,HB,4,0
2005-06,2005-07-19,Qualifying,Qual. Round 1 | Leg 2,The New Saints,Liverpool,0,3
2005-06,2005-07-20,Qualifying,Qual. Round 1 | Leg 2,Sheriff Tiraspol,Sliema Wanderers,2,0
2005-06,2005-07-20,Qualifying,Qual. Round 1 | Leg 2,FH,Neftchi PFC Baku,1,2
2005-06,2005-07-20,Qualifying,Qual. Round 1 | Leg 2,Skonto,Rabotnicki,1,0
2005-06,2005-07-20,Qualifying,Qual. Round 1 | Leg 2,Petrzalka Akademia,Kairat,2,0
2005-06,2005-07-20,Qualifying,Qual. Round 1 | Leg 2,HSK Zrinjski Mostar,F91 Dudelange,0,1
2005-06,2005-07-20,Qualifying,Qual. Round 1 | Leg 2,Shelbourne,Glentoran,4,1
2005-06,2005-07-20,Qualifying,Qual. Round 1 | Leg 2,KF Tirana,HNK Gorica,3,0
2005-06,2005-07-20,Qualifying,Qual. Round 1 | Leg 2,Anorthosis Famagusta,Dinamo Minsk,1,0
2005-06,2005-07-20,Qualifying,Qual. Round 1 | Leg 2,Pyunik,Haka Valkeakoski,2,2
2005-06,2005-07-26,Qualifying,Qual. Round 2 | Leg 1,RSC Anderlecht,Neftchi PFC Baku,5,0
2005-06,2005-07-26,Qualifying,Qual. Round 2 | Leg 1,Valerenga IF,Haka Valkeakoski,1,0
2005-06,2005-07-26,Qualifying,Qual. Round 2 | Leg 1,FBK Kaunas,Liverpool,1,3
2005-06,2005-07-26,Qualifying,Qual. Round 2 | Leg 1,Anorthosis Famagusta,Trabzonspor AŞ,3,1
2005-06,2005-07-26,Qualifying,Qual. Round 2 | Leg 1,Dinamo Tbilisi,Brondby IF,0,2
2005-06,2005-07-26,Qualifying,Qual. Round 2 | Leg 1,Dinamo Kiev,Thun,2,2
2005-06,2005-07-27,Qualifying,Qual. Round 2 | Leg 1,Petrzalka Akademia,Celtic,5,0
2005-06,2005-07-27,Qualifying,Qual. Round 2 | Leg 1,KF Tirana,CSKA Sofia,0,2
2005-06,2005-07-27,Qualifying,Qual. Round 2 | Leg 1,Debreceni VSC,Hajduk Split,3,0
2005-06,2005-07-27,Qualifying,Qual. Round 2 | Leg 1,F91 Dudelange,Rapid Wien,1,6
2005-06,2005-07-27,Qualifying,Qual. Round 2 | Leg 1,Rabotnicki,Lokomotiv Moskva,1,1
2005-06,2005-07-27,Qualifying,Qual. Round 2 | Leg 1,Shelbourne,Steaua Bucuresti,0,0
2005-06,2005-07-27,Qualifying,Qual. Round 2 | Leg 1,Partizan Belgrade,Sheriff Tiraspol,1,0
2005-06,2005-07-27,Qualifying,Qual. Round 2 | Leg 1,Malmo FF,Maccabi Haifa,3,2
2005-06,2005-08-02,Qualifying,Qual. Round 2 | Leg 2,Celtic,Petrzalka Akademia,4,0
2005-06,2005-08-02,Qualifying,Qual. Round 2 | Leg 2,Liverpool,FBK Kaunas,2,0
2005-06,2005-08-03,Qualifying,Qual. Round 2 | Leg 2,Haka Valkeakoski,Valerenga IF,1,4
2005-06,2005-08-03,Qualifying,Qual. Round 2 | Leg 2,Maccabi Haifa,Malmo FF,2,2
2005-06,2005-08-03,Qualifying,Qual. Round 2 | Leg 2,Neftchi PFC Baku,RSC Anderlecht,1,0
2005-06,2005-08-03,Qualifying,Qual. Round 2 | Leg 2,Lokomotiv Moskva,Rabotnicki,2,0
2005-06,2005-08-03,Qualifying,Qual. Round 2 | Leg 2,Hajduk Split,Debreceni VSC,0,5
2005-06,2005-08-03,Qualifying,Qual. Round 2 | Leg 2,Steaua Bucuresti,Shelbourne,4,1
2005-06,2005-08-03,Qualifying,Qual. Round 2 | Leg 2,Thun,Dinamo Kiev,1,0
2005-06,2005-08-03,Qualifying,Qual. Round 2 | Leg 2,Sheriff Tiraspol,Partizan Belgrade,0,1
2005-06,2005-08-03,Qualifying,Qual. Round 2 | Leg 2,CSKA Sofia,KF Tirana,2,0
2005-06,2005-08-03,Qualifying,Qual. Round 2 | Leg 2,Brondby IF,Dinamo Tbilisi,3,1
2005-06,2005-08-03,Qualifying,Qual. Round 2 | Leg 2,Trabzonspor AŞ,Anorthosis Famagusta,1,0
2005-06,2005-08-03,Qualifying,Qual. Round 2 | Leg 2,Rapid Wien,F91 Dudelange,3,2
2005-06,2005-08-09,Qualifying,Qual. Round 3 | Leg 1,Wisla Krakow,Panathinaikos FC,3,1
2005-06,2005-08-09,Qualifying,Qual. Round 3 | Leg 1,Real Betis,Monaco,1,0
2005-06,2005-08-09,Qualifying,Qual. Round 3 | Leg 1,Valerenga IF,Club Brugge,1,0
2005-06,2005-08-09,Qualifying,Qual. Round 3 | Leg 1,Manchester United,Debreceni VSC,3,0
2005-06,2005-08-09,Qualifying,Qual. Round 3 | Leg 1,Anorthosis Famagusta,Rangers FC,1,2
2005-06,2005-08-09,Qualifying,Qual. Round 3 | Leg 1,Everton FC,Villarreal,1,2
2005-06,2005-08-10,Qualifying,Qual. Round 3 | Leg 1,Sporting CP,Udinese Calcio,0,1
2005-06,2005-08-10,Qualifying,Qual. Round 3 | Leg 1,Petrzalka Akademia,Partizan Belgrade,0,0
2005-06,2005-08-10,Qualifying,Qual. Round 3 | Leg 1,RSC Anderlecht,Slavia Praha,2,1
2005-06,2005-08-10,Qualifying,Qual. Round 3 | Leg 1,Steaua Bucuresti,Rosenborg BK,1,1
2005-06,2005-08-10,Qualifying,Qual. Round 3 | Leg 1,Malmo FF,Thun,0,1
2005-06,2005-08-10,Qualifying,Qual. Round 3 | Leg 1,Brondby IF,AFC Ajax,2,2
2005-06,2005-08-10,Qualifying,Qual. Round 3 | Leg 1,Shakhtar Donetsk,Internazionale,0,2
2005-06,2005-08-10,Qualifying,Qual. Round 3 | Leg 1,CSKA Sofia,Liverpool,1,3
2005-06,2005-08-10,Qualifying,Qual. Round 3 | Leg 1,Basel,Werder Bremen,2,1
2005-06,2005-08-10,Qualifying,Qual. Round 3 | Leg 1,Rapid Wien,Lokomotiv Moskva,1,1
2005-06,2005-08-23,Qualifying,Qual. Round 3 | Leg 2,Rosenborg BK,Steaua Bucuresti,3,2
2005-06,2005-08-23,Qualifying,Qual. Round 3 | Leg 2,Lokomotiv Moskva,Rapid Wien,0,1
2005-06,2005-08-23,Qualifying,Qual. Round 3 | Leg 2,Udinese Calcio,Sporting CP,3,2
2005-06,2005-08-23,Qualifying,Qual. Round 3 | Leg 2,Panathinaikos FC,Wisla Krakow,4,1
2005-06,2005-08-23,Qualifying,Qual. Round 3 | Leg 2,Liverpool,CSKA Sofia,0,1
2005-06,2005-08-23,Qualifying,Qual. Round 3 | Leg 2,Partizan Belgrade,Petrzalka Akademia,0,0
2005-06,2005-08-23,Qualifying,Qual. Round 3 | Leg 2,Thun,Malmo FF,3,0
2005-06,2005-08-23,Qualifying,Qual. Round 3 | Leg 2,Monaco,Real Betis,2,2
2005-06,2005-08-24,Qualifying,Qual. Round 3 | Leg 2,Club Brugge,Valerenga IF,1,0
2005-06,2005-08-24,Qualifying,Qual. Round 3 | Leg 2,AFC Ajax,Brondby IF,3,1
2005-06,2005-08-24,Qualifying,Qual. Round 3 | Leg 2,Rangers FC,Anorthosis Famagusta,2,0
2005-06,2005-08-24,Qualifying,Qual. Round 3 | Leg 2,Werder Bremen,Basel,3,0
2005-06,2005-08-24,Qualifying,Qual. Round 3 | Leg 2,Debreceni VSC,Manchester United,0,3
2005-06,2005-08-24,Qualifying,Qual. Round 3 | Leg 2,Villarreal,Everton FC,2,1
2005-06,2005-08-24,Qualifying,Qual. Round 3 | Leg 2,Slavia Praha,RSC Anderlecht,0,2
2005-06,2005-08-24,Qualifying,Qual. Round 3 | Leg 2,Internazionale,Shakhtar Donetsk,1,1
2005-06,2005-09-13,Group,Matchday ?,Petrzalka Akademia,Internazionale,0,1
2005-06,2005-09-13,Group,Matchday ?,Real Betis,Liverpool,1,2
2005-06,2005-09-13,Group,Matchday ?,Chelsea,RSC Anderlecht,1,0
2005-06,2005-09-13,Group,Matchday ?,Rangers FC,FC Porto,3,2
2005-06,2005-09-13,Group,Matchday ?,PSV Eindhoven,FC Schalke 04,1,0
2005-06,2005-09-13,Group,Matchday ?,Milan,Fenerbahçe İstanbul SK,3,1
2005-06,2005-09-13,Group,Matchday ?,Olympiacos,Rosenborg BK,1,3
2005-06,2005-09-13,Group,Matchday ?,Olympique Lyon,Real Madrid,3,0
2005-06,2005-09-14,Group,Matchday ?,Club Brugge,Juventus,1,2
2005-06,2005-09-14,Group,Matchday ?,Rapid Wien,Bayern Munich,0,1
2005-06,2005-09-14,Group,Matchday ?,Sparta Praha,AFC Ajax,1,1
2005-06,2005-09-14,Group,Matchday ?,Arsenal,Thun,2,1
2005-06,2005-09-14,Group,Matchday ?,Werder Bremen,Barcelona,0,2
2005-06,2005-09-14,Group,Matchday ?,Udinese Calcio,Panathinaikos FC,3,0
2005-06,2005-09-14,Group,Matchday ?,Benfica,Lille OSC,1,0
2005-06,2005-09-14,Group,Matchday ?,Villarreal,Manchester United,0,0
2005-06,2005-09-27,Group,Matchday ?,Panathinaikos FC,Werder Bremen,2,1
2005-06,2005-09-27,Group,Matchday ?,Lille OSC,Villarreal,0,0
2005-06,2005-09-27,Group,Matchday ?,Barcelona,Udinese Calcio,4,1
2005-06,2005-09-27,Group,Matchday ?,Manchester United,Benfica,2,1
2005-06,2005-09-27,Group,Matchday ?,Thun,Sparta Praha,1,0
2005-06,2005-09-27,Group,Matchday ?,Juventus,Rapid Wien,3,0
2005-06,2005-09-27,Group,Matchday ?,AFC Ajax,Arsenal,1,2
2005-06,2005-09-27,Group,Matchday ?,Bayern Munich,Club Brugge,1,0
2005-06,2005-09-28,Group,Matchday ?,FC Porto,Petrzalka Akademia,2,3
2005-06,2005-09-28,Group,Matchday ?,RSC Anderlecht,Real Betis,0,1
2005-06,2005-09-28,Group,Matchday ?,Liverpool,Chelsea,0,0
2005-06,2005-09-28,Group,Matchday ?,Internazionale,Rangers FC,1,0
2005-06,2005-09-28,Group,Matchday ?,Rosenborg BK,Olympique Lyon,0,1
2005-06,2005-09-28,Group,Matchday ?,Fenerbahçe İstanbul SK,PSV Eindhoven,3,0
2005-06,2005-09-28,Group,Matchday ?,FC Schalke 04,Milan,2,2
2005-06,2005-09-28,Group,Matchday ?,Real Madrid,Olympiacos,2,1
2005-06,2005-10-18,Group,Matchday ?,Bayern Munich,Juventus,2,1
2005-06,2005-10-18,Group,Matchday ?,Rapid Wien,Club Brugge,0,1
2005-06,2005-10-18,Group,Matchday ?,AFC Ajax,Thun,2,0
2005-06,2005-10-18,Group,Matchday ?,Sparta Praha,Arsenal,0,2
2005-06,2005-10-18,Group,Matchday ?,Panathinaikos FC,Barcelona,0,0
2005-06,2005-10-18,Group,Matchday ?,Villarreal,Benfica,1,1
2005-06,2005-10-18,Group,Matchday ?,Manchester United,Lille OSC,0,0
2005-06,2005-10-18,Group,Matchday ?,Udinese Calcio,Werder Bremen,1,1
2005-06,2005-10-19,Group,Matchday ?,Milan,PSV Eindhoven,0,0
2005-06,2005-10-19,Group,Matchday ?,Olympique Lyon,Olympiacos,2,1
2005-06,2005-10-19,Group,Matchday ?,Fenerbahçe İstanbul SK,FC Schalke 04,3,3
2005-06,2005-10-19,Group,Matchday ?,Real Madrid,Rosenborg BK,4,1
2005-06,2005-10-19,Group,Matchday ?,Rangers FC,Petrzalka Akademia,0,0
2005-06,2005-10-19,Group,Matchday ?,RSC Anderlecht,Liverpool,0,1
2005-06,2005-10-19,Group,Matchday ?,FC Porto,Internazionale,2,0
2005-06,2005-10-19,Group,Matchday ?,Chelsea,Real Betis,4,0
2005-06,2005-11-01,Group,Matchday ?,Petrzalka Akademia,Rangers FC,2,2
2005-06,2005-11-01,Group,Matchday ?,Internazionale,FC Porto,2,1
2005-06,2005-11-01,Group,Matchday ?,Liverpool,RSC Anderlecht,3,0
2005-06,2005-11-01,Group,Matchday ?,Real Betis,Chelsea,1,0
2005-06,2005-11-01,Group,Matchday ?,Olympiacos,Olympique Lyon,1,4
2005-06,2005-11-01,Group,Matchday ?,FC Schalke 04,Fenerbahçe İstanbul SK,2,0
2005-06,2005-11-01,Group,Matchday ?,PSV Eindhoven,Milan,1,0
2005-06,2005-11-01,Group,Matchday ?,Rosenborg BK,Real Madrid,0,2
2005-06,2005-11-02,Group,Matchday ?,Club Brugge,Rapid Wien,3,2
2005-06,2005-11-02,Group,Matchday ?,Thun,AFC Ajax,2,4
2005-06,2005-11-02,Group,Matchday ?,Juventus,Bayern Munich,2,1
2005-06,2005-11-02,Group,Matchday ?,Arsenal,Sparta Praha,3,0
2005-06,2005-11-02,Group,Matchday ?,Benfica,Villarreal,0,1
2005-06,2005-11-02,Group,Matchday ?,Werder Bremen,Udinese Calcio,4,3
2005-06,2005-11-02,Group,Matchday ?,Lille OSC,Manchester United,1,0
2005-06,2005-11-02,Group,Matchday ?,Barcelona,Panathinaikos FC,5,0
2005-06,2005-11-22,Group,Matchday ?,Juventus,Club Brugge,1,0
2005-06,2005-11-22,Group,Matchday ?,Bayern Munich,Rapid Wien,4,0
2005-06,2005-11-22,Group,Matchday ?,Thun,Arsenal,0,1
2005-06,2005-11-22,Group,Matchday ?,AFC Ajax,Sparta Praha,2,1
2005-06,2005-11-22,Group,Matchday ?,Manchester United,Villarreal,0,0
2005-06,2005-11-22,Group,Matchday ?,Panathinaikos FC,Udinese Calcio,1,2
2005-06,2005-11-22,Group,Matchday ?,Lille OSC,Benfica,0,0
2005-06,2005-11-22,Group,Matchday ?,Barcelona,Werder Bremen,3,1
2005-06,2005-11-23,Group,Matchday ?,Rosenborg BK,Olympiacos,1,1
2005-06,2005-11-23,Group,Matchday ?,FC Schalke 04,PSV Eindhoven,3,0
2005-06,2005-11-23,Group,Matchday ?,Real Madrid,Olympique Lyon,1,1
2005-06,2005-11-23,Group,Matchday ?,Fenerbahçe İstanbul SK,Milan,0,4
2005-06,2005-11-23,Group,Matchday ?,RSC Anderlecht,Chelsea,0,2
2005-06,2005-11-23,Group,Matchday ?,Internazionale,Petrzalka Akademia,4,0
2005-06,2005-11-23,Group,Matchday ?,FC Porto,Rangers FC,1,1
2005-06,2005-11-23,Group,Matchday ?,Liverpool,Real Betis,0,0
2005-06,2005-12-06,Group,Matchday ?,Milan,FC Schalke 04,3,2
2005-06,2005-12-06,Group,Matchday ?,PSV Eindhoven,Fenerbahçe İstanbul SK,2,0
2005-06,2005-12-06,Group,Matchday ?,Olympiacos,Real Madrid,2,1
2005-06,2005-12-06,Group,Matchday ?,Olympique Lyon,Rosenborg BK,2,1
2005-06,2005-12-06,Group,Matchday ?,Real Betis,RSC Anderlecht,0,1
2005-06,2005-12-06,Group,Matchday ?,Chelsea,Liverpool,0,0
2005-06,2005-12-06,Group,Matchday ?,Rangers FC,Internazionale,1,1
2005-06,2005-12-06,Group,Matchday ?,Petrzalka Akademia,FC Porto,0,0
2005-06,2005-12-07,Group,Matchday ?,Villarreal,Lille OSC,1,0
2005-06,2005-12-07,Group,Matchday ?,Werder Bremen,Panathinaikos FC,5,1
2005-06,2005-12-07,Group,Matchday ?,Udinese Calcio,Barcelona,0,2
2005-06,2005-12-07,Group,Matchday ?,Benfica,Manchester United,2,1
2005-06,2005-12-07,Group,Matchday ?,Sparta Praha,Thun,0,0
2005-06,2005-12-07,Group,Matchday ?,Rapid Wien,Juventus,1,3
2005-06,2005-12-07,Group,Matchday ?,Club Brugge,Bayern Munich,1,1
2005-06,2005-12-07,Group,Matchday ?,Arsenal,AFC Ajax,0,0
2005-06,2006-02-21,Knockout,Round of 16 | Leg 1,Real Madrid,Arsenal,0,1
2005-06,2006-02-21,Knockout,Round of 16 | Leg 1,PSV Eindhoven,Olympique Lyon,0,1
2005-06,2006-02-21,Knockout,Round of 16 | Leg 1,Bayern Munich,Milan,1,1
2005-06,2006-02-21,Knockout,Round of 16 | Leg 1,Benfica,Liverpool,1,0
2005-06,2006-02-22,Knockout,Round of 16 | Leg 1,Werder Bremen,Juventus,3,2
2005-06,2006-02-22,Knockout,Round of 16 | Leg 1,Rangers FC,Villarreal,2,2
2005-06,2006-02-22,Knockout,Round of 16 | Leg 1,Chelsea,Barcelona,1,2
2005-06,2006-02-22,Knockout,Round of 16 | Leg 1,AFC Ajax,Internazionale,2,2
2005-06,2006-03-07,Knockout,Round of 16 | Leg 2,Villarreal,Rangers FC,1,1
2005-06,2006-03-07,Knockout,Round of 16 | Leg 2,Barcelona,Chelsea,1,1
2005-06,2006-03-07,Knockout,Round of 16 | Leg 2,Juventus,Werder Bremen,2,1
2005-06,2006-03-08,Knockout,Round of 16 | Leg 2,Liverpool,Benfica,0,2
2005-06,2006-03-08,Knockout,Round of 16 | Leg 2,Olympique Lyon,PSV Eindhoven,4,0
2005-06,2006-03-08,Knockout,Round of 16 | Leg 2,Milan,Bayern Munich,4,1
2005-06,2006-03-08,Knockout,Round of 16 | Leg 2,Arsenal,Real Madrid,0,0
2005-06,2006-03-14,Knockout,Round of 16 | Leg 2,Internazionale,AFC Ajax,1,0
2005-06,2006-03-28,Knockout,Quarterfinals | Leg 1,Arsenal,Juventus,2,0
2005-06,2006-03-28,Knockout,Quarterfinals | Leg 1,Benfica,Barcelona,0,0
2005-06,2006-03-29,Knockout,Quarterfinals | Leg 1,Internazionale,Villarreal,2,1
2005-06,2006-03-29,Knockout,Quarterfinals | Leg 1,Olympique Lyon,Milan,0,0
2005-06,2006-04-04,Knockout,Quarterfinals | Leg 2,Villarreal,Internazionale,1,0
2005-06,2006-04-04,Knockout,Quarterfinals | Leg 2,Milan,Olympique Lyon,3,1
2005-06,2006-04-05,Knockout,Quarterfinals | Leg 2,Barcelona,Benfica,2,0
2005-06,2006-04-05,Knockout,Quarterfinals | Leg 2,Juventus,Arsenal,0,0
2005-06,2006-04-18,Knockout,Semifinals | Leg 1,Milan,Barcelona,0,1
2005-06,2006-04-19,Knockout,Semifinals | Leg 1,Arsenal,Villarreal,1,0
2005-06,2006-04-25,Knockout,Semifinals | Leg 2,Villarreal,Arsenal,0,0
2005-06,2006-04-26,Knockout,Semifinals | Leg 2,Barcelona,Milan,0,0
2005-06,2006-05-17,Knockout,Final,Barcelona,Arsenal,2,1
2006-07,2006-07-11,Qualifying,Qual. Round 1 | Leg 1,Birkirkara,B36 Torshavn,0,3
2006-07,2006-07-11,Qualifying,Qual. Round 1 | Leg 1,Sioni Bolnisi,Baku,2,0
2006-07,2006-07-11,Qualifying,Qual. Round 1 | Leg 1,KS Elbasani,FK Ekranas,1,0
2006-07,2006-07-11,Qualifying,Qual. Round 1 | Leg 1,TVMK,FH,2,3
2006-07,2006-07-11,Qualifying,Qual. Round 1 | Leg 1,Linfield,HNK Gorica,1,3
2006-07,2006-07-11,Qualifying,Qual. Round 1 | Leg 1,F91 Dudelange,Rabotnicki,0,1
2006-07,2006-07-11,Qualifying,Qual. Round 1 | Leg 1,Pyunik,Sheriff Tiraspol,0,0
2006-07,2006-07-12,Qualifying,Qual. Round 1 | Leg 1,Shakhtyor Soligorsk,NK Siroki Brijeg,0,1
2006-07,2006-07-12,Qualifying,Qual. Round 1 | Leg 1,MYPA,The New Saints,1,0
2006-07,2006-07-12,Qualifying,Qual. Round 1 | Leg 1,Liepajas Metalurgs,Aktobe,1,0
2006-07,2006-07-12,Qualifying,Qual. Round 1 | Leg 1,Cork City,Apollon Limassol,1,0
2006-07,2006-07-18,Qualifying,Qual. Round 1 | Leg 2,FK Ekranas,KS Elbasani,3,0
2006-07,2006-07-18,Qualifying,Qual. Round 1 | Leg 2,Baku,Sioni Bolnisi,1,0
2006-07,2006-07-18,Qualifying,Qual. Round 1 | Leg 2,Rabotnicki,F91 Dudelange,0,0
2006-07,2006-07-18,Qualifying,Qual. Round 1 | Leg 2,Sheriff Tiraspol,Pyunik,2,0
2006-07,2006-07-19,Qualifying,Qual. Round 1 | Leg 2,The New Saints,MYPA,0,1
2006-07,2006-07-19,Qualifying,Qual. Round 1 | Leg 2,NK Siroki Brijeg,Shakhtyor Soligorsk,1,0
2006-07,2006-07-19,Qualifying,Qual. Round 1 | Leg 2,Apollon Limassol,Cork City,1,1
2006-07,2006-07-19,Qualifying,Qual. Round 1 | Leg 2,Aktobe,Liepajas Metalurgs,1,1
2006-07,2006-07-19,Qualifying,Qual. Round 1 | Leg 2,FH,TVMK,1,1
2006-07,2006-07-19,Qualifying,Qual. Round 1 | Leg 2,HNK Gorica,Linfield,2,2
2006-07,2006-07-19,Qualifying,Qual. Round 1 | Leg 2,B36 Torshavn,Birkirkara,2,2
2006-07,2006-07-25,Qualifying,Qual. Round 2 | Leg 1,FK Ekranas,Dinamo Zagreb,1,4
2006-07,2006-07-26,Qualifying,Qual. Round 2 | Leg 1,Heart of Midlothian,NK Siroki Brijeg,3,0
2006-07,2006-07-26,Qualifying,Qual. Round 2 | Leg 1,HNK Gorica,Steaua Bucuresti,0,2
2006-07,2006-07-26,Qualifying,Qual. Round 2 | Leg 1,FH,Legia Warsaw,0,1
2006-07,2006-07-26,Qualifying,Qual. Round 2 | Leg 1,Levski Sofia,Sioni Bolnisi,2,0
2006-07,2006-07-26,Qualifying,Qual. Round 2 | Leg 1,Kobenhavn,MYPA,2,0
2006-07,2006-07-26,Qualifying,Qual. Round 2 | Leg 1,FC Zurich,FC RB Salzburg,2,1
2006-07,2006-07-26,Qualifying,Qual. Round 2 | Leg 1,Sheriff Tiraspol,Spartak Moskva,1,1
2006-07,2006-07-26,Qualifying,Qual. Round 2 | Leg 1,Liepajas Metalurgs,Dinamo Kiev,1,4
2006-07,2006-07-26,Qualifying,Qual. Round 2 | Leg 1,Cork City,Crvena Zvezda,0,1
2006-07,2006-07-26,Qualifying,Qual. Round 2 | Leg 1,Mlada Boleslav,Valerenga IF,3,1
2006-07,2006-07-26,Qualifying,Qual. Round 2 | Leg 1,Djurgardens IF,MFK Ruzomberok,1,0
2006-07,2006-07-26,Qualifying,Qual. Round 2 | Leg 1,Debreceni VSC,Rabotnicki,1,1
2006-07,2006-07-26,Qualifying,Qual. Round 2 | Leg 1,Fenerbahçe İstanbul SK,B36 Torshavn,4,0
2006-07,2006-08-01,Qualifying,Qual. Round 2 | Leg 2,B36 Torshavn,Fenerbahçe İstanbul SK,0,5
2006-07,2006-08-02,Qualifying,Qual. Round 2 | Leg 2,Dinamo Zagreb,FK Ekranas,5,2
2006-07,2006-08-02,Qualifying,Qual. Round 2 | Leg 2,MYPA,Kobenhavn,2,2
2006-07,2006-08-02,Qualifying,Qual. Round 2 | Leg 2,Steaua Bucuresti,HNK Gorica,3,0
2006-07,2006-08-02,Qualifying,Qual. Round 2 | Leg 2,Legia Warsaw,FH,2,0
2006-07,2006-08-02,Qualifying,Qual. Round 2 | Leg 2,FC RB Salzburg,FC Zurich,2,0
2006-07,2006-08-02,Qualifying,Qual. Round 2 | Leg 2,NK Siroki Brijeg,Heart of Midlothian,0,0
2006-07,2006-08-02,Qualifying,Qual. Round 2 | Leg 2,Rabotnicki,Debreceni VSC,4,1
2006-07,2006-08-02,Qualifying,Qual. Round 2 | Leg 2,MFK Ruzomberok,Djurgardens IF,3,1
2006-07,2006-08-02,Qualifying,Qual. Round 2 | Leg 2,Sioni Bolnisi,Levski Sofia,0,2
2006-07,2006-08-02,Qualifying,Qual. Round 2 | Leg 2,Spartak Moskva,Sheriff Tiraspol,0,0
2006-07,2006-08-02,Qualifying,Qual. Round 2 | Leg 2,Valerenga IF,Mlada Boleslav,2,2
2006-07,2006-08-02,Qualifying,Qual. Round 2 | Leg 2,Crvena Zvezda,Cork City,3,0
2006-07,2006-08-02,Qualifying,Qual. Round 2 | Leg 2,Dinamo Kiev,Liepajas Metalurgs,4,0
2006-07,2006-08-08,Qualifying,Qual. Round 3 | Leg 1,Austria Wien,Benfica,1,1
2006-07,2006-08-08,Qualifying,Qual. Round 3 | Leg 1,Dinamo Zagreb,Arsenal,0,3
2006-07,2006-08-09,Qualifying,Qual. Round 3 | Leg 1,Heart of Midlothian,AEK Athens,1,2
2006-07,2006-08-09,Qualifying,Qual. Round 3 | Leg 1,Hamburger SV,CA Osasuna,0,0
2006-07,2006-08-09,Qualifying,Qual. Round 3 | Leg 1,Galatasaray İstanbul AŞ,Mlada Boleslav,5,2
2006-07,2006-08-09,Qualifying,Qual. Round 3 | Leg 1,CSKA Moskva,MFK Ruzomberok,3,0
2006-07,2006-08-09,Qualifying,Qual. Round 3 | Leg 1,Levski Sofia,AC Chievo Verona,2,0
2006-07,2006-08-09,Qualifying,Qual. Round 3 | Leg 1,Milan,Crvena Zvezda,1,0
2006-07,2006-08-09,Qualifying,Qual. Round 3 | Leg 1,Dinamo Kiev,Fenerbahçe İstanbul SK,3,1
2006-07,2006-08-09,Qualifying,Qual. Round 3 | Leg 1,Shakhtar Donetsk,Legia Warsaw,1,0
2006-07,2006-08-09,Qualifying,Qual. Round 3 | Leg 1,Kobenhavn,AFC Ajax,1,2
2006-07,2006-08-09,Qualifying,Qual. Round 3 | Leg 1,Lille OSC,Rabotnicki,3,0
2006-07,2006-08-09,Qualifying,Qual. Round 3 | Leg 1,Liverpool,Maccabi Haifa,2,1
2006-07,2006-08-09,Qualifying,Qual. Round 3 | Leg 1,FC RB Salzburg,Valencia CF,1,0
2006-07,2006-08-09,Qualifying,Qual. Round 3 | Leg 1,Slovan Liberec,Spartak Moskva,0,0
2006-07,2006-08-09,Qualifying,Qual. Round 3 | Leg 1,Standard Liege,Steaua Bucuresti,2,2
2006-07,2006-08-22,Qualifying,Qual. Round 3 | Leg 2,Maccabi Haifa,Liverpool,1,1
2006-07,2006-08-22,Qualifying,Qual. Round 3 | Leg 2,Crvena Zvezda,Milan,1,2
2006-07,2006-08-22,Qualifying,Qual. Round 3 | Leg 2,Valencia CF,FC RB Salzburg,3,0
2006-07,2006-08-22,Qualifying,Qual. Round 3 | Leg 2,CA Osasuna,Hamburger SV,1,1
2006-07,2006-08-22,Qualifying,Qual. Round 3 | Leg 2,Benfica,Austria Wien,3,0
2006-07,2006-08-23,Qualifying,Qual. Round 3 | Leg 2,AEK Athens,Heart of Midlothian,3,0
2006-07,2006-08-23,Qualifying,Qual. Round 3 | Leg 2,AC Chievo Verona,Levski Sofia,2,2
2006-07,2006-08-23,Qualifying,Qual. Round 3 | Leg 2,MFK Ruzomberok,CSKA Moskva,0,2
2006-07,2006-08-23,Qualifying,Qual. Round 3 | Leg 2,Spartak Moskva,Slovan Liberec,2,1
2006-07,2006-08-23,Qualifying,Qual. Round 3 | Leg 2,Steaua Bucuresti,Standard Liege,2,1
2006-07,2006-08-23,Qualifying,Qual. Round 3 | Leg 2,AFC Ajax,Kobenhavn,0,2
2006-07,2006-08-23,Qualifying,Qual. Round 3 | Leg 2,Fenerbahçe İstanbul SK,Dinamo Kiev,2,2
2006-07,2006-08-23,Qualifying,Qual. Round 3 | Leg 2,Legia Warsaw,Shakhtar Donetsk,2,3
2006-07,2006-08-23,Qualifying,Qual. Round 3 | Leg 2,Rabotnicki,Lille OSC,0,1
2006-07,2006-08-23,Qualifying,Qual. Round 3 | Leg 2,Arsenal,Dinamo Zagreb,2,1
2006-07,2006-08-23,Qualifying,Qual. Round 3 | Leg 2,Mlada Boleslav,Galatasaray İstanbul AŞ,1,1
2006-07,2006-09-12,Group,Matchday ?,PSV Eindhoven,Liverpool,0,0
2006-07,2006-09-12,Group,Matchday ?,Galatasaray İstanbul AŞ,Girondins Bordeaux,0,0
2006-07,2006-09-12,Group,Matchday ?,Bayern Munich,Spartak Moskva,4,0
2006-07,2006-09-12,Group,Matchday ?,Chelsea,Werder Bremen,2,0
2006-07,2006-09-12,Group,Matchday ?,Barcelona,Levski Sofia,5,0
2006-07,2006-09-12,Group,Matchday ?,Sporting CP,Internazionale,1,0
2006-07,2006-09-12,Group,Matchday ?,Olympiacos,Valencia CF,2,4
2006-07,2006-09-12,Group,Matchday ?,AS Roma,Shakhtar Donetsk,4,0
2006-07,2006-09-13,Group,Matchday ?,RSC Anderlecht,Lille OSC,1,1
2006-07,2006-09-13,Group,Matchday ?,Dinamo Kiev,Steaua Bucuresti,1,4
2006-07,2006-09-13,Group,Matchday ?,Hamburger SV,Arsenal,1,2
2006-07,2006-09-13,Group,Matchday ?,Milan,AEK Athens,3,0
2006-07,2006-09-13,Group,Matchday ?,Olympique Lyon,Real Madrid,2,0
2006-07,2006-09-13,Group,Matchday ?,Kobenhavn,Benfica,0,0
2006-07,2006-09-13,Group,Matchday ?,Manchester United,Celtic,3,2
2006-07,2006-09-13,Group,Matchday ?,FC Porto,CSKA Moskva,0,0
2006-07,2006-09-26,Group,Matchday ?,Steaua Bucuresti,Olympique Lyon,0,3
2006-07,2006-09-26,Group,Matchday ?,Real Madrid,Dinamo Kiev,5,1
2006-07,2006-09-26,Group,Matchday ?,Benfica,Manchester United,0,1
2006-07,2006-09-26,Group,Matchday ?,Celtic,Kobenhavn,1,0
2006-07,2006-09-26,Group,Matchday ?,CSKA Moskva,Hamburger SV,1,0
2006-07,2006-09-26,Group,Matchday ?,Arsenal,FC Porto,2,0
2006-07,2006-09-26,Group,Matchday ?,AEK Athens,RSC Anderlecht,1,1
2006-07,2006-09-26,Group,Matchday ?,Lille OSC,Milan,0,0
2006-07,2006-09-27,Group,Matchday ?,Liverpool,Galatasaray İstanbul AŞ,3,2
2006-07,2006-09-27,Group,Matchday ?,Valencia CF,AS Roma,2,1
2006-07,2006-09-27,Group,Matchday ?,Shakhtar Donetsk,Olympiacos,2,2
2006-07,2006-09-27,Group,Matchday ?,Girondins Bordeaux,PSV Eindhoven,0,1
2006-07,2006-09-27,Group,Matchday ?,Spartak Moskva,Sporting CP,1,1
2006-07,2006-09-27,Group,Matchday ?,Werder Bremen,Barcelona,1,1
2006-07,2006-09-27,Group,Matchday ?,Levski Sofia,Chelsea,1,3
2006-07,2006-09-27,Group,Matchday ?,Internazionale,Bayern Munich,0,2
2006-07,2006-10-17,Group,Matchday ?,RSC Anderlecht,Milan,0,1
2006-07,2006-10-17,Group,Matchday ?,Steaua Bucuresti,Real Madrid,1,4
2006-07,2006-10-17,Group,Matchday ?,Dinamo Kiev,Olympique Lyon,0,3
2006-07,2006-10-17,Group,Matchday ?,Manchester United,Kobenhavn,3,0
2006-07,2006-10-17,Group,Matchday ?,Celtic,Benfica,3,0
2006-07,2006-10-17,Group,Matchday ?,CSKA Moskva,Arsenal,1,0
2006-07,2006-10-17,Group,Matchday ?,FC Porto,Hamburger SV,4,1
2006-07,2006-10-17,Group,Matchday ?,Lille OSC,AEK Athens,3,1
2006-07,2006-10-18,Group,Matchday ?,Girondins Bordeaux,Liverpool,0,1
2006-07,2006-10-18,Group,Matchday ?,Valencia CF,Shakhtar Donetsk,2,0
2006-07,2006-10-18,Group,Matchday ?,Galatasaray İstanbul AŞ,PSV Eindhoven,1,2
2006-07,2006-10-18,Group,Matchday ?,Olympiacos,AS Roma,0,1
2006-07,2006-10-18,Group,Matchday ?,Sporting CP,Bayern Munich,0,1
2006-07,2006-10-18,Group,Matchday ?,Chelsea,Barcelona,1,0
2006-07,2006-10-18,Group,Matchday ?,Internazionale,Spartak Moskva,2,1
2006-07,2006-10-18,Group,Matchday ?,Werder Bremen,Levski Sofia,2,0
2006-07,2006-10-31,Group,Matchday ?,Levski Sofia,Werder Bremen,0,3
2006-07,2006-10-31,Group,Matchday ?,Barcelona,Chelsea,2,2
2006-07,2006-10-31,Group,Matchday ?,Bayern Munich,Sporting CP,0,0
2006-07,2006-10-31,Group,Matchday ?,Spartak Moskva,Internazionale,0,1
2006-07,2006-10-31,Group,Matchday ?,Liverpool,Girondins Bordeaux,3,0
2006-07,2006-10-31,Group,Matchday ?,PSV Eindhoven,Galatasaray İstanbul AŞ,2,0
2006-07,2006-10-31,Group,Matchday ?,AS Roma,Olympiacos,1,1
2006-07,2006-10-31,Group,Matchday ?,Shakhtar Donetsk,Valencia CF,2,2
2006-07,2006-11-01,Group,Matchday ?,Hamburger SV,FC Porto,1,3
2006-07,2006-11-01,Group,Matchday ?,Milan,RSC Anderlecht,4,1
2006-07,2006-11-01,Group,Matchday ?,AEK Athens,Lille OSC,1,0
2006-07,2006-11-01,Group,Matchday ?,Arsenal,CSKA Moskva,0,0
2006-07,2006-11-01,Group,Matchday ?,Kobenhavn,Manchester United,1,0
2006-07,2006-11-01,Group,Matchday ?,Benfica,Celtic,3,0
2006-07,2006-11-01,Group,Matchday ?,Real Madrid,Steaua Bucuresti,1,0
2006-07,2006-11-01,Group,Matchday ?,Olympique Lyon,Dinamo Kiev,1,0
2006-07,2006-11-21,Group,Matchday ?,Steaua Bucuresti,Dinamo Kiev,1,1
2006-07,2006-11-21,Group,Matchday ?,Real Madrid,Olympique Lyon,2,2
2006-07,2006-11-21,Group,Matchday ?,Celtic,Manchester United,1,0
2006-07,2006-11-21,Group,Matchday ?,Benfica,Kobenhavn,3,1
2006-07,2006-11-21,Group,Matchday ?,CSKA Moskva,FC Porto,0,2
2006-07,2006-11-21,Group,Matchday ?,Arsenal,Hamburger SV,3,1
2006-07,2006-11-21,Group,Matchday ?,Lille OSC,RSC Anderlecht,2,2
2006-07,2006-11-21,Group,Matchday ?,AEK Athens,Milan,1,0
2006-07,2006-11-22,Group,Matchday ?,Girondins Bordeaux,Galatasaray İstanbul AŞ,3,1
2006-07,2006-11-22,Group,Matchday ?,Valencia CF,Olympiacos,2,0
2006-07,2006-11-22,Group,Matchday ?,Shakhtar Donetsk,AS Roma,1,0
2006-07,2006-11-22,Group,Matchday ?,Liverpool,PSV Eindhoven,2,0
2006-07,2006-11-22,Group,Matchday ?,Levski Sofia,Barcelona,0,2
2006-07,2006-11-22,Group,Matchday ?,Internazionale,Sporting CP,1,0
2006-07,2006-11-22,Group,Matchday ?,Spartak Moskva,Bayern Munich,2,2
2006-07,2006-11-22,Group,Matchday ?,Werder Bremen,Chelsea,1,0
2006-07,2006-12-05,Group,Matchday ?,AS Roma,Valencia CF,1,0
2006-07,2006-12-05,Group,Matchday ?,PSV Eindhoven,Girondins Bordeaux,1,3
2006-07,2006-12-05,Group,Matchday ?,Galatasaray İstanbul AŞ,Liverpool,3,2
2006-07,2006-12-05,Group,Matchday ?,Olympiacos,Shakhtar Donetsk,1,1
2006-07,2006-12-05,Group,Matchday ?,Bayern Munich,Internazionale,1,1
2006-07,2006-12-05,Group,Matchday ?,Chelsea,Levski Sofia,2,0
2006-07,2006-12-05,Group,Matchday ?,Barcelona,Werder Bremen,2,0
2006-07,2006-12-05,Group,Matchday ?,Sporting CP,Spartak Moskva,1,3
2006-07,2006-12-06,Group,Matchday ?,Dinamo Kiev,Real Madrid,2,2
2006-07,2006-12-06,Group,Matchday ?,Olympique Lyon,Steaua Bucuresti,1,1
2006-07,2006-12-06,Group,Matchday ?,Manchester United,Benfica,3,1
2006-07,2006-12-06,Group,Matchday ?,Kobenhavn,Celtic,3,1
2006-07,2006-12-06,Group,Matchday ?,Hamburger SV,CSKA Moskva,3,2
2006-07,2006-12-06,Group,Matchday ?,RSC Anderlecht,AEK Athens,2,2
2006-07,2006-12-06,Group,Matchday ?,Milan,Lille OSC,0,2
2006-07,2006-12-06,Group,Matchday ?,FC Porto,Arsenal,0,0
2006-07,2007-02-20,Knockout,Round of 16 | Leg 1,PSV Eindhoven,Arsenal,1,0
2006-07,2007-02-20,Knockout,Round of 16 | Leg 1,Lille OSC,Manchester United,0,1
2006-07,2007-02-20,Knockout,Round of 16 | Leg 1,Celtic,Milan,0,0
2006-07,2007-02-20,Knockout,Round of 16 | Leg 1,Real Madrid,Bayern Munich,3,2
2006-07,2007-02-21,Knockout,Round of 16 | Leg 1,AS Roma,Olympique Lyon,0,0
2006-07,2007-02-21,Knockout,Round of 16 | Leg 1,FC Porto,Chelsea,1,1
2006-07,2007-02-21,Knockout,Round of 16 | Leg 1,Barcelona,Liverpool,1,2
2006-07,2007-02-21,Knockout,Round of 16 | Leg 1,Internazionale,Valencia CF,2,2
2006-07,2007-03-06,Knockout,Round of 16 | Leg 2,Valencia CF,Internazionale,0,0
2006-07,2007-03-06,Knockout,Round of 16 | Leg 2,Liverpool,Barcelona,0,1
2006-07,2007-03-06,Knockout,Round of 16 | Leg 2,Chelsea,FC Porto,2,1
2006-07,2007-03-06,Knockout,Round of 16 | Leg 2,Olympique Lyon,AS Roma,0,2
2006-07,2007-03-07,Knockout,Round of 16 | Leg 2,Bayern Munich,Real Madrid,2,1
2006-07,2007-03-07,Knockout,Round of 16 | Leg 2,Milan,Celtic,0,0
2006-07,2007-03-07,Knockout,Round of 16 | Leg 2,Manchester United,Lille OSC,1,0
2006-07,2007-03-07,Knockout,Round of 16 | Leg 2,Arsenal,PSV Eindhoven,1,1
2006-07,2007-04-03,Knockout,Quarterfinals | Leg 1,Milan,Bayern Munich,2,2
2006-07,2007-04-03,Knockout,Quarterfinals | Leg 1,PSV Eindhoven,Liverpool,0,3
2006-07,2007-04-04,Knockout,Quarterfinals | Leg 1,Chelsea,Valencia CF,1,1
2006-07,2007-04-04,Knockout,Quarterfinals | Leg 1,AS Roma,Manchester United,2,1
2006-07,2007-04-10,Knockout,Quarterfinals | Leg 2,Manchester United,AS Roma,7,1
2006-07,2007-04-10,Knockout,Quarterfinals | Leg 2,Valencia CF,Chelsea,1,2
2006-07,2007-04-11,Knockout,Quarterfinals | Leg 2,Liverpool,PSV Eindhoven,1,0
2006-07,2007-04-11,Knockout,Quarterfinals | Leg 2,Bayern Munich,Milan,0,2
2006-07,2007-04-24,Knockout,Semifinals | Leg 1,Manchester United,Milan,3,2
2006-07,2007-04-25,Knockout,Semifinals | Leg 1,Chelsea,Liverpool,1,0
2006-07,2007-05-01,Knockout,Semifinals | Leg 2,Liverpool,Chelsea,1,0
2006-07,2007-05-02,Knockout,Semifinals | Leg 2,Milan,Manchester United,3,0
2006-07,2007-05-23,Knockout,Final,Milan,Liverpool,2,1
2007-08,2007-07-17,Qualifying,Qual. Round 1 | Leg 1,Murata,Tampere United,1,2
2007-08,2007-07-17,Qualifying,Qual. Round 1 | Leg 1,FK Zeta,FBK Kaunas,3,1
2007-08,2007-07-17,Qualifying,Qual. Round 1 | Leg 1,Linfield,Elfsborg,0,0
2007-08,2007-07-17,Qualifying,Qual. Round 1 | Leg 1,APOEL Nikosia,BATE Borisov,2,0
2007-08,2007-07-17,Qualifying,Qual. Round 1 | Leg 1,Metalurgi Rustavi,Astana-64,0,0
2007-08,2007-07-17,Qualifying,Qual. Round 1 | Leg 1,The New Saints,Ventspils,3,2
2007-08,2007-07-17,Qualifying,Qual. Round 1 | Leg 1,Khazar Lankaran,Dinamo Zagreb,1,1
2007-08,2007-07-18,Qualifying,Qual. Round 1 | Leg 1,Sheriff Tiraspol,Rangers FC,2,0
2007-08,2007-07-18,Qualifying,Qual. Round 1 | Leg 1,NK Domzale,KF Tirana,1,0
2007-08,2007-07-18,Qualifying,Qual. Round 1 | Leg 1,FK Pobeda,Levadia,0,1
2007-08,2007-07-18,Qualifying,Qual. Round 1 | Leg 1,FH,HB,4,1
2007-08,2007-07-18,Qualifying,Qual. Round 1 | Leg 1,F91 Dudelange,MSK Zilina,1,2
2007-08,2007-07-18,Qualifying,Qual. Round 1 | Leg 1,Derry City,Pyunik,0,0
2007-08,2007-07-18,Qualifying,Qual. Round 1 | Leg 1,Marsaxlokk,FK Sarajevo,0,6
2007-08,2007-07-24,Qualifying,Qual. Round 1 | Leg 2,BATE Borisov,APOEL Nikosia,2,0
2007-08,2007-07-24,Qualifying,Qual. Round 1 | Leg 2,Astana-64,Metalurgi Rustavi,3,0
2007-08,2007-07-24,Qualifying,Qual. Round 1 | Leg 2,Dinamo Zagreb,Khazar Lankaran,1,1
2007-08,2007-07-24,Qualifying,Qual. Round 1 | Leg 2,FBK Kaunas,FK Zeta,3,2
2007-08,2007-07-24,Qualifying,Qual. Round 1 | Leg 2,FK Sarajevo,Marsaxlokk,3,1
2007-08,2007-07-24,Qualifying,Qual. Round 1 | Leg 2,Rangers FC,Sheriff Tiraspol,0,3
2007-08,2007-07-25,Qualifying,Qual. Round 1 | Leg 2,Levadia,FK Pobeda,0,0
2007-08,2007-07-25,Qualifying,Qual. Round 1 | Leg 2,Tampere United,Murata,2,0
2007-08,2007-07-25,Qualifying,Qual. Round 1 | Leg 2,HB,FH,0,0
2007-08,2007-07-25,Qualifying,Qual. Round 1 | Leg 2,KF Tirana,NK Domzale,1,2
2007-08,2007-07-25,Qualifying,Qual. Round 1 | Leg 2,Elfsborg,Linfield,1,0
2007-08,2007-07-25,Qualifying,Qual. Round 1 | Leg 2,Pyunik,Derry City,2,0
2007-08,2007-07-25,Qualifying,Qual. Round 1 | Leg 2,MSK Zilina,F91 Dudelange,5,4
2007-08,2007-07-25,Qualifying,Qual. Round 1 | Leg 2,Ventspils,The New Saints,2,1
2007-08,2007-07-31,Qualifying,Qual. Round 2 | Leg 1,Rangers FC,FK Zeta,2,0
2007-08,2007-07-31,Qualifying,Qual. Round 2 | Leg 1,Zaglebie Lubin,Steaua Bucuresti,0,1
2007-08,2007-07-31,Qualifying,Qual. Round 2 | Leg 1,Tampere United,Levski Sofia,1,0
2007-08,2007-07-31,Qualifying,Qual. Round 2 | Leg 1,Kobenhavn,Beitar Jerusalem,1,0
2007-08,2007-07-31,Qualifying,Qual. Round 2 | Leg 1,Pyunik,Shakhtar Donetsk,0,2
2007-08,2007-07-31,Qualifying,Qual. Round 2 | Leg 1,KRC Genk,FK Sarajevo,1,2
2007-08,2007-07-31,Qualifying,Qual. Round 2 | Leg 1,Debreceni VSC,Elfsborg,0,1
2007-08,2007-08-01,Qualifying,Qual. Round 2 | Leg 1,NK Domzale,Dinamo Zagreb,1,2
2007-08,2007-08-01,Qualifying,Qual. Round 2 | Leg 1,Ventspils,FC RB Salzburg,0,3
2007-08,2007-08-01,Qualifying,Qual. Round 2 | Leg 1,MSK Zilina,Slavia Praha,0,0
2007-08,2007-08-01,Qualifying,Qual. Round 2 | Leg 1,Crvena Zvezda,Levadia,1,0
2007-08,2007-08-01,Qualifying,Qual. Round 2 | Leg 1,Astana-64,Rosenborg BK,1,3
2007-08,2007-08-01,Qualifying,Qual. Round 2 | Leg 1,FH,BATE Borisov,1,3
2007-08,2007-08-01,Qualifying,Qual. Round 2 | Leg 1,Beşiktaş İstanbul JK,Sheriff Tiraspol,1,0
2007-08,2007-08-07,Qualifying,Qual. Round 2 | Leg 2,Levski Sofia,Tampere United,0,1
2007-08,2007-08-07,Qualifying,Qual. Round 2 | Leg 2,FK Zeta,Rangers FC,0,1
2007-08,2007-08-07,Qualifying,Qual. Round 2 | Leg 2,Beitar Jerusalem,Kobenhavn,1,1
2007-08,2007-08-07,Qualifying,Qual. Round 2 | Leg 2,Dinamo Zagreb,NK Domzale,3,1
2007-08,2007-08-08,Qualifying,Qual. Round 2 | Leg 2,Levadia,Crvena Zvezda,2,1
2007-08,2007-08-08,Qualifying,Qual. Round 2 | Leg 2,Slavia Praha,MSK Zilina,0,0
2007-08,2007-08-08,Qualifying,Qual. Round 2 | Leg 2,Rosenborg BK,Astana-64,7,1
2007-08,2007-08-08,Qualifying,Qual. Round 2 | Leg 2,FK Sarajevo,KRC Genk,0,1
2007-08,2007-08-08,Qualifying,Qual. Round 2 | Leg 2,Sheriff Tiraspol,Beşiktaş İstanbul JK,0,3
2007-08,2007-08-08,Qualifying,Qual. Round 2 | Leg 2,Steaua Bucuresti,Zaglebie Lubin,2,1
2007-08,2007-08-08,Qualifying,Qual. Round 2 | Leg 2,Shakhtar Donetsk,Pyunik,2,1
2007-08,2007-08-08,Qualifying,Qual. Round 2 | Leg 2,Elfsborg,Debreceni VSC,0,0
2007-08,2007-08-08,Qualifying,Qual. Round 2 | Leg 2,FC RB Salzburg,Ventspils,4,0
2007-08,2007-08-08,Qualifying,Qual. Round 2 | Leg 2,BATE Borisov,FH,1,1
2007-08,2007-08-14,Qualifying,Qual. Round 3 | Leg 1,Benfica,Kobenhavn,2,1
2007-08,2007-08-14,Qualifying,Qual. Round 3 | Leg 1,Rangers FC,Crvena Zvezda,1,0
2007-08,2007-08-14,Qualifying,Qual. Round 3 | Leg 1,SS Lazio,Dinamo Bucuresti,1,1
2007-08,2007-08-14,Qualifying,Qual. Round 3 | Leg 1,Valencia CF,Elfsborg,3,0
2007-08,2007-08-15,Qualifying,Qual. Round 3 | Leg 1,Tampere United,Rosenborg BK,0,3
2007-08,2007-08-15,Qualifying,Qual. Round 3 | Leg 1,Sevilla FC,AEK Athens,2,0
2007-08,2007-08-15,Qualifying,Qual. Round 3 | Leg 1,FK Sarajevo,Dinamo Kiev,0,1
2007-08,2007-08-15,Qualifying,Qual. Round 3 | Leg 1,FC RB Salzburg,Shakhtar Donetsk,1,0
2007-08,2007-08-15,Qualifying,Qual. Round 3 | Leg 1,Werder Bremen,Dinamo Zagreb,2,1
2007-08,2007-08-15,Qualifying,Qual. Round 3 | Leg 1,Fenerbahçe İstanbul SK,RSC Anderlecht,1,0
2007-08,2007-08-15,Qualifying,Qual. Round 3 | Leg 1,BATE Borisov,Steaua Bucuresti,2,2
2007-08,2007-08-15,Qualifying,Qual. Round 3 | Leg 1,AFC Ajax,Slavia Praha,0,1
2007-08,2007-08-15,Qualifying,Qual. Round 3 | Leg 1,Spartak Moskva,Celtic,1,1
2007-08,2007-08-15,Qualifying,Qual. Round 3 | Leg 1,FC Zurich,Beşiktaş İstanbul JK,1,1
2007-08,2007-08-15,Qualifying,Qual. Round 3 | Leg 1,Sparta Praha,Arsenal,0,2
2007-08,2007-08-15,Qualifying,Qual. Round 3 | Leg 1,Toulouse FC,Liverpool,0,1
2007-08,2007-08-28,Qualifying,Qual. Round 3 | Leg 2,Crvena Zvezda,Rangers FC,0,0
2007-08,2007-08-28,Qualifying,Qual. Round 3 | Leg 2,Dinamo Bucuresti,SS Lazio,1,3
2007-08,2007-08-28,Qualifying,Qual. Round 3 | Leg 2,Liverpool,Toulouse FC,4,0
2007-08,2007-08-29,Qualifying,Qual. Round 3 | Leg 2,Elfsborg,Valencia CF,1,2
2007-08,2007-08-29,Qualifying,Qual. Round 3 | Leg 2,Dinamo Kiev,FK Sarajevo,3,0
2007-08,2007-08-29,Qualifying,Qual. Round 3 | Leg 2,Dinamo Zagreb,Werder Bremen,2,3
2007-08,2007-08-29,Qualifying,Qual. Round 3 | Leg 2,RSC Anderlecht,Fenerbahçe İstanbul SK,0,2
2007-08,2007-08-29,Qualifying,Qual. Round 3 | Leg 2,Rosenborg BK,Tampere United,2,0
2007-08,2007-08-29,Qualifying,Qual. Round 3 | Leg 2,Kobenhavn,Benfica,0,1
2007-08,2007-08-29,Qualifying,Qual. Round 3 | Leg 2,Steaua Bucuresti,BATE Borisov,2,0
2007-08,2007-08-29,Qualifying,Qual. Round 3 | Leg 2,Arsenal,Sparta Praha,3,0
2007-08,2007-08-29,Qualifying,Qual. Round 3 | Leg 2,Slavia Praha,AFC Ajax,2,1
2007-08,2007-08-29,Qualifying,Qual. Round 3 | Leg 2,Shakhtar Donetsk,FC RB Salzburg,3,1
2007-08,2007-08-29,Qualifying,Qual. Round 3 | Leg 2,Celtic,Spartak Moskva,1,1
2007-08,2007-08-29,Qualifying,Qual. Round 3 | Leg 2,Beşiktaş İstanbul JK,FC Zurich,2,0
2007-08,2007-09-03,Qualifying,Qual. Round 3 | Leg 2,AEK Athens,Sevilla FC,1,4
2007-08,2007-09-18,Group,Matchday ?,Shakhtar Donetsk,Celtic,2,0
2007-08,2007-09-18,Group,Matchday ?,Milan,Benfica,2,1
2007-08,2007-09-18,Group,Matchday ?,Olympiacos,SS Lazio,1,1
2007-08,2007-09-18,Group,Matchday ?,Real Madrid,Werder Bremen,2,1
2007-08,2007-09-18,Group,Matchday ?,FC Porto,Liverpool,1,1
2007-08,2007-09-18,Group,Matchday ?,Olympique Marseille,Beşiktaş İstanbul JK,2,0
2007-08,2007-09-18,Group,Matchday ?,FC Schalke 04,Valencia CF,0,1
2007-08,2007-09-18,Group,Matchday ?,Chelsea,Rosenborg BK,1,1
2007-08,2007-09-19,Group,Matchday ?,Rangers FC,Stuttgart,2,1
2007-08,2007-09-19,Group,Matchday ?,Barcelona,Olympique Lyon,3,0
2007-08,2007-09-19,Group,Matchday ?,Sporting CP,Manchester United,0,1
2007-08,2007-09-19,Group,Matchday ?,AS Roma,Dinamo Kiev,2,0
2007-08,2007-09-19,Group,Matchday ?,Arsenal,Sevilla FC,3,0
2007-08,2007-09-19,Group,Matchday ?,Slavia Praha,Steaua Bucuresti,2,1
2007-08,2007-09-19,Group,Matchday ?,Fenerbahçe İstanbul SK,Internazionale,1,0
2007-08,2007-09-19,Group,Matchday ?,PSV Eindhoven,CSKA Moskva,2,1
2007-08,2007-10-02,Group,Matchday ?,Internazionale,PSV Eindhoven,2,0
2007-08,2007-10-02,Group,Matchday ?,Sevilla FC,Slavia Praha,4,2
2007-08,2007-10-02,Group,Matchday ?,CSKA Moskva,Fenerbahçe İstanbul SK,2,2
2007-08,2007-10-02,Group,Matchday ?,Steaua Bucuresti,Arsenal,0,1
2007-08,2007-10-02,Group,Matchday ?,Manchester United,AS Roma,1,0
2007-08,2007-10-02,Group,Matchday ?,Stuttgart,Barcelona,0,2
2007-08,2007-10-02,Group,Matchday ?,Olympique Lyon,Rangers FC,0,3
2007-08,2007-10-02,Group,Matchday ?,Dinamo Kiev,Sporting CP,1,2
2007-08,2007-10-03,Group,Matchday ?,Rosenborg BK,FC Schalke 04,0,2
2007-08,2007-10-03,Group,Matchday ?,Liverpool,Olympique Marseille,0,1
2007-08,2007-10-03,Group,Matchday ?,Beşiktaş İstanbul JK,FC Porto,0,1
2007-08,2007-10-03,Group,Matchday ?,Valencia CF,Chelsea,1,2
2007-08,2007-10-03,Group,Matchday ?,Celtic,Milan,2,1
2007-08,2007-10-03,Group,Matchday ?,Benfica,Shakhtar Donetsk,0,1
2007-08,2007-10-03,Group,Matchday ?,Werder Bremen,Olympiacos,1,3
2007-08,2007-10-03,Group,Matchday ?,SS Lazio,Real Madrid,2,2
2007-08,2007-10-23,Group,Matchday ?,Stuttgart,Olympique Lyon,0,2
2007-08,2007-10-23,Group,Matchday ?,Sevilla FC,Steaua Bucuresti,2,1
2007-08,2007-10-23,Group,Matchday ?,Arsenal,Slavia Praha,7,0
2007-08,2007-10-23,Group,Matchday ?,CSKA Moskva,Internazionale,1,2
2007-08,2007-10-23,Group,Matchday ?,PSV Eindhoven,Fenerbahçe İstanbul SK,0,0
2007-08,2007-10-23,Group,Matchday ?,Dinamo Kiev,Manchester United,2,4
2007-08,2007-10-23,Group,Matchday ?,Rangers FC,Barcelona,0,0
2007-08,2007-10-23,Group,Matchday ?,AS Roma,Sporting CP,2,1
2007-08,2007-10-24,Group,Matchday ?,Rosenborg BK,Valencia CF,2,0
2007-08,2007-10-24,Group,Matchday ?,Olympique Marseille,FC Porto,1,1
2007-08,2007-10-24,Group,Matchday ?,Real Madrid,Olympiacos,4,2
2007-08,2007-10-24,Group,Matchday ?,Beşiktaş İstanbul JK,Liverpool,2,1
2007-08,2007-10-24,Group,Matchday ?,Milan,Shakhtar Donetsk,4,1
2007-08,2007-10-24,Group,Matchday ?,Chelsea,FC Schalke 04,2,0
2007-08,2007-10-24,Group,Matchday ?,Benfica,Celtic,1,0
2007-08,2007-10-24,Group,Matchday ?,Werder Bremen,SS Lazio,2,1
2007-08,2007-11-06,Group,Matchday ?,Valencia CF,Rosenborg BK,0,2
2007-08,2007-11-06,Group,Matchday ?,Liverpool,Beşiktaş İstanbul JK,8,0
2007-08,2007-11-06,Group,Matchday ?,FC Schalke 04,Chelsea,0,0
2007-08,2007-11-06,Group,Matchday ?,SS Lazio,Werder Bremen,2,1
2007-08,2007-11-06,Group,Matchday ?,Celtic,Benfica,1,0
2007-08,2007-11-06,Group,Matchday ?,Shakhtar Donetsk,Milan,0,3
2007-08,2007-11-06,Group,Matchday ?,Olympiacos,Real Madrid,0,0
2007-08,2007-11-06,Group,Matchday ?,FC Porto,Olympique Marseille,2,1
2007-08,2007-11-07,Group,Matchday ?,Steaua Bucuresti,Sevilla FC,0,2
2007-08,2007-11-07,Group,Matchday ?,Slavia Praha,Arsenal,0,0
2007-08,2007-11-07,Group,Matchday ?,Internazionale,CSKA Moskva,4,2
2007-08,2007-11-07,Group,Matchday ?,Fenerbahçe İstanbul SK,PSV Eindhoven,2,0
2007-08,2007-11-07,Group,Matchday ?,Sporting CP,AS Roma,2,2
2007-08,2007-11-07,Group,Matchday ?,Manchester United,Dinamo Kiev,4,0
2007-08,2007-11-07,Group,Matchday ?,Olympique Lyon,Stuttgart,4,2
2007-08,2007-11-07,Group,Matchday ?,Barcelona,Rangers FC,2,0
2007-08,2007-11-27,Group,Matchday ?,Manchester United,Sporting CP,2,1
2007-08,2007-11-27,Group,Matchday ?,Stuttgart,Rangers FC,3,2
2007-08,2007-11-27,Group,Matchday ?,Olympique Lyon,Barcelona,2,2
2007-08,2007-11-27,Group,Matchday ?,Dinamo Kiev,AS Roma,1,4
2007-08,2007-11-27,Group,Matchday ?,Internazionale,Fenerbahçe İstanbul SK,3,0
2007-08,2007-11-27,Group,Matchday ?,CSKA Moskva,PSV Eindhoven,0,1
2007-08,2007-11-27,Group,Matchday ?,Sevilla FC,Arsenal,3,1
2007-08,2007-11-27,Group,Matchday ?,Steaua Bucuresti,Slavia Praha,1,1
2007-08,2007-11-28,Group,Matchday ?,Celtic,Shakhtar Donetsk,2,1
2007-08,2007-11-28,Group,Matchday ?,Benfica,Milan,1,1
2007-08,2007-11-28,Group,Matchday ?,Werder Bremen,Real Madrid,3,2
2007-08,2007-11-28,Group,Matchday ?,Rosenborg BK,Chelsea,0,4
2007-08,2007-11-28,Group,Matchday ?,Valencia CF,FC Schalke 04,0,0
2007-08,2007-11-28,Group,Matchday ?,Beşiktaş İstanbul JK,Olympique Marseille,2,1
2007-08,2007-11-28,Group,Matchday ?,Liverpool,FC Porto,4,1
2007-08,2007-11-28,Group,Matchday ?,SS Lazio,Olympiacos,1,2
2007-08,2007-12-04,Group,Matchday ?,Milan,Celtic,1,0
2007-08,2007-12-04,Group,Matchday ?,Shakhtar Donetsk,Benfica,1,2
2007-08,2007-12-11,Group,Matchday ?,FC Schalke 04,Rosenborg BK,3,1
2007-08,2007-12-11,Group,Matchday ?,Olympique Marseille,Liverpool,0,4
2007-08,2007-12-11,Group,Matchday ?,FC Porto,Beşiktaş İstanbul JK,2,0
2007-08,2007-12-11,Group,Matchday ?,Olympiacos,Werder Bremen,3,0
2007-08,2007-12-11,Group,Matchday ?,Real Madrid,SS Lazio,3,1
2007-08,2007-12-11,Group,Matchday ?,Chelsea,Valencia CF,0,0
2007-08,2007-12-12,Group,Matchday ?,Slavia Praha,Sevilla FC,0,3
2007-08,2007-12-12,Group,Matchday ?,Fenerbahçe İstanbul SK,CSKA Moskva,3,1
2007-08,2007-12-12,Group,Matchday ?,PSV Eindhoven,Internazionale,0,1
2007-08,2007-12-12,Group,Matchday ?,Arsenal,Steaua Bucuresti,2,1
2007-08,2007-12-12,Group,Matchday ?,AS Roma,Manchester United,1,1
2007-08,2007-12-12,Group,Matchday ?,Rangers FC,Olympique Lyon,0,3
2007-08,2007-12-12,Group,Matchday ?,Barcelona,Stuttgart,3,1
2007-08,2007-12-12,Group,Matchday ?,Sporting CP,Dinamo Kiev,3,0
2007-08,2008-02-19,Knockout,Round of 16 | Leg 1,AS Roma,Real Madrid,2,1
2007-08,2008-02-19,Knockout,Round of 16 | Leg 1,FC Schalke 04,FC Porto,1,0
2007-08,2008-02-19,Knockout,Round of 16 | Leg 1,Olympiacos,Chelsea,0,0
2007-08,2008-02-19,Knockout,Round of 16 | Leg 1,Liverpool,Internazionale,2,0
2007-08,2008-02-20,Knockout,Round of 16 | Leg 1,Olympique Lyon,Manchester United,1,1
2007-08,2008-02-20,Knockout,Round of 16 | Leg 1,Celtic,Barcelona,2,3
2007-08,2008-02-20,Knockout,Round of 16 | Leg 1,Fenerbahçe İstanbul SK,Sevilla FC,3,2
2007-08,2008-02-20,Knockout,Round of 16 | Leg 1,Arsenal,Milan,0,0
2007-08,2008-03-04,Knockout,Round of 16 | Leg 2,Barcelona,Celtic,1,0
2007-08,2008-03-04,Knockout,Round of 16 | Leg 2,Sevilla FC,Fenerbahçe İstanbul SK,3,2
2007-08,2008-03-04,Knockout,Round of 16 | Leg 2,Milan,Arsenal,0,2
2007-08,2008-03-04,Knockout,Round of 16 | Leg 2,Manchester United,Olympique Lyon,1,0
2007-08,2008-03-05,Knockout,Round of 16 | Leg 2,Chelsea,Olympiacos,3,0
2007-08,2008-03-05,Knockout,Round of 16 | Leg 2,FC Porto,FC Schalke 04,1,0
2007-08,2008-03-05,Knockout,Round of 16 | Leg 2,Real Madrid,AS Roma,1,2
2007-08,2008-03-11,Knockout,Round of 16 | Leg 2,Internazionale,Liverpool,0,1
2007-08,2008-04-01,Knockout,Quarterfinals | Leg 1,FC Schalke 04,Barcelona,0,1
2007-08,2008-04-01,Knockout,Quarterfinals | Leg 1,AS Roma,Manchester United,0,2
2007-08,2008-04-02,Knockout,Quarterfinals | Leg 1,Arsenal,Liverpool,1,1
2007-08,2008-04-02,Knockout,Quarterfinals | Leg 1,Fenerbahçe İstanbul SK,Chelsea,2,1
2007-08,2008-04-08,Knockout,Quarterfinals | Leg 2,Chelsea,Fenerbahçe İstanbul SK,2,0
2007-08,2008-04-08,Knockout,Quarterfinals | Leg 2,Liverpool,Arsenal,4,2
2007-08,2008-04-09,Knockout,Quarterfinals | Leg 2,Barcelona,FC Schalke 04,1,0
2007-08,2008-04-09,Knockout,Quarterfinals | Leg 2,Manchester United,AS Roma,1,0
2007-08,2008-04-22,Knockout,Semifinals | Leg 1,Liverpool,Chelsea,1,1
2007-08,2008-04-23,Knockout,Semifinals | Leg 1,Barcelona,Manchester United,0,0
2007-08,2008-04-29,Knockout,Semifinals | Leg 2,Manchester United,Barcelona,1,0
2007-08,2008-04-30,Knockout,Semifinals | Leg 2,Chelsea,Liverpool,1,1
2007-08,2008-05-21,Knockout,Final,Manchester United,Chelsea,1,1
2008-09,2008-07-15,Qualifying,Qual. Round 1 | Leg 1,Valletta,Petrzalka Akademia,0,2
2008-09,2008-07-15,Qualifying,Qual. Round 1 | Leg 1,Anorthosis Famagusta,Pyunik,1,0
2008-09,2008-07-15,Qualifying,Qual. Round 1 | Leg 1,Murata,IFK Goteborg,0,5
2008-09,2008-07-15,Qualifying,Qual. Round 1 | Leg 1,FC Santa Coloma,FBK Kaunas,1,4
2008-09,2008-07-15,Qualifying,Qual. Round 1 | Leg 1,Llanelli,Ventspils,1,0
2008-09,2008-07-15,Qualifying,Qual. Round 1 | Leg 1,Inter Baku PIK,Rabotnicki,0,0
2008-09,2008-07-15,Qualifying,Qual. Round 1 | Leg 1,F91 Dudelange,NK Domzale,0,1
2008-09,2008-07-15,Qualifying,Qual. Round 1 | Leg 1,Dinamo Tirana,FK Modrica,0,2
2008-09,2008-07-15,Qualifying,Qual. Round 1 | Leg 1,Tampere United,Buducnost,2,1
2008-09,2008-07-15,Qualifying,Qual. Round 1 | Leg 1,BATE Borisov,Valur Reykjavik,2,0
2008-09,2008-07-16,Qualifying,Qual. Round 1 | Leg 1,Linfield,Dinamo Zagreb,0,2
2008-09,2008-07-16,Qualifying,Qual. Round 1 | Leg 1,Aktobe,Sheriff Tiraspol,1,0
2008-09,2008-07-16,Qualifying,Qual. Round 1 | Leg 1,Dinamo Tbilisi,NSI,3,0
2008-09,2008-07-16,Qualifying,Qual. Round 1 | Leg 1,Drogheda United,Levadia,2,1
2008-09,2008-07-22,Qualifying,Qual. Round 1 | Leg 2,Ventspils,Llanelli,4,0
2008-09,2008-07-22,Qualifying,Qual. Round 1 | Leg 2,FBK Kaunas,FC Santa Coloma,3,1
2008-09,2008-07-22,Qualifying,Qual. Round 1 | Leg 2,NSI,Dinamo Tbilisi,1,0
2008-09,2008-07-22,Qualifying,Qual. Round 1 | Leg 2,Sheriff Tiraspol,Aktobe,4,0
2008-09,2008-07-22,Qualifying,Qual. Round 1 | Leg 2,Rabotnicki,Inter Baku PIK,1,1
2008-09,2008-07-23,Qualifying,Qual. Round 1 | Leg 2,Buducnost,Tampere United,1,1
2008-09,2008-07-23,Qualifying,Qual. Round 1 | Leg 2,Valur Reykjavik,BATE Borisov,0,1
2008-09,2008-07-23,Qualifying,Qual. Round 1 | Leg 2,Pyunik,Anorthosis Famagusta,0,2
2008-09,2008-07-23,Qualifying,Qual. Round 1 | Leg 2,FK Modrica,Dinamo Tirana,2,1
2008-09,2008-07-23,Qualifying,Qual. Round 1 | Leg 2,Levadia,Drogheda United,0,1
2008-09,2008-07-23,Qualifying,Qual. Round 1 | Leg 2,IFK Goteborg,Murata,4,0
2008-09,2008-07-23,Qualifying,Qual. Round 1 | Leg 2,Petrzalka Akademia,Valletta,1,0
2008-09,2008-07-23,Qualifying,Qual. Round 1 | Leg 2,NK Domzale,F91 Dudelange,2,0
2008-09,2008-07-23,Qualifying,Qual. Round 1 | Leg 2,Dinamo Zagreb,Linfield,1,1
2008-09,2008-07-29,Qualifying,Qual. Round 2 | Leg 1,Drogheda United,Dinamo Kiev,1,2
2008-09,2008-07-29,Qualifying,Qual. Round 2 | Leg 1,Inter Baku PIK,Partizan Belgrade,1,1
2008-09,2008-07-29,Qualifying,Qual. Round 2 | Leg 1,Brann,Ventspils,1,0
2008-09,2008-07-30,Qualifying,Qual. Round 2 | Leg 1,IFK Goteborg,Basel,1,1
2008-09,2008-07-30,Qualifying,Qual. Round 2 | Leg 1,Beitar Jerusalem,Wisla Krakow,2,1
2008-09,2008-07-30,Qualifying,Qual. Round 2 | Leg 1,RSC Anderlecht,BATE Borisov,1,2
2008-09,2008-07-30,Qualifying,Qual. Round 2 | Leg 1,Anorthosis Famagusta,Rapid Wien,3,0
2008-09,2008-07-30,Qualifying,Qual. Round 2 | Leg 1,Sheriff Tiraspol,Sparta Praha,0,1
2008-09,2008-07-30,Qualifying,Qual. Round 2 | Leg 1,Aalborg BK,FK Modrica,5,0
2008-09,2008-07-30,Qualifying,Qual. Round 2 | Leg 1,NK Domzale,Dinamo Zagreb,0,3
2008-09,2008-07-30,Qualifying,Qual. Round 2 | Leg 1,Rangers FC,FBK Kaunas,0,0
2008-09,2008-07-30,Qualifying,Qual. Round 2 | Leg 1,Fenerbahçe İstanbul SK,MTK,2,0
2008-09,2008-07-30,Qualifying,Qual. Round 2 | Leg 1,Tampere United,Petrzalka Akademia,1,3
2008-09,2008-07-30,Qualifying,Qual. Round 2 | Leg 1,Panathinaikos FC,Dinamo Tbilisi,3,0
2008-09,2008-08-05,Qualifying,Qual. Round 2 | Leg 2,Ventspils,Brann,2,1
2008-09,2008-08-05,Qualifying,Qual. Round 2 | Leg 2,FBK Kaunas,Rangers FC,2,1
2008-09,2008-08-06,Qualifying,Qual. Round 2 | Leg 2,Partizan Belgrade,Inter Baku PIK,2,0
2008-09,2008-08-06,Qualifying,Qual. Round 2 | Leg 2,Sparta Praha,Sheriff Tiraspol,2,0
2008-09,2008-08-06,Qualifying,Qual. Round 2 | Leg 2,Petrzalka Akademia,Tampere United,4,2
2008-09,2008-08-06,Qualifying,Qual. Round 2 | Leg 2,Dinamo Tbilisi,Panathinaikos FC,0,0
2008-09,2008-08-06,Qualifying,Qual. Round 2 | Leg 2,Dinamo Zagreb,NK Domzale,3,2
2008-09,2008-08-06,Qualifying,Qual. Round 2 | Leg 2,Rapid Wien,Anorthosis Famagusta,3,1
2008-09,2008-08-06,Qualifying,Qual. Round 2 | Leg 2,MTK,Fenerbahçe İstanbul SK,0,5
2008-09,2008-08-06,Qualifying,Qual. Round 2 | Leg 2,BATE Borisov,RSC Anderlecht,2,2
2008-09,2008-08-06,Qualifying,Qual. Round 2 | Leg 2,Basel,IFK Goteborg,4,2
2008-09,2008-08-06,Qualifying,Qual. Round 2 | Leg 2,Wisla Krakow,Beitar Jerusalem,5,0
2008-09,2008-08-06,Qualifying,Qual. Round 2 | Leg 2,Dinamo Kiev,Drogheda United,2,2
2008-09,2008-08-06,Qualifying,Qual. Round 2 | Leg 2,FK Modrica,Aalborg BK,1,2
2008-09,2008-08-12,Qualifying,Qual. Round 3 | Leg 1,ACF Fiorentina,Slavia Praha,2,0
2008-09,2008-08-13,Qualifying,Qual. Round 3 | Leg 1,Brann,Olympique Marseille,0,1
2008-09,2008-08-13,Qualifying,Qual. Round 3 | Leg 1,Spartak Moskva,Dinamo Kiev,1,4
2008-09,2008-08-13,Qualifying,Qual. Round 3 | Leg 1,Partizan Belgrade,Fenerbahçe İstanbul SK,2,2
2008-09,2008-08-13,Qualifying,Qual. Round 3 | Leg 1,Standard Liege,Liverpool,0,0
2008-09,2008-08-13,Qualifying,Qual. Round 3 | Leg 1,Juventus,Petrzalka Akademia,4,0
2008-09,2008-08-13,Qualifying,Qual. Round 3 | Leg 1,Galatasaray İstanbul AŞ,Steaua Bucuresti,2,2
2008-09,2008-08-13,Qualifying,Qual. Round 3 | Leg 1,Shakhtar Donetsk,Dinamo Zagreb,2,0
2008-09,2008-08-13,Qualifying,Qual. Round 3 | Leg 1,Sparta Praha,Panathinaikos FC,1,2
2008-09,2008-08-13,Qualifying,Qual. Round 3 | Leg 1,FC Schalke 04,Atletico Madrid,1,0
2008-09,2008-08-13,Qualifying,Qual. Round 3 | Leg 1,FC Twente,Arsenal,0,2
2008-09,2008-08-13,Qualifying,Qual. Round 3 | Leg 1,Anorthosis Famagusta,Olympiacos,3,0
2008-09,2008-08-13,Qualifying,Qual. Round 3 | Leg 1,Aalborg BK,FBK Kaunas,2,0
2008-09,2008-08-13,Qualifying,Qual. Round 3 | Leg 1,Vitoria Guimaraes,Basel,0,0
2008-09,2008-08-13,Qualifying,Qual. Round 3 | Leg 1,Levski Sofia,BATE Borisov,0,1
2008-09,2008-08-13,Qualifying,Qual. Round 3 | Leg 1,Barcelona,Wisla Krakow,4,0
2008-09,2008-08-26,Qualifying,Qual. Round 3 | Leg 2,Wisla Krakow,Barcelona,1,0
2008-09,2008-08-26,Qualifying,Qual. Round 3 | Leg 2,Petrzalka Akademia,Juventus,1,1
2008-09,2008-08-26,Qualifying,Qual. Round 3 | Leg 2,Panathinaikos FC,Sparta Praha,1,0
2008-09,2008-08-27,Qualifying,Qual. Round 3 | Leg 2,Fenerbahçe İstanbul SK,Partizan Belgrade,2,1
2008-09,2008-08-27,Qualifying,Qual. Round 3 | Leg 2,Olympique Marseille,Brann,2,1
2008-09,2008-08-27,Qualifying,Qual. Round 3 | Leg 2,Steaua Bucuresti,Galatasaray İstanbul AŞ,1,0
2008-09,2008-08-27,Qualifying,Qual. Round 3 | Leg 2,Dinamo Zagreb,Shakhtar Donetsk,1,3
2008-09,2008-08-27,Qualifying,Qual. Round 3 | Leg 2,Dinamo Kiev,Spartak Moskva,4,1
2008-09,2008-08-27,Qualifying,Qual. Round 3 | Leg 2,BATE Borisov,Levski Sofia,1,1
2008-09,2008-08-27,Qualifying,Qual. Round 3 | Leg 2,Slavia Praha,ACF Fiorentina,0,0
2008-09,2008-08-27,Qualifying,Qual. Round 3 | Leg 2,FBK Kaunas,Aalborg BK,0,2
2008-09,2008-08-27,Qualifying,Qual. Round 3 | Leg 2,Olympiacos,Anorthosis Famagusta,1,0
2008-09,2008-08-27,Qualifying,Qual. Round 3 | Leg 2,Basel,Vitoria Guimaraes,2,1
2008-09,2008-08-27,Qualifying,Qual. Round 3 | Leg 2,Atletico Madrid,FC Schalke 04,4,0
2008-09,2008-08-27,Qualifying,Qual. Round 3 | Leg 2,Arsenal,FC Twente,4,0
2008-09,2008-08-27,Qualifying,Qual. Round 3 | Leg 2,Liverpool,Standard Liege,0,0
2008-09,2008-09-16,Group,Matchday ?,Olympique Marseille,Liverpool,1,2
2008-09,2008-09-16,Group,Matchday ?,Basel,Shakhtar Donetsk,1,2
2008-09,2008-09-16,Group,Matchday ?,PSV Eindhoven,Atletico Madrid,0,3
2008-09,2008-09-16,Group,Matchday ?,Barcelona,Sporting CP,3,1
2008-09,2008-09-16,Group,Matchday ?,AS Roma,CFR Cluj,1,2
2008-09,2008-09-16,Group,Matchday ?,Chelsea,Girondins Bordeaux,4,0
2008-09,2008-09-16,Group,Matchday ?,Panathinaikos FC,Internazionale,0,2
2008-09,2008-09-16,Group,Matchday ?,Werder Bremen,Anorthosis Famagusta,0,0
2008-09,2008-09-17,Group,Matchday ?,Real Madrid,BATE Borisov,2,0
2008-09,2008-09-17,Group,Matchday ?,Olympique Lyon,ACF Fiorentina,2,2
2008-09,2008-09-17,Group,Matchday ?,Manchester United,Villarreal,0,0
2008-09,2008-09-17,Group,Matchday ?,Celtic,Aalborg BK,0,0
2008-09,2008-09-17,Group,Matchday ?,Steaua Bucuresti,Bayern Munich,0,1
2008-09,2008-09-17,Group,Matchday ?,Dinamo Kiev,Arsenal,1,1
2008-09,2008-09-17,Group,Matchday ?,Juventus,Zenit St. Petersburg,1,0
2008-09,2008-09-17,Group,Matchday ?,FC Porto,Fenerbahçe İstanbul SK,3,1
2008-09,2008-09-30,Group,Matchday ?,BATE Borisov,Juventus,2,2
2008-09,2008-09-30,Group,Matchday ?,Arsenal,FC Porto,4,0
2008-09,2008-09-30,Group,Matchday ?,Fenerbahçe İstanbul SK,Dinamo Kiev,0,0
2008-09,2008-09-30,Group,Matchday ?,Aalborg BK,Manchester United,0,3
2008-09,2008-09-30,Group,Matchday ?,ACF Fiorentina,Steaua Bucuresti,0,0
2008-09,2008-09-30,Group,Matchday ?,Villarreal,Celtic,1,0
2008-09,2008-09-30,Group,Matchday ?,Zenit St. Petersburg,Real Madrid,1,2
2008-09,2008-09-30,Group,Matchday ?,Bayern Munich,Olympique Lyon,1,1
2008-09,2008-10-01,Group,Matchday ?,Shakhtar Donetsk,Barcelona,1,2
2008-09,2008-10-01,Group,Matchday ?,Atletico Madrid,Olympique Marseille,2,1
2008-09,2008-10-01,Group,Matchday ?,Liverpool,PSV Eindhoven,3,1
2008-09,2008-10-01,Group,Matchday ?,Sporting CP,Basel,2,0
2008-09,2008-10-01,Group,Matchday ?,Anorthosis Famagusta,Panathinaikos FC,3,1
2008-09,2008-10-01,Group,Matchday ?,CFR Cluj,Chelsea,0,0
2008-09,2008-10-01,Group,Matchday ?,Internazionale,Werder Bremen,1,1
2008-09,2008-10-01,Group,Matchday ?,Girondins Bordeaux,AS Roma,1,3
2008-09,2008-10-21,Group,Matchday ?,Manchester United,Celtic,3,0
2008-09,2008-10-21,Group,Matchday ?,Villarreal,Aalborg BK,6,3
2008-09,2008-10-21,Group,Matchday ?,Steaua Bucuresti,Olympique Lyon,3,5
2008-09,2008-10-21,Group,Matchday ?,Bayern Munich,ACF Fiorentina,3,0
2008-09,2008-10-21,Group,Matchday ?,Fenerbahçe İstanbul SK,Arsenal,2,5
2008-09,2008-10-21,Group,Matchday ?,FC Porto,Dinamo Kiev,0,1
2008-09,2008-10-21,Group,Matchday ?,Zenit St. Petersburg,BATE Borisov,1,1
2008-09,2008-10-21,Group,Matchday ?,Juventus,Real Madrid,2,1
2008-09,2008-10-22,Group,Matchday ?,Chelsea,AS Roma,1,0
2008-09,2008-10-22,Group,Matchday ?,Basel,Barcelona,0,5
2008-09,2008-10-22,Group,Matchday ?,Shakhtar Donetsk,Sporting CP,0,1
2008-09,2008-10-22,Group,Matchday ?,Atletico Madrid,Liverpool,1,1
2008-09,2008-10-22,Group,Matchday ?,Internazionale,Anorthosis Famagusta,1,0
2008-09,2008-10-22,Group,Matchday ?,Panathinaikos FC,Werder Bremen,2,2
2008-09,2008-10-22,Group,Matchday ?,Girondins Bordeaux,CFR Cluj,1,0
2008-09,2008-10-22,Group,Matchday ?,PSV Eindhoven,Olympique Marseille,2,0
2008-09,2008-11-04,Group,Matchday ?,Barcelona,Basel,1,1
2008-09,2008-11-04,Group,Matchday ?,Liverpool,Atletico Madrid,1,1
2008-09,2008-11-04,Group,Matchday ?,Sporting CP,Shakhtar Donetsk,1,0
2008-09,2008-11-04,Group,Matchday ?,Olympique Marseille,PSV Eindhoven,3,0
2008-09,2008-11-04,Group,Matchday ?,Werder Bremen,Panathinaikos FC,0,3
2008-09,2008-11-04,Group,Matchday ?,CFR Cluj,Girondins Bordeaux,1,2
2008-09,2008-11-04,Group,Matchday ?,AS Roma,Chelsea,3,1
2008-09,2008-11-04,Group,Matchday ?,Anorthosis Famagusta,Internazionale,3,3
2008-09,2008-11-05,Group,Matchday ?,Real Madrid,Juventus,0,2
2008-09,2008-11-05,Group,Matchday ?,Dinamo Kiev,FC Porto,1,2
2008-09,2008-11-05,Group,Matchday ?,Arsenal,Fenerbahçe İstanbul SK,0,0
2008-09,2008-11-05,Group,Matchday ?,BATE Borisov,Zenit St. Petersburg,0,2
2008-09,2008-11-05,Group,Matchday ?,Aalborg BK,Villarreal,2,2
2008-09,2008-11-05,Group,Matchday ?,Olympique Lyon,Steaua Bucuresti,2,0
2008-09,2008-11-05,Group,Matchday ?,Celtic,Manchester United,1,1
2008-09,2008-11-05,Group,Matchday ?,ACF Fiorentina,Bayern Munich,1,1
2008-09,2008-11-25,Group,Matchday ?,Aalborg BK,Celtic,2,1
2008-09,2008-11-25,Group,Matchday ?,Villarreal,Manchester United,0,0
2008-09,2008-11-25,Group,Matchday ?,ACF Fiorentina,Olympique Lyon,1,2
2008-09,2008-11-25,Group,Matchday ?,Bayern Munich,Steaua Bucuresti,3,0
2008-09,2008-11-25,Group,Matchday ?,Arsenal,Dinamo Kiev,1,0
2008-09,2008-11-25,Group,Matchday ?,Fenerbahçe İstanbul SK,FC Porto,1,2
2008-09,2008-11-25,Group,Matchday ?,BATE Borisov,Real Madrid,0,1
2008-09,2008-11-25,Group,Matchday ?,Zenit St. Petersburg,Juventus,0,0
2008-09,2008-11-26,Group,Matchday ?,Liverpool,Olympique Marseille,1,0
2008-09,2008-11-26,Group,Matchday ?,Atletico Madrid,PSV Eindhoven,2,1
2008-09,2008-11-26,Group,Matchday ?,Sporting CP,Barcelona,2,5
2008-09,2008-11-26,Group,Matchday ?,Shakhtar Donetsk,Basel,5,0
2008-09,2008-11-26,Group,Matchday ?,CFR Cluj,AS Roma,1,3
2008-09,2008-11-26,Group,Matchday ?,Girondins Bordeaux,Chelsea,1,1
2008-09,2008-11-26,Group,Matchday ?,Internazionale,Panathinaikos FC,0,1
2008-09,2008-11-26,Group,Matchday ?,Anorthosis Famagusta,Werder Bremen,2,2
2008-09,2008-12-09,Group,Matchday ?,AS Roma,Girondins Bordeaux,2,0
2008-09,2008-12-09,Group,Matchday ?,Chelsea,CFR Cluj,2,1
2008-09,2008-12-09,Group,Matchday ?,Panathinaikos FC,Anorthosis Famagusta,1,0
2008-09,2008-12-09,Group,Matchday ?,Werder Bremen,Internazionale,2,1
2008-09,2008-12-09,Group,Matchday ?,Basel,Sporting CP,0,1
2008-09,2008-12-09,Group,Matchday ?,Barcelona,Shakhtar Donetsk,2,3
2008-09,2008-12-09,Group,Matchday ?,Olympique Marseille,Atletico Madrid,0,0
2008-09,2008-12-09,Group,Matchday ?,PSV Eindhoven,Liverpool,1,3
2008-09,2008-12-10,Group,Matchday ?,Juventus,BATE Borisov,0,0
2008-09,2008-12-10,Group,Matchday ?,Dinamo Kiev,Fenerbahçe İstanbul SK,1,0
2008-09,2008-12-10,Group,Matchday ?,Real Madrid,Zenit St. Petersburg,3,0
2008-09,2008-12-10,Group,Matchday ?,FC Porto,Arsenal,2,0
2008-09,2008-12-10,Group,Matchday ?,Steaua Bucuresti,ACF Fiorentina,0,1
2008-09,2008-12-10,Group,Matchday ?,Olympique Lyon,Bayern Munich,2,3
2008-09,2008-12-10,Group,Matchday ?,Manchester United,Aalborg BK,2,2
2008-09,2008-12-10,Group,Matchday ?,Celtic,Villarreal,2,0
2008-09,2009-02-24,Knockout,Round of 16 | Leg 1,Arsenal,AS Roma,1,0
2008-09,2009-02-24,Knockout,Round of 16 | Leg 1,Atletico Madrid,FC Porto,2,2
2008-09,2009-02-24,Knockout,Round of 16 | Leg 1,Olympique Lyon,Barcelona,1,1
2008-09,2009-02-24,Knockout,Round of 16 | Leg 1,Internazionale,Manchester United,0,0
2008-09,2009-02-25,Knockout,Round of 16 | Leg 1,Sporting CP,Bayern Munich,0,5
2008-09,2009-02-25,Knockout,Round of 16 | Leg 1,Villarreal,Panathinaikos FC,1,1
2008-09,2009-02-25,Knockout,Round of 16 | Leg 1,Chelsea,Juventus,1,0
2008-09,2009-02-25,Knockout,Round of 16 | Leg 1,Real Madrid,Liverpool,0,1
2008-09,2009-03-10,Knockout,Round of 16 | Leg 2,Juventus,Chelsea,2,2
2008-09,2009-03-10,Knockout,Round of 16 | Leg 2,Liverpool,Real Madrid,4,0
2008-09,2009-03-10,Knockout,Round of 16 | Leg 2,Bayern Munich,Sporting CP,7,1
2008-09,2009-03-10,Knockout,Round of 16 | Leg 2,Panathinaikos FC,Villarreal,1,2
2008-09,2009-03-11,Knockout,Round of 16 | Leg 2,Barcelona,Olympique Lyon,5,2
2008-09,2009-03-11,Knockout,Round of 16 | Leg 2,Manchester United,Internazionale,2,0
2008-09,2009-03-11,Knockout,Round of 16 | Leg 2,FC Porto,Atletico Madrid,0,0
2008-09,2009-03-11,Knockout,Round of 16 | Leg 2,AS Roma,Arsenal,1,0
2008-09,2009-04-07,Knockout,Quarterfinals | Leg 1,Villarreal,Arsenal,1,1
2008-09,2009-04-07,Knockout,Quarterfinals | Leg 1,Manchester United,FC Porto,2,2
2008-09,2009-04-08,Knockout,Quarterfinals | Leg 1,Barcelona,Bayern Munich,4,0
2008-09,2009-04-08,Knockout,Quarterfinals | Leg 1,Liverpool,Chelsea,1,3
2008-09,2009-04-14,Knockout,Quarterfinals | Leg 2,Chelsea,Liverpool,4,4
2008-09,2009-04-14,Knockout,Quarterfinals | Leg 2,Bayern Munich,Barcelona,1,1
2008-09,2009-04-15,Knockout,Quarterfinals | Leg 2,Arsenal,Villarreal,3,0
2008-09,2009-04-15,Knockout,Quarterfinals | Leg 2,FC Porto,Manchester United,0,1
2008-09,2009-04-28,Knockout,Semifinals | Leg 1,Barcelona,Chelsea,0,0
2008-09,2009-04-29,Knockout,Semifinals | Leg 1,Manchester United,Arsenal,1,0
2008-09,2009-05-05,Knockout,Semifinals | Leg 2,Arsenal,Manchester United,1,3
2008-09,2009-05-06,Knockout,Semifinals | Leg 2,Chelsea,Barcelona,1,1
2008-09,2009-05-27,Knockout,Final,Barcelona,Manchester United,2,0
2009-10,2009-06-30,Qualifying,Qual. Round 1 | Leg 1,Hibernians,FK Mogren,0,2
2009-10,2009-07-01,Qualifying,Qual. Round 1 | Leg 1,Tre Fiori,UE Sant Julia,1,1
2009-10,2009-07-07,Qualifying,Qual. Round 1 | Leg 2,UE Sant Julia,Tre Fiori,1,1
2009-10,2009-07-08,Qualifying,Qual. Round 1 | Leg 2,FK Mogren,Hibernians,4,0
2009-10,2009-07-14,Qualifying,Qual. Round 2 | Leg 1,Pyunik,Dinamo Zagreb,0,0
2009-10,2009-07-14,Qualifying,Qual. Round 2 | Leg 1,Makedonija,BATE Borisov,0,2
2009-10,2009-07-14,Qualifying,Qual. Round 2 | Leg 1,Rhyl,Partizan Belgrade,0,4
2009-10,2009-07-14,Qualifying,Qual. Round 2 | Leg 1,EB / Streymur,APOEL Nikosia,0,2
2009-10,2009-07-14,Qualifying,Qual. Round 2 | Leg 1,FK Ekranas,Baku,2,2
2009-10,2009-07-15,Qualifying,Qual. Round 2 | Leg 1,Kobenhavn,FK Mogren,6,0
2009-10,2009-07-15,Qualifying,Qual. Round 2 | Leg 1,Levski Sofia,UE Sant Julia,4,0
2009-10,2009-07-15,Qualifying,Qual. Round 2 | Leg 1,FH,Aktobe,0,4
2009-10,2009-07-15,Qualifying,Qual. Round 2 | Leg 1,Debreceni VSC,Kalmar FF,2,0
2009-10,2009-07-15,Qualifying,Qual. Round 2 | Leg 1,FC RB Salzburg,Bohemians,1,1
2009-10,2009-07-15,Qualifying,Qual. Round 2 | Leg 1,Ventspils,F91 Dudelange,3,0
2009-10,2009-07-15,Qualifying,Qual. Round 2 | Leg 1,HSK Zrinjski Mostar,Slovan Bratislava,1,0
2009-10,2009-07-15,Qualifying,Qual. Round 2 | Leg 1,WIT Georgia,NK Maribor,0,0
2009-10,2009-07-15,Qualifying,Qual. Round 2 | Leg 1,KF Tirana,Stabaek,1,1
2009-10,2009-07-15,Qualifying,Qual. Round 2 | Leg 1,Wisla Krakow,Levadia,1,1
2009-10,2009-07-15,Qualifying,Qual. Round 2 | Leg 1,Maccabi Haifa,Glentoran,6,0
2009-10,2009-07-15,Qualifying,Qual. Round 2 | Leg 1,Inter Turku,Sheriff Tiraspol,0,1
2009-10,2009-07-21,Qualifying,Qual. Round 2 | Leg 2,Sheriff Tiraspol,Inter Turku,1,0
2009-10,2009-07-21,Qualifying,Qual. Round 2 | Leg 2,Stabaek,KF Tirana,4,0
2009-10,2009-07-21,Qualifying,Qual. Round 2 | Leg 2,Partizan Belgrade,Rhyl,8,0
2009-10,2009-07-21,Qualifying,Qual. Round 2 | Leg 2,Slovan Bratislava,HSK Zrinjski Mostar,4,0
2009-10,2009-07-21,Qualifying,Qual. Round 2 | Leg 2,Baku,FK Ekranas,4,2
2009-10,2009-07-21,Qualifying,Qual. Round 2 | Leg 2,BATE Borisov,Makedonija,2,0
2009-10,2009-07-21,Qualifying,Qual. Round 2 | Leg 2,APOEL Nikosia,EB / Streymur,3,0
2009-10,2009-07-21,Qualifying,Qual. Round 2 | Leg 2,Dinamo Zagreb,Pyunik,3,0
2009-10,2009-07-21,Qualifying,Qual. Round 2 | Leg 2,UE Sant Julia,Levski Sofia,0,5
2009-10,2009-07-22,Qualifying,Qual. Round 2 | Leg 2,F91 Dudelange,Ventspils,1,3
2009-10,2009-07-22,Qualifying,Qual. Round 2 | Leg 2,Aktobe,FH,2,0
2009-10,2009-07-22,Qualifying,Qual. Round 2 | Leg 2,Bohemians,FC RB Salzburg,0,1
2009-10,2009-07-22,Qualifying,Qual. Round 2 | Leg 2,Kalmar FF,Debreceni VSC,3,1
2009-10,2009-07-22,Qualifying,Qual. Round 2 | Leg 2,FK Mogren,Kobenhavn,0,6
2009-10,2009-07-22,Qualifying,Qual. Round 2 | Leg 2,Glentoran,Maccabi Haifa,0,4
2009-10,2009-07-22,Qualifying,Qual. Round 2 | Leg 2,NK Maribor,WIT Georgia,3,1
2009-10,2009-07-22,Qualifying,Qual. Round 2 | Leg 2,Levadia,Wisla Krakow,1,0
2009-10,2009-07-28,Qualifying,Qual. Round 3 | Leg 1,RSC Anderlecht,Sivasspor,5,0
2009-10,2009-07-28,Qualifying,Qual. Round 3 | Leg 1,Sparta Praha,Panathinaikos FC,3,1
2009-10,2009-07-28,Qualifying,Qual. Round 3 | Leg 1,Aktobe,Maccabi Haifa,0,0
2009-10,2009-07-28,Qualifying,Qual. Round 3 | Leg 1,Baku,Levski Sofia,0,0
2009-10,2009-07-29,Qualifying,Qual. Round 3 | Leg 1,Sheriff Tiraspol,Slavia Praha,0,0
2009-10,2009-07-29,Qualifying,Qual. Round 3 | Leg 1,Celtic,Dinamo Moskva,0,1
2009-10,2009-07-29,Qualifying,Qual. Round 3 | Leg 1,Ventspils,BATE Borisov,1,0
2009-10,2009-07-29,Qualifying,Qual. Round 3 | Leg 1,APOEL Nikosia,Partizan Belgrade,2,0
2009-10,2009-07-29,Qualifying,Qual. Round 3 | Leg 1,Sporting CP,FC Twente,0,0
2009-10,2009-07-29,Qualifying,Qual. Round 3 | Leg 1,FC RB Salzburg,Dinamo Zagreb,1,1
2009-10,2009-07-29,Qualifying,Qual. Round 3 | Leg 1,Levadia,Debreceni VSC,0,1
2009-10,2009-07-29,Qualifying,Qual. Round 3 | Leg 1,Shakhtar Donetsk,FC Politehnica Timisoara,2,2
2009-10,2009-07-29,Qualifying,Qual. Round 3 | Leg 1,Kobenhavn,Stabaek,3,1
2009-10,2009-07-29,Qualifying,Qual. Round 3 | Leg 1,Slovan Bratislava,Olympiacos,0,2
2009-10,2009-07-29,Qualifying,Qual. Round 3 | Leg 1,FC Zurich,NK Maribor,2,3
2009-10,2009-08-04,Qualifying,Qual. Round 3 | Leg 2,Dinamo Zagreb,FC RB Salzburg,1,2
2009-10,2009-08-04,Qualifying,Qual. Round 3 | Leg 2,Sivasspor,RSC Anderlecht,3,1
2009-10,2009-08-04,Qualifying,Qual. Round 3 | Leg 2,Panathinaikos FC,Sparta Praha,3,0
2009-10,2009-08-04,Qualifying,Qual. Round 3 | Leg 2,FC Twente,Sporting CP,1,1
2009-10,2009-08-04,Qualifying,Qual. Round 3 | Leg 2,Maccabi Haifa,Aktobe,4,3
2009-10,2009-08-05,Qualifying,Qual. Round 3 | Leg 2,Partizan Belgrade,APOEL Nikosia,1,0
2009-10,2009-08-05,Qualifying,Qual. Round 3 | Leg 2,Dinamo Moskva,Celtic,0,2
2009-10,2009-08-05,Qualifying,Qual. Round 3 | Leg 2,FC Politehnica Timisoara,Shakhtar Donetsk,0,0
2009-10,2009-08-05,Qualifying,Qual. Round 3 | Leg 2,Slavia Praha,Sheriff Tiraspol,1,1
2009-10,2009-08-05,Qualifying,Qual. Round 3 | Leg 2,Levski Sofia,Baku,2,0
2009-10,2009-08-05,Qualifying,Qual. Round 3 | Leg 2,Stabaek,Kobenhavn,0,0
2009-10,2009-08-05,Qualifying,Qual. Round 3 | Leg 2,Debreceni VSC,Levadia,1,0
2009-10,2009-08-05,Qualifying,Qual. Round 3 | Leg 2,NK Maribor,FC Zurich,0,3
2009-10,2009-08-05,Qualifying,Qual. Round 3 | Leg 2,Olympiacos,Slovan Bratislava,2,0
2009-10,2009-08-05,Qualifying,Qual. Round 3 | Leg 2,BATE Borisov,Ventspils,2,1
2009-10,2009-08-18,Qualifying,Playoff Round | Leg 1,Sheriff Tiraspol,Olympiacos,0,2
2009-10,2009-08-18,Qualifying,Playoff Round | Leg 1,Celtic,Arsenal,0,2
2009-10,2009-08-18,Qualifying,Playoff Round | Leg 1,FC Politehnica Timisoara,Stuttgart,0,2
2009-10,2009-08-18,Qualifying,Playoff Round | Leg 1,Kobenhavn,APOEL Nikosia,1,0
2009-10,2009-08-18,Qualifying,Playoff Round | Leg 1,Sporting CP,ACF Fiorentina,2,2
2009-10,2009-08-19,Qualifying,Playoff Round | Leg 1,Panathinaikos FC,Atletico Madrid,2,3
2009-10,2009-08-19,Qualifying,Playoff Round | Leg 1,Levski Sofia,Debreceni VSC,1,2
2009-10,2009-08-19,Qualifying,Playoff Round | Leg 1,Ventspils,FC Zurich,0,3
2009-10,2009-08-19,Qualifying,Playoff Round | Leg 1,FC RB Salzburg,Maccabi Haifa,1,2
2009-10,2009-08-19,Qualifying,Playoff Round | Leg 1,Olympique Lyon,RSC Anderlecht,5,1
2009-10,2009-08-25,Qualifying,Playoff Round | Leg 2,Maccabi Haifa,FC RB Salzburg,3,0
2009-10,2009-08-25,Qualifying,Playoff Round | Leg 2,FC Zurich,Ventspils,2,1
2009-10,2009-08-25,Qualifying,Playoff Round | Leg 2,RSC Anderlecht,Olympique Lyon,1,3
2009-10,2009-08-25,Qualifying,Playoff Round | Leg 2,Atletico Madrid,Panathinaikos FC,2,0
2009-10,2009-08-25,Qualifying,Playoff Round | Leg 2,Debreceni VSC,Levski Sofia,2,0
2009-10,2009-08-26,Qualifying,Playoff Round | Leg 2,Stuttgart,FC Politehnica Timisoara,0,0
2009-10,2009-08-26,Qualifying,Playoff Round | Leg 2,ACF Fiorentina,Sporting CP,1,1
2009-10,2009-08-26,Qualifying,Playoff Round | Leg 2,Olympiacos,Sheriff Tiraspol,1,0
2009-10,2009-08-26,Qualifying,Playoff Round | Leg 2,Arsenal,Celtic,3,1
2009-10,2009-08-26,Qualifying,Playoff Round | Leg 2,APOEL Nikosia,Kobenhavn,3,1
2009-10,2009-09-15,Group,Matchday ?,Chelsea,FC Porto,1,0
2009-10,2009-09-15,Group,Matchday ?,Atletico Madrid,APOEL Nikosia,0,0
2009-10,2009-09-15,Group,Matchday ?,FC Zurich,Real Madrid,2,5
2009-10,2009-09-15,Group,Matchday ?,Olympique Marseille,Milan,1,2
2009-10,2009-09-15,Group,Matchday ?,Maccabi Haifa,Bayern Munich,0,3
2009-10,2009-09-15,Group,Matchday ?,VfL Wolfsburg,CSKA Moskva,3,1
2009-10,2009-09-15,Group,Matchday ?,Beşiktaş İstanbul JK,Manchester United,0,1
2009-10,2009-09-15,Group,Matchday ?,Juventus,Girondins Bordeaux,1,1
2009-10,2009-09-16,Group,Matchday ?,Olympiacos,AZ Alkmaar,1,0
2009-10,2009-09-16,Group,Matchday ?,Olympique Lyon,ACF Fiorentina,1,0
2009-10,2009-09-16,Group,Matchday ?,Liverpool,Debreceni VSC,1,0
2009-10,2009-09-16,Group,Matchday ?,Dinamo Kiev,Rubin Kazan,3,1
2009-10,2009-09-16,Group,Matchday ?,Internazionale,Barcelona,0,0
2009-10,2009-09-16,Group,Matchday ?,Sevilla FC,Unirea Urziceni,2,0
2009-10,2009-09-16,Group,Matchday ?,Stuttgart,Rangers FC,1,1
2009-10,2009-09-16,Group,Matchday ?,Standard Liege,Arsenal,2,3
2009-10,2009-09-29,Group,Matchday ?,Unirea Urziceni,Stuttgart,1,1
2009-10,2009-09-29,Group,Matchday ?,AZ Alkmaar,Standard Liege,1,1
2009-10,2009-09-29,Group,Matchday ?,Arsenal,Olympiacos,2,0
2009-10,2009-09-29,Group,Matchday ?,Rangers FC,Sevilla FC,1,4
2009-10,2009-09-29,Group,Matchday ?,ACF Fiorentina,Liverpool,2,0
2009-10,2009-09-29,Group,Matchday ?,Debreceni VSC,Olympique Lyon,0,4
2009-10,2009-09-29,Group,Matchday ?,Rubin Kazan,Internazionale,1,1
2009-10,2009-09-29,Group,Matchday ?,Barcelona,Dinamo Kiev,2,0
2009-10,2009-09-30,Group,Matchday ?,Milan,FC Zurich,0,1
2009-10,2009-09-30,Group,Matchday ?,APOEL Nikosia,Chelsea,0,1
2009-10,2009-09-30,Group,Matchday ?,Real Madrid,Olympique Marseille,3,0
2009-10,2009-09-30,Group,Matchday ?,FC Porto,Atletico Madrid,2,0
2009-10,2009-09-30,Group,Matchday ?,Manchester United,VfL Wolfsburg,2,1
2009-10,2009-09-30,Group,Matchday ?,Girondins Bordeaux,Maccabi Haifa,1,0
2009-10,2009-09-30,Group,Matchday ?,Bayern Munich,Juventus,0,0
2009-10,2009-09-30,Group,Matchday ?,CSKA Moskva,Beşiktaş İstanbul JK,2,1
2009-10,2009-10-20,Group,Matchday ?,AZ Alkmaar,Arsenal,1,1
2009-10,2009-10-20,Group,Matchday ?,Olympiacos,Standard Liege,2,1
2009-10,2009-10-20,Group,Matchday ?,Rangers FC,Unirea Urziceni,1,4
2009-10,2009-10-20,Group,Matchday ?,Internazionale,Dinamo Kiev,2,2
2009-10,2009-10-20,Group,Matchday ?,Liverpool,Olympique Lyon,1,2
2009-10,2009-10-20,Group,Matchday ?,Debreceni VSC,ACF Fiorentina,3,4
2009-10,2009-10-20,Group,Matchday ?,Stuttgart,Sevilla FC,1,3
2009-10,2009-10-20,Group,Matchday ?,Barcelona,Rubin Kazan,1,2
2009-10,2009-10-21,Group,Matchday ?,FC Porto,APOEL Nikosia,2,1
2009-10,2009-10-21,Group,Matchday ?,Girondins Bordeaux,Bayern Munich,2,1
2009-10,2009-10-21,Group,Matchday ?,Juventus,Maccabi Haifa,1,0
2009-10,2009-10-21,Group,Matchday ?,VfL Wolfsburg,Beşiktaş İstanbul JK,0,0
2009-10,2009-10-21,Group,Matchday ?,CSKA Moskva,Manchester United,0,1
2009-10,2009-10-21,Group,Matchday ?,Real Madrid,Milan,2,3
2009-10,2009-10-21,Group,Matchday ?,FC Zurich,Olympique Marseille,0,1
2009-10,2009-10-21,Group,Matchday ?,Chelsea,Atletico Madrid,4,0
2009-10,2009-11-03,Group,Matchday ?,Milan,Real Madrid,1,1
2009-10,2009-11-03,Group,Matchday ?,APOEL Nikosia,FC Porto,0,1
2009-10,2009-11-03,Group,Matchday ?,Olympique Marseille,FC Zurich,6,1
2009-10,2009-11-03,Group,Matchday ?,Atletico Madrid,Chelsea,2,2
2009-10,2009-11-03,Group,Matchday ?,Maccabi Haifa,Juventus,0,1
2009-10,2009-11-03,Group,Matchday ?,Bayern Munich,Girondins Bordeaux,0,2
2009-10,2009-11-03,Group,Matchday ?,Manchester United,CSKA Moskva,3,3
2009-10,2009-11-03,Group,Matchday ?,Beşiktaş İstanbul JK,VfL Wolfsburg,0,3
2009-10,2009-11-04,Group,Matchday ?,ACF Fiorentina,Debreceni VSC,5,2
2009-10,2009-11-04,Group,Matchday ?,Olympique Lyon,Liverpool,1,1
2009-10,2009-11-04,Group,Matchday ?,Rubin Kazan,Barcelona,0,0
2009-10,2009-11-04,Group,Matchday ?,Dinamo Kiev,Internazionale,1,2
2009-10,2009-11-04,Group,Matchday ?,Unirea Urziceni,Rangers FC,1,1
2009-10,2009-11-04,Group,Matchday ?,Standard Liege,Olympiacos,2,0
2009-10,2009-11-04,Group,Matchday ?,Sevilla FC,Stuttgart,1,1
2009-10,2009-11-04,Group,Matchday ?,Arsenal,AZ Alkmaar,4,1
2009-10,2009-11-24,Group,Matchday ?,Unirea Urziceni,Sevilla FC,1,0
2009-10,2009-11-24,Group,Matchday ?,ACF Fiorentina,Olympique Lyon,1,0
2009-10,2009-11-24,Group,Matchday ?,Barcelona,Internazionale,2,0
2009-10,2009-11-24,Group,Matchday ?,Debreceni VSC,Liverpool,0,1
2009-10,2009-11-24,Group,Matchday ?,Rangers FC,Stuttgart,0,2
2009-10,2009-11-24,Group,Matchday ?,AZ Alkmaar,Olympiacos,0,0
2009-10,2009-11-24,Group,Matchday ?,Rubin Kazan,Dinamo Kiev,0,0
2009-10,2009-11-24,Group,Matchday ?,Arsenal,Standard Liege,2,0
2009-10,2009-11-25,Group,Matchday ?,FC Porto,Chelsea,0,1
2009-10,2009-11-25,Group,Matchday ?,APOEL Nikosia,Atletico Madrid,1,1
2009-10,2009-11-25,Group,Matchday ?,Milan,Olympique Marseille,1,1
2009-10,2009-11-25,Group,Matchday ?,Real Madrid,FC Zurich,1,0
2009-10,2009-11-25,Group,Matchday ?,CSKA Moskva,VfL Wolfsburg,2,1
2009-10,2009-11-25,Group,Matchday ?,Bayern Munich,Maccabi Haifa,1,0
2009-10,2009-11-25,Group,Matchday ?,Girondins Bordeaux,Juventus,2,0
2009-10,2009-11-25,Group,Matchday ?,Manchester United,Beşiktaş İstanbul JK,0,1
2009-10,2009-12-08,Group,Matchday ?,VfL Wolfsburg,Manchester United,1,3
2009-10,2009-12-08,Group,Matchday ?,Maccabi Haifa,Girondins Bordeaux,0,1
2009-10,2009-12-08,Group,Matchday ?,Beşiktaş İstanbul JK,CSKA Moskva,1,2
2009-10,2009-12-08,Group,Matchday ?,Juventus,Bayern Munich,1,4
2009-10,2009-12-08,Group,Matchday ?,Olympique Marseille,Real Madrid,1,3
2009-10,2009-12-08,Group,Matchday ?,Atletico Madrid,FC Porto,0,3
2009-10,2009-12-08,Group,Matchday ?,Chelsea,APOEL Nikosia,2,2
2009-10,2009-12-08,Group,Matchday ?,FC Zurich,Milan,1,1
2009-10,2009-12-09,Group,Matchday ?,Olympiacos,Arsenal,1,0
2009-10,2009-12-09,Group,Matchday ?,Standard Liege,AZ Alkmaar,1,1
2009-10,2009-12-09,Group,Matchday ?,Sevilla FC,Rangers FC,1,0
2009-10,2009-12-09,Group,Matchday ?,Stuttgart,Unirea Urziceni,3,1
2009-10,2009-12-09,Group,Matchday ?,Olympique Lyon,Debreceni VSC,4,0
2009-10,2009-12-09,Group,Matchday ?,Internazionale,Rubin Kazan,2,0
2009-10,2009-12-09,Group,Matchday ?,Liverpool,ACF Fiorentina,1,2
2009-10,2009-12-09,Group,Matchday ?,Dinamo Kiev,Barcelona,1,2
2009-10,2010-02-16,Knockout,Round of 16 | Leg 1,Milan,Manchester United,2,3
2009-10,2010-02-16,Knockout,Round of 16 | Leg 1,Olympique Lyon,Real Madrid,1,0
2009-10,2010-02-17,Knockout,Round of 16 | Leg 1,FC Porto,Arsenal,2,1
2009-10,2010-02-17,Knockout,Round of 16 | Leg 1,Bayern Munich,ACF Fiorentina,2,1
2009-10,2010-02-23,Knockout,Round of 16 | Leg 1,Stuttgart,Barcelona,1,1
2009-10,2010-02-23,Knockout,Round of 16 | Leg 1,Olympiacos,Girondins Bordeaux,0,1
2009-10,2010-02-24,Knockout,Round of 16 | Leg 1,CSKA Moskva,Sevilla FC,1,1
2009-10,2010-02-24,Knockout,Round of 16 | Leg 1,Internazionale,Chelsea,2,1
2009-10,2010-03-09,Knockout,Round of 16 | Leg 2,ACF Fiorentina,Bayern Munich,3,2
2009-10,2010-03-09,Knockout,Round of 16 | Leg 2,Arsenal,FC Porto,5,0
2009-10,2010-03-10,Knockout,Round of 16 | Leg 2,Real Madrid,Olympique Lyon,1,1
2009-10,2010-03-10,Knockout,Round of 16 | Leg 2,Manchester United,Milan,4,0
2009-10,2010-03-16,Knockout,Round of 16 | Leg 2,Sevilla FC,CSKA Moskva,1,2
2009-10,2010-03-16,Knockout,Round of 16 | Leg 2,Chelsea,Internazionale,0,1
2009-10,2010-03-17,Knockout,Round of 16 | Leg 2,Barcelona,Stuttgart,4,0
2009-10,2010-03-17,Knockout,Round of 16 | Leg 2,Girondins Bordeaux,Olympiacos,2,1
2009-10,2010-03-30,Knockout,Quarterfinals | Leg 1,Bayern Munich,Manchester United,2,1
2009-10,2010-03-30,Knockout,Quarterfinals | Leg 1,Olympique Lyon,Girondins Bordeaux,3,1
2009-10,2010-03-31,Knockout,Quarterfinals | Leg 1,Internazionale,CSKA Moskva,1,0
2009-10,2010-03-31,Knockout,Quarterfinals | Leg 1,Arsenal,Barcelona,2,2
2009-10,2010-04-06,Knockout,Quarterfinals | Leg 2,CSKA Moskva,Internazionale,0,1
2009-10,2010-04-06,Knockout,Quarterfinals | Leg 2,Barcelona,Arsenal,4,1
2009-10,2010-04-07,Knockout,Quarterfinals | Leg 2,Manchester United,Bayern Munich,3,2
2009-10,2010-04-07,Knockout,Quarterfinals | Leg 2,Girondins Bordeaux,Olympique Lyon,1,0
2009-10,2010-04-20,Knockout,Semifinals | Leg 1,Internazionale,Barcelona,3,1
2009-10,2010-04-21,Knockout,Semifinals | Leg 1,Bayern Munich,Olympique Lyon,1,0
2009-10,2010-04-27,Knockout,Semifinals | Leg 2,Olympique Lyon,Bayern Munich,0,3
2009-10,2010-04-28,Knockout,Semifinals | Leg 2,Barcelona,Internazionale,1,0
2009-10,2010-05-22,Knockout,Final,Internazionale,Bayern Munich,2,0
2010-11,2010-06-29,Qualifying,Qual. Round 1 | Leg 1,FC Santa Coloma,Birkirkara,0,3
2010-11,2010-06-30,Qualifying,Qual. Round 1 | Leg 1,Tre Fiori,FK Rudar Pljevlja,0,3
2010-11,2010-07-06,Qualifying,Qual. Round 1 | Leg 2,Birkirkara,FC Santa Coloma,4,3
2010-11,2010-07-07,Qualifying,Qual. Round 1 | Leg 2,FK Rudar Pljevlja,Tre Fiori,4,1
2010-11,2010-07-13,Qualifying,Qual. Round 2 | Leg 1,FC RB Salzburg,HB,5,0
2010-11,2010-07-13,Qualifying,Qual. Round 2 | Leg 1,Omonia Nicosia,Renova,3,0
2010-11,2010-07-13,Qualifying,Qual. Round 2 | Leg 1,Inter Baku PIK,Lech Poznan,0,1
2010-11,2010-07-13,Qualifying,Qual. Round 2 | Leg 1,Hapoel Tel Aviv,Zeljeznicar Sarajevo,5,0
2010-11,2010-07-13,Qualifying,Qual. Round 2 | Leg 1,AIK Solna,Jeunesse Esch,1,0
2010-11,2010-07-13,Qualifying,Qual. Round 2 | Leg 1,Liepajas Metalurgs,Sparta Praha,0,3
2010-11,2010-07-13,Qualifying,Qual. Round 2 | Leg 1,Birkirkara,MSK Zilina,1,0
2010-11,2010-07-13,Qualifying,Qual. Round 2 | Leg 1,Levadia,Debreceni VSC,1,1
2010-11,2010-07-13,Qualifying,Qual. Round 2 | Leg 1,Dinamo Zagreb,Koper,5,1
2010-11,2010-07-13,Qualifying,Qual. Round 2 | Leg 1,Bohemians,The New Saints,1,0
2010-11,2010-07-13,Qualifying,Qual. Round 2 | Leg 1,PFC Litex Lovech,FK Rudar Pljevlja,1,0
2010-11,2010-07-14,Qualifying,Qual. Round 2 | Leg 1,Linfield,Rosenborg BK,0,0
2010-11,2010-07-14,Qualifying,Qual. Round 2 | Leg 1,FK Ekranas,HJK Helsinki,1,0
2010-11,2010-07-14,Qualifying,Qual. Round 2 | Leg 1,Partizan Belgrade,Pyunik,3,1
2010-11,2010-07-14,Qualifying,Qual. Round 2 | Leg 1,BATE Borisov,FH,5,1
2010-11,2010-07-14,Qualifying,Qual. Round 2 | Leg 1,Aktobe,Metalurgi Rustavi,2,0
2010-11,2010-07-14,Qualifying,Qual. Round 2 | Leg 1,Sheriff Tiraspol,Dinamo Tirana,3,1
2010-11,2010-07-20,Qualifying,Qual. Round 2 | Leg 2,The New Saints,Bohemians,4,0
2010-11,2010-07-20,Qualifying,Qual. Round 2 | Leg 2,Dinamo Tirana,Sheriff Tiraspol,1,0
2010-11,2010-07-20,Qualifying,Qual. Round 2 | Leg 2,Koper,Dinamo Zagreb,3,0
2010-11,2010-07-20,Qualifying,Qual. Round 2 | Leg 2,FK Rudar Pljevlja,PFC Litex Lovech,0,4
2010-11,2010-07-20,Qualifying,Qual. Round 2 | Leg 2,Renova,Omonia Nicosia,0,2
2010-11,2010-07-20,Qualifying,Qual. Round 2 | Leg 2,HB,FC RB Salzburg,1,0
2010-11,2010-07-21,Qualifying,Qual. Round 2 | Leg 2,Debreceni VSC,Levadia,3,2
2010-11,2010-07-21,Qualifying,Qual. Round 2 | Leg 2,Sparta Praha,Liepajas Metalurgs,2,0
2010-11,2010-07-21,Qualifying,Qual. Round 2 | Leg 2,Zeljeznicar Sarajevo,Hapoel Tel Aviv,0,1
2010-11,2010-07-21,Qualifying,Qual. Round 2 | Leg 2,HJK Helsinki,FK Ekranas,1,0
2010-11,2010-07-21,Qualifying,Qual. Round 2 | Leg 2,Rosenborg BK,Linfield,2,0
2010-11,2010-07-21,Qualifying,Qual. Round 2 | Leg 2,Pyunik,Partizan Belgrade,0,1
2010-11,2010-07-21,Qualifying,Qual. Round 2 | Leg 2,Jeunesse Esch,AIK Solna,0,0
2010-11,2010-07-21,Qualifying,Qual. Round 2 | Leg 2,Lech Poznan,Inter Baku PIK,0,1
2010-11,2010-07-21,Qualifying,Qual. Round 2 | Leg 2,MSK Zilina,Birkirkara,3,0
2010-11,2010-07-21,Qualifying,Qual. Round 2 | Leg 2,Metalurgi Rustavi,Aktobe,1,1
2010-11,2010-07-21,Qualifying,Qual. Round 2 | Leg 2,FH,BATE Borisov,0,1
2010-11,2010-07-27,Qualifying,Qual. Round 3 | Leg 1,The New Saints,RSC Anderlecht,1,3
2010-11,2010-07-27,Qualifying,Qual. Round 3 | Leg 1,Sparta Praha,Lech Poznan,1,0
2010-11,2010-07-27,Qualifying,Qual. Round 3 | Leg 1,Omonia Nicosia,FC RB Salzburg,1,1
2010-11,2010-07-27,Qualifying,Qual. Round 3 | Leg 1,PFC Litex Lovech,MSK Zilina,1,1
2010-11,2010-07-27,Qualifying,Qual. Round 3 | Leg 1,Unirea Urziceni,Zenit St. Petersburg,0,0
2010-11,2010-07-27,Qualifying,Qual. Round 3 | Leg 1,Dinamo Kiev,KAA Gent,3,0
2010-11,2010-07-28,Qualifying,Qual. Round 3 | Leg 1,Sporting Braga,Celtic,3,0
2010-11,2010-07-28,Qualifying,Qual. Round 3 | Leg 1,Partizan Belgrade,HJK Helsinki,3,0
2010-11,2010-07-28,Qualifying,Qual. Round 3 | Leg 1,Young Boys,Fenerbahçe İstanbul SK,2,2
2010-11,2010-07-28,Qualifying,Qual. Round 3 | Leg 1,BATE Borisov,Kobenhavn,0,0
2010-11,2010-07-28,Qualifying,Qual. Round 3 | Leg 1,Debreceni VSC,Basel,0,2
2010-11,2010-07-28,Qualifying,Qual. Round 3 | Leg 1,AFC Ajax,PAOK FC,1,1
2010-11,2010-07-28,Qualifying,Qual. Round 3 | Leg 1,Sheriff Tiraspol,Dinamo Zagreb,1,1
2010-11,2010-07-28,Qualifying,Qual. Round 3 | Leg 1,Aktobe,Hapoel Tel Aviv,1,0
2010-11,2010-07-28,Qualifying,Qual. Round 3 | Leg 1,AIK Solna,Rosenborg BK,0,1
2010-11,2010-08-03,Qualifying,Qual. Round 3 | Leg 2,Hapoel Tel Aviv,Aktobe,3,1
2010-11,2010-08-03,Qualifying,Qual. Round 3 | Leg 2,RSC Anderlecht,The New Saints,3,0
2010-11,2010-08-04,Qualifying,Qual. Round 3 | Leg 2,Lech Poznan,Sparta Praha,0,1
2010-11,2010-08-04,Qualifying,Qual. Round 3 | Leg 2,HJK Helsinki,Partizan Belgrade,1,2
2010-11,2010-08-04,Qualifying,Qual. Round 3 | Leg 2,Zenit St. Petersburg,Unirea Urziceni,1,0
2010-11,2010-08-04,Qualifying,Qual. Round 3 | Leg 2,FC RB Salzburg,Omonia Nicosia,4,1
2010-11,2010-08-04,Qualifying,Qual. Round 3 | Leg 2,KAA Gent,Dinamo Kiev,1,3
2010-11,2010-08-04,Qualifying,Qual. Round 3 | Leg 2,MSK Zilina,PFC Litex Lovech,3,1
2010-11,2010-08-04,Qualifying,Qual. Round 3 | Leg 2,Kobenhavn,BATE Borisov,3,2
2010-11,2010-08-04,Qualifying,Qual. Round 3 | Leg 2,Basel,Debreceni VSC,3,1
2010-11,2010-08-04,Qualifying,Qual. Round 3 | Leg 2,Rosenborg BK,AIK Solna,3,0
2010-11,2010-08-04,Qualifying,Qual. Round 3 | Leg 2,PAOK FC,AFC Ajax,3,3
2010-11,2010-08-04,Qualifying,Qual. Round 3 | Leg 2,Celtic,Sporting Braga,2,1
2010-11,2010-08-04,Qualifying,Qual. Round 3 | Leg 2,Dinamo Zagreb,Sheriff Tiraspol,1,1
2010-11,2010-08-04,Qualifying,Qual. Round 3 | Leg 2,Fenerbahçe İstanbul SK,Young Boys,0,1
2010-11,2010-08-17,Qualifying,Playoff Round | Leg 1,Rosenborg BK,Kobenhavn,2,1
2010-11,2010-08-17,Qualifying,Playoff Round | Leg 1,Dinamo Kiev,AFC Ajax,1,1
2010-11,2010-08-17,Qualifying,Playoff Round | Leg 1,Zenit St. Petersburg,AJ Auxerre,1,0
2010-11,2010-08-17,Qualifying,Playoff Round | Leg 1,Young Boys,Tottenham Hotspur FC,3,2
2010-11,2010-08-17,Qualifying,Playoff Round | Leg 1,Sparta Praha,MSK Zilina,0,2
2010-11,2010-08-18,Qualifying,Playoff Round | Leg 1,Werder Bremen,UC Sampdoria,3,1
2010-11,2010-08-18,Qualifying,Playoff Round | Leg 1,Sporting Braga,Sevilla FC,1,0
2010-11,2010-08-18,Qualifying,Playoff Round | Leg 1,Basel,Sheriff Tiraspol,1,0
2010-11,2010-08-18,Qualifying,Playoff Round | Leg 1,FC RB Salzburg,Hapoel Tel Aviv,2,3
2010-11,2010-08-18,Qualifying,Playoff Round | Leg 1,Partizan Belgrade,RSC Anderlecht,2,2
2010-11,2010-08-24,Qualifying,Playoff Round | Leg 2,Hapoel Tel Aviv,FC RB Salzburg,1,1
2010-11,2010-08-24,Qualifying,Playoff Round | Leg 2,Sevilla FC,Sporting Braga,3,4
2010-11,2010-08-24,Qualifying,Playoff Round | Leg 2,UC Sampdoria,Werder Bremen,3,1
2010-11,2010-08-24,Qualifying,Playoff Round | Leg 2,RSC Anderlecht,Partizan Belgrade,2,2
2010-11,2010-08-24,Qualifying,Playoff Round | Leg 2,Sheriff Tiraspol,Basel,0,3
2010-11,2010-08-25,Qualifying,Playoff Round | Leg 2,Kobenhavn,Rosenborg BK,1,0
2010-11,2010-08-25,Qualifying,Playoff Round | Leg 2,AFC Ajax,Dinamo Kiev,2,1
2010-11,2010-08-25,Qualifying,Playoff Round | Leg 2,AJ Auxerre,Zenit St. Petersburg,2,0
2010-11,2010-08-25,Qualifying,Playoff Round | Leg 2,MSK Zilina,Sparta Praha,1,0
2010-11,2010-08-25,Qualifying,Playoff Round | Leg 2,Tottenham Hotspur FC,Young Boys,4,0
2010-11,2010-09-14,Group,Matchday ?,Barcelona,Panathinaikos FC,5,1
2010-11,2010-09-14,Group,Matchday ?,Kobenhavn,Rubin Kazan,1,0
2010-11,2010-09-14,Group,Matchday ?,Manchester United,Rangers FC,0,0
2010-11,2010-09-14,Group,Matchday ?,Bursaspor,Valencia CF,0,4
2010-11,2010-09-14,Group,Matchday ?,Benfica,Hapoel Tel Aviv,2,0
2010-11,2010-09-14,Group,Matchday ?,FC Twente,Internazionale,2,2
2010-11,2010-09-14,Group,Matchday ?,Werder Bremen,Tottenham Hotspur FC,2,2
2010-11,2010-09-14,Group,Matchday ?,Olympique Lyon,FC Schalke 04,1,0
2010-11,2010-09-15,Group,Matchday ?,Milan,AJ Auxerre,2,0
2010-11,2010-09-15,Group,Matchday ?,Real Madrid,AFC Ajax,2,0
2010-11,2010-09-15,Group,Matchday ?,Arsenal,Sporting Braga,6,0
2010-11,2010-09-15,Group,Matchday ?,Shakhtar Donetsk,Partizan Belgrade,1,0
2010-11,2010-09-15,Group,Matchday ?,MSK Zilina,Chelsea,1,4
2010-11,2010-09-15,Group,Matchday ?,CFR Cluj,Basel,2,1
2010-11,2010-09-15,Group,Matchday ?,Olympique Marseille,Spartak Moskva,0,1
2010-11,2010-09-15,Group,Matchday ?,Bayern Munich,AS Roma,2,0
2010-11,2010-09-28,Group,Matchday ?,Basel,Bayern Munich,1,2
2010-11,2010-09-28,Group,Matchday ?,AS Roma,CFR Cluj,2,1
2010-11,2010-09-28,Group,Matchday ?,Chelsea,Olympique Marseille,2,0
2010-11,2010-09-28,Group,Matchday ?,Spartak Moskva,MSK Zilina,3,0
2010-11,2010-09-28,Group,Matchday ?,AJ Auxerre,Real Madrid,0,1
2010-11,2010-09-28,Group,Matchday ?,AFC Ajax,Milan,1,1
2010-11,2010-09-28,Group,Matchday ?,Partizan Belgrade,Arsenal,1,3
2010-11,2010-09-28,Group,Matchday ?,Sporting Braga,Shakhtar Donetsk,0,3
2010-11,2010-09-29,Group,Matchday ?,Panathinaikos FC,Kobenhavn,0,2
2010-11,2010-09-29,Group,Matchday ?,FC Schalke 04,Benfica,2,0
2010-11,2010-09-29,Group,Matchday ?,Rubin Kazan,Barcelona,1,1
2010-11,2010-09-29,Group,Matchday ?,Valencia CF,Manchester United,0,1
2010-11,2010-09-29,Group,Matchday ?,Rangers FC,Bursaspor,1,0
2010-11,2010-09-29,Group,Matchday ?,Hapoel Tel Aviv,Olympique Lyon,1,3
2010-11,2010-09-29,Group,Matchday ?,Tottenham Hotspur FC,FC Twente,4,1
2010-11,2010-09-29,Group,Matchday ?,Internazionale,Werder Bremen,4,0
2010-11,2010-10-19,Group,Matchday ?,AFC Ajax,AJ Auxerre,2,1
2010-11,2010-10-19,Group,Matchday ?,Sporting Braga,Partizan Belgrade,2,0
2010-11,2010-10-19,Group,Matchday ?,Real Madrid,Milan,2,0
2010-11,2010-10-19,Group,Matchday ?,Spartak Moskva,Chelsea,0,2
2010-11,2010-10-19,Group,Matchday ?,Olympique Marseille,MSK Zilina,1,0
2010-11,2010-10-19,Group,Matchday ?,AS Roma,Basel,1,3
2010-11,2010-10-19,Group,Matchday ?,Bayern Munich,CFR Cluj,3,2
2010-11,2010-10-19,Group,Matchday ?,Arsenal,Shakhtar Donetsk,5,1
2010-11,2010-10-20,Group,Matchday ?,Rangers FC,Valencia CF,1,1
2010-11,2010-10-20,Group,Matchday ?,Barcelona,Kobenhavn,2,0
2010-11,2010-10-20,Group,Matchday ?,Manchester United,Bursaspor,1,0
2010-11,2010-10-20,Group,Matchday ?,Panathinaikos FC,Rubin Kazan,0,0
2010-11,2010-10-20,Group,Matchday ?,FC Schalke 04,Hapoel Tel Aviv,3,1
2010-11,2010-10-20,Group,Matchday ?,FC Twente,Werder Bremen,1,1
2010-11,2010-10-20,Group,Matchday ?,Internazionale,Tottenham Hotspur FC,4,3
2010-11,2010-10-20,Group,Matchday ?,Olympique Lyon,Benfica,2,0
2010-11,2010-11-02,Group,Matchday ?,Werder Bremen,FC Twente,0,2
2010-11,2010-11-02,Group,Matchday ?,Tottenham Hotspur FC,Internazionale,3,1
2010-11,2010-11-02,Group,Matchday ?,Hapoel Tel Aviv,FC Schalke 04,0,0
2010-11,2010-11-02,Group,Matchday ?,Benfica,Olympique Lyon,4,3
2010-11,2010-11-02,Group,Matchday ?,Bursaspor,Manchester United,0,3
2010-11,2010-11-02,Group,Matchday ?,Valencia CF,Rangers FC,3,0
2010-11,2010-11-02,Group,Matchday ?,Rubin Kazan,Panathinaikos FC,0,0
2010-11,2010-11-02,Group,Matchday ?,Kobenhavn,Barcelona,1,1
2010-11,2010-11-03,Group,Matchday ?,Shakhtar Donetsk,Arsenal,2,1
2010-11,2010-11-03,Group,Matchday ?,Partizan Belgrade,Sporting Braga,0,1
2010-11,2010-11-03,Group,Matchday ?,AJ Auxerre,AFC Ajax,2,1
2010-11,2010-11-03,Group,Matchday ?,Milan,Real Madrid,2,2
2010-11,2010-11-03,Group,Matchday ?,MSK Zilina,Olympique Marseille,0,7
2010-11,2010-11-03,Group,Matchday ?,CFR Cluj,Bayern Munich,0,4
2010-11,2010-11-03,Group,Matchday ?,Basel,AS Roma,2,3
2010-11,2010-11-03,Group,Matchday ?,Chelsea,Spartak Moskva,4,1
2010-11,2010-11-23,Group,Matchday ?,Partizan Belgrade,Shakhtar Donetsk,0,3
2010-11,2010-11-23,Group,Matchday ?,AJ Auxerre,Milan,0,2
2010-11,2010-11-23,Group,Matchday ?,AFC Ajax,Real Madrid,0,4
2010-11,2010-11-23,Group,Matchday ?,Sporting Braga,Arsenal,2,0
2010-11,2010-11-23,Group,Matchday ?,Chelsea,MSK Zilina,2,1
2010-11,2010-11-23,Group,Matchday ?,AS Roma,Bayern Munich,3,2
2010-11,2010-11-23,Group,Matchday ?,Basel,CFR Cluj,1,0
2010-11,2010-11-23,Group,Matchday ?,Spartak Moskva,Olympique Marseille,0,3
2010-11,2010-11-24,Group,Matchday ?,Valencia CF,Bursaspor,6,1
2010-11,2010-11-24,Group,Matchday ?,Hapoel Tel Aviv,Benfica,3,0
2010-11,2010-11-24,Group,Matchday ?,Tottenham Hotspur FC,Werder Bremen,3,0
2010-11,2010-11-24,Group,Matchday ?,FC Schalke 04,Olympique Lyon,3,0
2010-11,2010-11-24,Group,Matchday ?,Internazionale,FC Twente,1,0
2010-11,2010-11-24,Group,Matchday ?,Rangers FC,Manchester United,0,1
2010-11,2010-11-24,Group,Matchday ?,Panathinaikos FC,Barcelona,0,3
2010-11,2010-11-24,Group,Matchday ?,Rubin Kazan,Kobenhavn,1,0
2010-11,2010-12-07,Group,Matchday ?,Kobenhavn,Panathinaikos FC,3,1
2010-11,2010-12-07,Group,Matchday ?,Manchester United,Valencia CF,1,1
2010-11,2010-12-07,Group,Matchday ?,Barcelona,Rubin Kazan,2,0
2010-11,2010-12-07,Group,Matchday ?,Bursaspor,Rangers FC,1,1
2010-11,2010-12-07,Group,Matchday ?,FC Twente,Tottenham Hotspur FC,3,3
2010-11,2010-12-07,Group,Matchday ?,Olympique Lyon,Hapoel Tel Aviv,2,2
2010-11,2010-12-07,Group,Matchday ?,Werder Bremen,Internazionale,3,0
2010-11,2010-12-07,Group,Matchday ?,Benfica,FC Schalke 04,1,2
2010-11,2010-12-08,Group,Matchday ?,Real Madrid,AJ Auxerre,4,0
2010-11,2010-12-08,Group,Matchday ?,CFR Cluj,AS Roma,1,1
2010-11,2010-12-08,Group,Matchday ?,MSK Zilina,Spartak Moskva,1,2
2010-11,2010-12-08,Group,Matchday ?,Bayern Munich,Basel,3,0
2010-11,2010-12-08,Group,Matchday ?,Shakhtar Donetsk,Sporting Braga,2,0
2010-11,2010-12-08,Group,Matchday ?,Arsenal,Partizan Belgrade,3,1
2010-11,2010-12-08,Group,Matchday ?,Olympique Marseille,Chelsea,1,0
2010-11,2010-12-08,Group,Matchday ?,Milan,AFC Ajax,0,2
2010-11,2011-02-15,Knockout,Round of 16 | Leg 1,Valencia CF,FC Schalke 04,1,1
2010-11,2011-02-15,Knockout,Round of 16 | Leg 1,Milan,Tottenham Hotspur FC,0,1
2010-11,2011-02-16,Knockout,Round of 16 | Leg 1,AS Roma,Shakhtar Donetsk,2,3
2010-11,2011-02-16,Knockout,Round of 16 | Leg 1,Arsenal,Barcelona,2,1
2010-11,2011-02-22,Knockout,Round of 16 | Leg 1,Kobenhavn,Chelsea,0,2
2010-11,2011-02-22,Knockout,Round of 16 | Leg 1,Olympique Lyon,Real Madrid,1,1
2010-11,2011-02-23,Knockout,Round of 16 | Leg 1,Olympique Marseille,Manchester United,0,0
2010-11,2011-02-23,Knockout,Round of 16 | Leg 1,Internazionale,Bayern Munich,0,1
2010-11,2011-03-08,Knockout,Round of 16 | Leg 2,Barcelona,Arsenal,3,1
2010-11,2011-03-08,Knockout,Round of 16 | Leg 2,Shakhtar Donetsk,AS Roma,3,0
2010-11,2011-03-09,Knockout,Round of 16 | Leg 2,Tottenham Hotspur FC,Milan,0,0
2010-11,2011-03-09,Knockout,Round of 16 | Leg 2,FC Schalke 04,Valencia CF,3,1
2010-11,2011-03-15,Knockout,Round of 16 | Leg 2,Manchester United,Olympique Marseille,2,1
2010-11,2011-03-15,Knockout,Round of 16 | Leg 2,Bayern Munich,Internazionale,2,3
2010-11,2011-03-16,Knockout,Round of 16 | Leg 2,Real Madrid,Olympique Lyon,3,0
2010-11,2011-03-16,Knockout,Round of 16 | Leg 2,Chelsea,Kobenhavn,0,0
2010-11,2011-04-05,Knockout,Quarterfinals | Leg 1,Real Madrid,Tottenham Hotspur FC,4,0
2010-11,2011-04-05,Knockout,Quarterfinals | Leg 1,Internazionale,FC Schalke 04,2,5
2010-11,2011-04-06,Knockout,Quarterfinals | Leg 1,Chelsea,Manchester United,0,1
2010-11,2011-04-06,Knockout,Quarterfinals | Leg 1,Barcelona,Shakhtar Donetsk,5,1
2010-11,2011-04-12,Knockout,Quarterfinals | Leg 2,Manchester United,Chelsea,2,1
2010-11,2011-04-12,Knockout,Quarterfinals | Leg 2,Shakhtar Donetsk,Barcelona,0,1
2010-11,2011-04-13,Knockout,Quarterfinals | Leg 2,FC Schalke 04,Internazionale,2,1
2010-11,2011-04-13,Knockout,Quarterfinals | Leg 2,Tottenham Hotspur FC,Real Madrid,0,1
2010-11,2011-04-26,Knockout,Semifinals | Leg 1,FC Schalke 04,Manchester United,0,2
2010-11,2011-04-27,Knockout,Semifinals | Leg 1,Real Madrid,Barcelona,0,2
2010-11,2011-05-03,Knockout,Semifinals | Leg 2,Barcelona,Real Madrid,1,1
2010-11,2011-05-04,Knockout,Semifinals | Leg 2,Manchester United,FC Schalke 04,4,1
2010-11,2011-05-28,Knockout,Final,Barcelona,Manchester United,3,1
2011-12,2011-06-28,Qualifying,Qual. Round 1 | Leg 1,FC Santa Coloma,F91 Dudelange,0,2
2011-12,2011-06-28,Qualifying,Qual. Round 1 | Leg 1,Tre Fiori,Valletta,0,3
2011-12,2011-07-05,Qualifying,Qual. Round 1 | Leg 2,F91 Dudelange,FC Santa Coloma,2,0
2011-12,2011-07-06,Qualifying,Qual. Round 1 | Leg 2,Valletta,Tre Fiori,2,1
2011-12,2011-07-12,Qualifying,Qual. Round 2 | Leg 1,Valletta,FK Ekranas,2,3
2011-12,2011-07-12,Qualifying,Qual. Round 2 | Leg 1,NK Maribor,F91 Dudelange,2,0
2011-12,2011-07-12,Qualifying,Qual. Round 2 | Leg 1,FK Mogren,PFC Litex Lovech,1,2
2011-12,2011-07-12,Qualifying,Qual. Round 2 | Leg 1,Pyunik,Viktoria Plzen,0,4
2011-12,2011-07-12,Qualifying,Qual. Round 2 | Leg 1,Slovan Bratislava,Tobol,2,0
2011-12,2011-07-12,Qualifying,Qual. Round 2 | Leg 1,Shamrock Rovers,Flora Tallinn,1,0
2011-12,2011-07-13,Qualifying,Qual. Round 2 | Leg 1,Zestafoni,Dacia Chisinau,3,0
2011-12,2011-07-13,Qualifying,Qual. Round 2 | Leg 1,Skenderbeu Korce,APOEL Nikosia,0,2
2011-12,2011-07-13,Qualifying,Qual. Round 2 | Leg 1,Linfield,BATE Borisov,1,1
2011-12,2011-07-13,Qualifying,Qual. Round 2 | Leg 1,Rosenborg BK,Breidablik,5,0
2011-12,2011-07-13,Qualifying,Qual. Round 2 | Leg 1,Partizan Belgrade,Shkendija,4,0
2011-12,2011-07-13,Qualifying,Qual. Round 2 | Leg 1,Bangor City,HJK Helsinki,0,3
2011-12,2011-07-13,Qualifying,Qual. Round 2 | Leg 1,Malmo FF,HB,2,0
2011-12,2011-07-13,Qualifying,Qual. Round 2 | Leg 1,Dinamo Zagreb,Neftchi PFC Baku,3,0
2011-12,2011-07-13,Qualifying,Qual. Round 2 | Leg 1,Maccabi Haifa,Borac Banja Luka,5,1
2011-12,2011-07-13,Qualifying,Qual. Round 2 | Leg 1,Skonto,Wisla Krakow,0,1
2011-12,2011-07-13,Qualifying,Qual. Round 2 | Leg 1,Sturm Graz,Videoton,2,0
2011-12,2011-07-19,Qualifying,Qual. Round 2 | Leg 2,FK Ekranas,Valletta,1,0
2011-12,2011-07-19,Qualifying,Qual. Round 2 | Leg 2,PFC Litex Lovech,FK Mogren,3,0
2011-12,2011-07-19,Qualifying,Qual. Round 2 | Leg 2,Wisla Krakow,Skonto,2,0
2011-12,2011-07-19,Qualifying,Qual. Round 2 | Leg 2,Viktoria Plzen,Pyunik,5,1
2011-12,2011-07-19,Qualifying,Qual. Round 2 | Leg 2,Tobol,Slovan Bratislava,1,1
2011-12,2011-07-19,Qualifying,Qual. Round 2 | Leg 2,HB,Malmo FF,1,1
2011-12,2011-07-19,Qualifying,Qual. Round 2 | Leg 2,HJK Helsinki,Bangor City,10,0
2011-12,2011-07-19,Qualifying,Qual. Round 2 | Leg 2,Shkendija,Partizan Belgrade,0,1
2011-12,2011-07-19,Qualifying,Qual. Round 2 | Leg 2,Flora Tallinn,Shamrock Rovers,0,0
2011-12,2011-07-19,Qualifying,Qual. Round 2 | Leg 2,BATE Borisov,Linfield,2,0
2011-12,2011-07-19,Qualifying,Qual. Round 2 | Leg 2,Neftchi PFC Baku,Dinamo Zagreb,0,0
2011-12,2011-07-19,Qualifying,Qual. Round 2 | Leg 2,F91 Dudelange,NK Maribor,1,3
2011-12,2011-07-20,Qualifying,Qual. Round 2 | Leg 2,Dacia Chisinau,Zestafoni,2,0
2011-12,2011-07-20,Qualifying,Qual. Round 2 | Leg 2,Breidablik,Rosenborg BK,2,0
2011-12,2011-07-20,Qualifying,Qual. Round 2 | Leg 2,Videoton,Sturm Graz,3,2
2011-12,2011-07-20,Qualifying,Qual. Round 2 | Leg 2,APOEL Nikosia,Skenderbeu Korce,4,0
2011-12,2011-07-20,Qualifying,Qual. Round 2 | Leg 2,Borac Banja Luka,Maccabi Haifa,3,2
2011-12,2011-07-26,Qualifying,Qual. Round 3 | Leg 1,PFC Litex Lovech,Wisla Krakow,1,2
2011-12,2011-07-26,Qualifying,Qual. Round 3 | Leg 1,Dinamo Kiev,Rubin Kazan,0,2
2011-12,2011-07-26,Qualifying,Qual. Round 3 | Leg 1,FK Ekranas,BATE Borisov,0,0
2011-12,2011-07-26,Qualifying,Qual. Round 3 | Leg 1,APOEL Nikosia,Slovan Bratislava,0,0
2011-12,2011-07-26,Qualifying,Qual. Round 3 | Leg 1,Rangers FC,Malmo FF,0,1
2011-12,2011-07-26,Qualifying,Qual. Round 3 | Leg 1,Zestafoni,Sturm Graz,1,1
2011-12,2011-07-26,Qualifying,Qual. Round 3 | Leg 1,KRC Genk,Partizan Belgrade,2,1
2011-12,2011-07-26,Qualifying,Qual. Round 3 | Leg 1,FC Twente,Vaslui,2,0
2011-12,2011-07-27,Qualifying,Qual. Round 3 | Leg 1,Standard Liege,FC Zurich,1,1
2011-12,2011-07-27,Qualifying,Qual. Round 3 | Leg 1,HJK Helsinki,Dinamo Zagreb,1,2
2011-12,2011-07-27,Qualifying,Qual. Round 3 | Leg 1,Benfica,Trabzonspor AŞ,2,0
2011-12,2011-07-27,Qualifying,Qual. Round 3 | Leg 1,Kobenhavn,Shamrock Rovers,1,0
2011-12,2011-07-27,Qualifying,Qual. Round 3 | Leg 1,Rosenborg BK,Viktoria Plzen,0,1
2011-12,2011-07-27,Qualifying,Qual. Round 3 | Leg 1,Odense BK,Panathinaikos FC,1,1
2011-12,2011-07-27,Qualifying,Qual. Round 3 | Leg 1,Maccabi Haifa,NK Maribor,2,1
2011-12,2011-08-02,Qualifying,Qual. Round 3 | Leg 2,BATE Borisov,FK Ekranas,3,1
2011-12,2011-08-02,Qualifying,Qual. Round 3 | Leg 2,Shamrock Rovers,Kobenhavn,0,2
2011-12,2011-08-02,Qualifying,Qual. Round 3 | Leg 2,Panathinaikos FC,Odense BK,3,4
2011-12,2011-08-03,Qualifying,Qual. Round 3 | Leg 2,Partizan Belgrade,KRC Genk,1,1
2011-12,2011-08-03,Qualifying,Qual. Round 3 | Leg 2,Vaslui,FC Twente,0,0
2011-12,2011-08-03,Qualifying,Qual. Round 3 | Leg 2,Sturm Graz,Zestafoni,1,0
2011-12,2011-08-03,Qualifying,Qual. Round 3 | Leg 2,Trabzonspor AŞ,Benfica,1,1
2011-12,2011-08-03,Qualifying,Qual. Round 3 | Leg 2,Wisla Krakow,PFC Litex Lovech,3,1
2011-12,2011-08-03,Qualifying,Qual. Round 3 | Leg 2,Viktoria Plzen,Rosenborg BK,3,2
2011-12,2011-08-03,Qualifying,Qual. Round 3 | Leg 2,NK Maribor,Maccabi Haifa,1,1
2011-12,2011-08-03,Qualifying,Qual. Round 3 | Leg 2,Malmo FF,Rangers FC,1,1
2011-12,2011-08-03,Qualifying,Qual. Round 3 | Leg 2,FC Zurich,Standard Liege,1,0
2011-12,2011-08-03,Qualifying,Qual. Round 3 | Leg 2,Rubin Kazan,Dinamo Kiev,2,1
2011-12,2011-08-03,Qualifying,Qual. Round 3 | Leg 2,Dinamo Zagreb,HJK Helsinki,1,0
2011-12,2011-08-03,Qualifying,Qual. Round 3 | Leg 2,Slovan Bratislava,APOEL Nikosia,0,2
2011-12,2011-08-16,Qualifying,Playoff Round | Leg 1,BATE Borisov,Sturm Graz,1,1
2011-12,2011-08-16,Qualifying,Playoff Round | Leg 1,Kobenhavn,Viktoria Plzen,1,3
2011-12,2011-08-16,Qualifying,Playoff Round | Leg 1,Arsenal,Udinese Calcio,1,0
2011-12,2011-08-16,Qualifying,Playoff Round | Leg 1,FC Twente,Benfica,2,2
2011-12,2011-08-16,Qualifying,Playoff Round | Leg 1,Olympique Lyon,Rubin Kazan,3,1
2011-12,2011-08-17,Qualifying,Playoff Round | Leg 1,Bayern Munich,FC Zurich,2,0
2011-12,2011-08-17,Qualifying,Playoff Round | Leg 1,Dinamo Zagreb,Malmo FF,4,1
2011-12,2011-08-17,Qualifying,Playoff Round | Leg 1,Wisla Krakow,APOEL Nikosia,1,0
2011-12,2011-08-17,Qualifying,Playoff Round | Leg 1,Maccabi Haifa,KRC Genk,2,1
2011-12,2011-08-17,Qualifying,Playoff Round | Leg 1,Odense BK,Villarreal,1,0
2011-12,2011-08-23,Qualifying,Playoff Round | Leg 2,Villarreal,Odense BK,3,0
2011-12,2011-08-23,Qualifying,Playoff Round | Leg 2,APOEL Nikosia,Wisla Krakow,3,1
2011-12,2011-08-23,Qualifying,Playoff Round | Leg 2,KRC Genk,Maccabi Haifa,2,1
2011-12,2011-08-23,Qualifying,Playoff Round | Leg 2,Malmo FF,Dinamo Zagreb,2,0
2011-12,2011-08-23,Qualifying,Playoff Round | Leg 2,FC Zurich,Bayern Munich,0,1
2011-12,2011-08-24,Qualifying,Playoff Round | Leg 2,Rubin Kazan,Olympique Lyon,1,1
2011-12,2011-08-24,Qualifying,Playoff Round | Leg 2,Viktoria Plzen,Kobenhavn,2,1
2011-12,2011-08-24,Qualifying,Playoff Round | Leg 2,Benfica,FC Twente,3,1
2011-12,2011-08-24,Qualifying,Playoff Round | Leg 2,Udinese Calcio,Arsenal,1,2
2011-12,2011-08-24,Qualifying,Playoff Round | Leg 2,Sturm Graz,BATE Borisov,0,2
2011-12,2011-09-13,Group,Matchday ?,Olympiacos,Olympique Marseille,0,1
2011-12,2011-09-13,Group,Matchday ?,FC Porto,Shakhtar Donetsk,2,1
2011-12,2011-09-13,Group,Matchday ?,Barcelona,Milan,2,2
2011-12,2011-09-13,Group,Matchday ?,Viktoria Plzen,BATE Borisov,1,1
2011-12,2011-09-13,Group,Matchday ?,APOEL Nikosia,Zenit St. Petersburg,2,1
2011-12,2011-09-13,Group,Matchday ?,Borussia Dortmund,Arsenal,1,1
2011-12,2011-09-13,Group,Matchday ?,KRC Genk,Valencia CF,0,0
2011-12,2011-09-13,Group,Matchday ?,Chelsea,Leverkusen,2,0
2011-12,2011-09-14,Group,Matchday ?,AFC Ajax,Olympique Lyon,0,0
2011-12,2011-09-14,Group,Matchday ?,Basel,Otelul Galati,2,1
2011-12,2011-09-14,Group,Matchday ?,Benfica,Manchester United,1,1
2011-12,2011-09-14,Group,Matchday ?,Dinamo Zagreb,Real Madrid,0,1
2011-12,2011-09-14,Group,Matchday ?,Lille OSC,CSKA Moskva,2,2
2011-12,2011-09-14,Group,Matchday ?,Internazionale,Trabzonspor AŞ,0,1
2011-12,2011-09-14,Group,Matchday ?,Manchester City,Napoli,1,1
2011-12,2011-09-14,Group,Matchday ?,Villarreal,Bayern Munich,0,2
2011-12,2011-09-27,Group,Matchday ?,Napoli,Villarreal,2,0
2011-12,2011-09-27,Group,Matchday ?,Bayern Munich,Manchester City,2,0
2011-12,2011-09-27,Group,Matchday ?,Trabzonspor AŞ,Lille OSC,1,1
2011-12,2011-09-27,Group,Matchday ?,CSKA Moskva,Internazionale,2,3
2011-12,2011-09-27,Group,Matchday ?,Manchester United,Basel,3,3
2011-12,2011-09-27,Group,Matchday ?,Otelul Galati,Benfica,0,1
2011-12,2011-09-27,Group,Matchday ?,Olympique Lyon,Dinamo Zagreb,2,0
2011-12,2011-09-27,Group,Matchday ?,Real Madrid,AFC Ajax,3,0
2011-12,2011-09-28,Group,Matchday ?,Shakhtar Donetsk,APOEL Nikosia,1,1
2011-12,2011-09-28,Group,Matchday ?,Zenit St. Petersburg,FC Porto,3,1
2011-12,2011-09-28,Group,Matchday ?,BATE Borisov,Barcelona,0,5
2011-12,2011-09-28,Group,Matchday ?,Milan,Viktoria Plzen,2,0
2011-12,2011-09-28,Group,Matchday ?,Valencia CF,Chelsea,1,1
2011-12,2011-09-28,Group,Matchday ?,Olympique Marseille,Borussia Dortmund,3,0
2011-12,2011-09-28,Group,Matchday ?,Leverkusen,KRC Genk,2,0
2011-12,2011-09-28,Group,Matchday ?,Arsenal,Olympiacos,2,1
2011-12,2011-10-18,Group,Matchday ?,Otelul Galati,Manchester United,0,2
2011-12,2011-10-18,Group,Matchday ?,Dinamo Zagreb,AFC Ajax,0,2
2011-12,2011-10-18,Group,Matchday ?,Real Madrid,Olympique Lyon,4,0
2011-12,2011-10-18,Group,Matchday ?,Basel,Benfica,0,2
2011-12,2011-10-18,Group,Matchday ?,CSKA Moskva,Trabzonspor AŞ,3,0
2011-12,2011-10-18,Group,Matchday ?,Napoli,Bayern Munich,1,1
2011-12,2011-10-18,Group,Matchday ?,Manchester City,Villarreal,2,1
2011-12,2011-10-18,Group,Matchday ?,Lille OSC,Internazionale,0,1
2011-12,2011-10-19,Group,Matchday ?,Milan,BATE Borisov,2,0
2011-12,2011-10-19,Group,Matchday ?,Leverkusen,Valencia CF,2,1
2011-12,2011-10-19,Group,Matchday ?,Olympiacos,Borussia Dortmund,3,1
2011-12,2011-10-19,Group,Matchday ?,Chelsea,KRC Genk,5,0
2011-12,2011-10-19,Group,Matchday ?,Olympique Marseille,Arsenal,0,1
2011-12,2011-10-19,Group,Matchday ?,Shakhtar Donetsk,Zenit St. Petersburg,2,2
2011-12,2011-10-19,Group,Matchday ?,FC Porto,APOEL Nikosia,1,1
2011-12,2011-10-19,Group,Matchday ?,Barcelona,Viktoria Plzen,2,0
2011-12,2011-11-01,Group,Matchday ?,BATE Borisov,Milan,1,1
2011-12,2011-11-01,Group,Matchday ?,Zenit St. Petersburg,Shakhtar Donetsk,1,0
2011-12,2011-11-01,Group,Matchday ?,APOEL Nikosia,FC Porto,2,1
2011-12,2011-11-01,Group,Matchday ?,Viktoria Plzen,Barcelona,0,4
2011-12,2011-11-01,Group,Matchday ?,Arsenal,Olympique Marseille,0,0
2011-12,2011-11-01,Group,Matchday ?,KRC Genk,Chelsea,1,1
2011-12,2011-11-01,Group,Matchday ?,Valencia CF,Leverkusen,3,1
2011-12,2011-11-01,Group,Matchday ?,Borussia Dortmund,Olympiacos,1,0
2011-12,2011-11-02,Group,Matchday ?,Manchester United,Otelul Galati,2,0
2011-12,2011-11-02,Group,Matchday ?,AFC Ajax,Dinamo Zagreb,4,0
2011-12,2011-11-02,Group,Matchday ?,Olympique Lyon,Real Madrid,0,2
2011-12,2011-11-02,Group,Matchday ?,Benfica,Basel,1,1
2011-12,2011-11-02,Group,Matchday ?,Villarreal,Manchester City,0,3
2011-12,2011-11-02,Group,Matchday ?,Bayern Munich,Napoli,3,2
2011-12,2011-11-02,Group,Matchday ?,Trabzonspor AŞ,CSKA Moskva,0,0
2011-12,2011-11-02,Group,Matchday ?,Internazionale,Lille OSC,2,1
2011-12,2011-11-22,Group,Matchday ?,Olympique Lyon,AFC Ajax,0,0
2011-12,2011-11-22,Group,Matchday ?,Napoli,Manchester City,2,1
2011-12,2011-11-22,Group,Matchday ?,Bayern Munich,Villarreal,3,1
2011-12,2011-11-22,Group,Matchday ?,Trabzonspor AŞ,Internazionale,1,1
2011-12,2011-11-22,Group,Matchday ?,CSKA Moskva,Lille OSC,0,2
2011-12,2011-11-22,Group,Matchday ?,Otelul Galati,Basel,2,3
2011-12,2011-11-22,Group,Matchday ?,Manchester United,Benfica,2,2
2011-12,2011-11-22,Group,Matchday ?,Real Madrid,Dinamo Zagreb,6,2
2011-12,2011-11-23,Group,Matchday ?,Zenit St. Petersburg,APOEL Nikosia,0,0
2011-12,2011-11-23,Group,Matchday ?,BATE Borisov,Viktoria Plzen,0,1
2011-12,2011-11-23,Group,Matchday ?,Milan,Barcelona,2,3
2011-12,2011-11-23,Group,Matchday ?,Shakhtar Donetsk,FC Porto,0,2
2011-12,2011-11-23,Group,Matchday ?,Olympique Marseille,Olympiacos,0,1
2011-12,2011-11-23,Group,Matchday ?,Valencia CF,KRC Genk,7,0
2011-12,2011-11-23,Group,Matchday ?,Leverkusen,Chelsea,2,1
2011-12,2011-11-23,Group,Matchday ?,Arsenal,Borussia Dortmund,2,1
2011-12,2011-12-06,Group,Matchday ?,Chelsea,Valencia CF,3,0
2011-12,2011-12-06,Group,Matchday ?,Borussia Dortmund,Olympique Marseille,2,3
2011-12,2011-12-06,Group,Matchday ?,KRC Genk,Leverkusen,1,1
2011-12,2011-12-06,Group,Matchday ?,Olympiacos,Arsenal,3,1
2011-12,2011-12-06,Group,Matchday ?,Barcelona,BATE Borisov,4,0
2011-12,2011-12-06,Group,Matchday ?,FC Porto,Zenit St. Petersburg,0,0
2011-12,2011-12-06,Group,Matchday ?,Viktoria Plzen,Milan,2,2
2011-12,2011-12-06,Group,Matchday ?,APOEL Nikosia,Shakhtar Donetsk,0,2
2011-12,2011-12-07,Group,Matchday ?,AFC Ajax,Real Madrid,0,3
2011-12,2011-12-07,Group,Matchday ?,Benfica,Otelul Galati,1,0
2011-12,2011-12-07,Group,Matchday ?,Dinamo Zagreb,Olympique Lyon,1,7
2011-12,2011-12-07,Group,Matchday ?,Manchester City,Bayern Munich,2,0
2011-12,2011-12-07,Group,Matchday ?,Villarreal,Napoli,0,2
2011-12,2011-12-07,Group,Matchday ?,Lille OSC,Trabzonspor AŞ,0,0
2011-12,2011-12-07,Group,Matchday ?,Basel,Manchester United,2,1
2011-12,2011-12-07,Group,Matchday ?,Internazionale,CSKA Moskva,1,2
2011-12,2012-02-14,Knockout,Round of 16 | Leg 1,Olympique Lyon,APOEL Nikosia,1,0
2011-12,2012-02-14,Knockout,Round of 16 | Leg 1,Leverkusen,Barcelona,1,3
2011-12,2012-02-15,Knockout,Round of 16 | Leg 1,Milan,Arsenal,4,0
2011-12,2012-02-15,Knockout,Round of 16 | Leg 1,Zenit St. Petersburg,Benfica,3,2
2011-12,2012-02-21,Knockout,Round of 16 | Leg 1,Napoli,Chelsea,3,1
2011-12,2012-02-21,Knockout,Round of 16 | Leg 1,CSKA Moskva,Real Madrid,1,1
2011-12,2012-02-22,Knockout,Round of 16 | Leg 1,Olympique Marseille,Internazionale,1,0
2011-12,2012-02-22,Knockout,Round of 16 | Leg 1,Basel,Bayern Munich,1,0
2011-12,2012-03-06,Knockout,Round of 16 | Leg 2,Benfica,Zenit St. Petersburg,2,0
2011-12,2012-03-06,Knockout,Round of 16 | Leg 2,Arsenal,Milan,3,0
2011-12,2012-03-07,Knockout,Round of 16 | Leg 2,Barcelona,Leverkusen,7,1
2011-12,2012-03-07,Knockout,Round of 16 | Leg 2,APOEL Nikosia,Olympique Lyon,1,0
2011-12,2012-03-13,Knockout,Round of 16 | Leg 2,Internazionale,Olympique Marseille,2,1
2011-12,2012-03-13,Knockout,Round of 16 | Leg 2,Bayern Munich,Basel,7,0
2011-12,2012-03-14,Knockout,Round of 16 | Leg 2,Real Madrid,CSKA Moskva,4,1
2011-12,2012-03-14,Knockout,Round of 16 | Leg 2,Chelsea,Napoli,3,1
2011-12,2012-03-27,Knockout,Quarterfinals | Leg 1,APOEL Nikosia,Real Madrid,0,3
2011-12,2012-03-27,Knockout,Quarterfinals | Leg 1,Benfica,Chelsea,0,1
2011-12,2012-03-28,Knockout,Quarterfinals | Leg 1,Milan,Barcelona,0,0
2011-12,2012-03-28,Knockout,Quarterfinals | Leg 1,Olympique Marseille,Bayern Munich,0,2
2011-12,2012-04-03,Knockout,Quarterfinals | Leg 2,Bayern Munich,Olympique Marseille,2,0
2011-12,2012-04-03,Knockout,Quarterfinals | Leg 2,Barcelona,Milan,3,1
2011-12,2012-04-04,Knockout,Quarterfinals | Leg 2,Chelsea,Benfica,2,1
2011-12,2012-04-04,Knockout,Quarterfinals | Leg 2,Real Madrid,APOEL Nikosia,5,2
2011-12,2012-04-17,Knockout,Semifinals | Leg 1,Bayern Munich,Real Madrid,2,1
2011-12,2012-04-18,Knockout,Semifinals | Leg 1,Chelsea,Barcelona,1,0
2011-12,2012-04-24,Knockout,Semifinals | Leg 2,Barcelona,Chelsea,2,2
2011-12,2012-04-25,Knockout,Semifinals | Leg 2,Real Madrid,Bayern Munich,2,1
2011-12,2012-05-19,Knockout,Final,Chelsea,Bayern Munich,1,1
2012-13,2012-07-03,Qualifying,Qual. Round 1 | Leg 1,Linfield,B36 Torshavn,0,0
2012-13,2012-07-03,Qualifying,Qual. Round 1 | Leg 1,F91 Dudelange,Tre Penne,7,0
2012-13,2012-07-03,Qualifying,Qual. Round 1 | Leg 1,Valletta,Lusitanos,8,0
2012-13,2012-07-10,Qualifying,Qual. Round 1 | Leg 2,Lusitanos,Valletta,0,1
2012-13,2012-07-10,Qualifying,Qual. Round 1 | Leg 2,B36 Torshavn,Linfield,0,0
2012-13,2012-07-10,Qualifying,Qual. Round 1 | Leg 2,Tre Penne,F91 Dudelange,0,4
2012-13,2012-07-17,Qualifying,Qual. Round 2 | Leg 1,Flora Tallinn,Basel,0,2
2012-13,2012-07-17,Qualifying,Qual. Round 2 | Leg 1,F91 Dudelange,FC RB Salzburg,1,0
2012-13,2012-07-17,Qualifying,Qual. Round 2 | Leg 1,HJK Helsinki,KR Reykjavik,7,0
2012-13,2012-07-17,Qualifying,Qual. Round 2 | Leg 1,MSK Zilina,Hapoel Ironi Kiryat Shmona,1,0
2012-13,2012-07-17,Qualifying,Qual. Round 2 | Leg 1,Shamrock Rovers,FK Ekranas,0,0
2012-13,2012-07-17,Qualifying,Qual. Round 2 | Leg 1,Skenderbeu Korce,Debreceni VSC,1,0
2012-13,2012-07-17,Qualifying,Qual. Round 2 | Leg 1,Slovan Liberec,Shakhter Karagandy,1,0
2012-13,2012-07-17,Qualifying,Qual. Round 2 | Leg 1,Ulisses,Sheriff Tiraspol,0,1
2012-13,2012-07-17,Qualifying,Qual. Round 2 | Leg 1,The New Saints,Helsingborgs IF,0,0
2012-13,2012-07-17,Qualifying,Qual. Round 2 | Leg 1,Neftchi PFC Baku,Zestafoni,3,0
2012-13,2012-07-17,Qualifying,Qual. Round 2 | Leg 1,Valletta,Partizan Belgrade,1,4
2012-13,2012-07-18,Qualifying,Qual. Round 2 | Leg 1,BATE Borisov,Vardar Skopje,3,2
2012-13,2012-07-18,Qualifying,Qual. Round 2 | Leg 1,Buducnost,Slask Wroclaw,0,2
2012-13,2012-07-18,Qualifying,Qual. Round 2 | Leg 1,AEL Limassol,Linfield,3,0
2012-13,2012-07-18,Qualifying,Qual. Round 2 | Leg 1,Molde FK,Ventspils,3,0
2012-13,2012-07-18,Qualifying,Qual. Round 2 | Leg 1,PFC Ludogorets Razgrad,Dinamo Zagreb,1,1
2012-13,2012-07-18,Qualifying,Qual. Round 2 | Leg 1,NK Maribor,Zeljeznicar Sarajevo,4,1
2012-13,2012-07-24,Qualifying,Qual. Round 2 | Leg 2,Sheriff Tiraspol,Ulisses,1,0
2012-13,2012-07-24,Qualifying,Qual. Round 2 | Leg 2,Zestafoni,Neftchi PFC Baku,2,2
2012-13,2012-07-24,Qualifying,Qual. Round 2 | Leg 2,Shakhter Karagandy,Slovan Liberec,1,1
2012-13,2012-07-24,Qualifying,Qual. Round 2 | Leg 2,Ventspils,Molde FK,1,1
2012-13,2012-07-24,Qualifying,Qual. Round 2 | Leg 2,Hapoel Ironi Kiryat Shmona,MSK Zilina,2,0
2012-13,2012-07-24,Qualifying,Qual. Round 2 | Leg 2,Zeljeznicar Sarajevo,NK Maribor,1,2
2012-13,2012-07-24,Qualifying,Qual. Round 2 | Leg 2,Partizan Belgrade,Valletta,3,1
2012-13,2012-07-24,Qualifying,Qual. Round 2 | Leg 2,FC RB Salzburg,F91 Dudelange,4,3
2012-13,2012-07-24,Qualifying,Qual. Round 2 | Leg 2,FK Ekranas,Shamrock Rovers,2,1
2012-13,2012-07-24,Qualifying,Qual. Round 2 | Leg 2,Debreceni VSC,Skenderbeu Korce,3,0
2012-13,2012-07-24,Qualifying,Qual. Round 2 | Leg 2,Basel,Flora Tallinn,3,0
2012-13,2012-07-24,Qualifying,Qual. Round 2 | Leg 2,KR Reykjavik,HJK Helsinki,1,2
2012-13,2012-07-25,Qualifying,Qual. Round 2 | Leg 2,Slask Wroclaw,Buducnost,0,1
2012-13,2012-07-25,Qualifying,Qual. Round 2 | Leg 2,Helsingborgs IF,The New Saints,3,0
2012-13,2012-07-25,Qualifying,Qual. Round 2 | Leg 2,Dinamo Zagreb,PFC Ludogorets Razgrad,3,2
2012-13,2012-07-25,Qualifying,Qual. Round 2 | Leg 2,Vardar Skopje,BATE Borisov,0,0
2012-13,2012-07-25,Qualifying,Qual. Round 2 | Leg 2,Linfield,AEL Limassol,0,0
2012-13,2012-07-31,Qualifying,Qual. Round 3 | Leg 1,Dinamo Kiev,Feyenoord Rotterdam,2,1
2012-13,2012-07-31,Qualifying,Qual. Round 3 | Leg 1,Motherwell FC,Panathinaikos FC,0,2
2012-13,2012-08-01,Qualifying,Qual. Round 3 | Leg 1,Hapoel Ironi Kiryat Shmona,Neftchi PFC Baku,4,0
2012-13,2012-08-01,Qualifying,Qual. Round 3 | Leg 1,Celtic,HJK Helsinki,2,1
2012-13,2012-08-01,Qualifying,Qual. Round 3 | Leg 1,Fenerbahçe İstanbul SK,Vaslui,1,1
2012-13,2012-08-01,Qualifying,Qual. Round 3 | Leg 1,Slask Wroclaw,Helsingborgs IF,0,3
2012-13,2012-08-01,Qualifying,Qual. Round 3 | Leg 1,RSC Anderlecht,FK Ekranas,5,0
2012-13,2012-08-01,Qualifying,Qual. Round 3 | Leg 1,CFR Cluj,Slovan Liberec,1,0
2012-13,2012-08-01,Qualifying,Qual. Round 3 | Leg 1,NK Maribor,F91 Dudelange,4,1
2012-13,2012-08-01,Qualifying,Qual. Round 3 | Leg 1,Kobenhavn,Club Brugge,0,0
2012-13,2012-08-01,Qualifying,Qual. Round 3 | Leg 1,Molde FK,Basel,0,1
2012-13,2012-08-01,Qualifying,Qual. Round 3 | Leg 1,BATE Borisov,Debreceni VSC,1,1
2012-13,2012-08-01,Qualifying,Qual. Round 3 | Leg 1,AEL Limassol,Partizan Belgrade,1,0
2012-13,2012-08-01,Qualifying,Qual. Round 3 | Leg 1,Sheriff Tiraspol,Dinamo Zagreb,0,1
2012-13,2012-08-07,Qualifying,Qual. Round 3 | Leg 2,Debreceni VSC,BATE Borisov,0,2
2012-13,2012-08-07,Qualifying,Qual. Round 3 | Leg 2,Feyenoord Rotterdam,Dinamo Kiev,0,1
2012-13,2012-08-08,Qualifying,Qual. Round 3 | Leg 2,F91 Dudelange,NK Maribor,0,1
2012-13,2012-08-08,Qualifying,Qual. Round 3 | Leg 2,Basel,Molde FK,1,1
2012-13,2012-08-08,Qualifying,Qual. Round 3 | Leg 2,HJK Helsinki,Celtic,0,2
2012-13,2012-08-08,Qualifying,Qual. Round 3 | Leg 2,Slovan Liberec,CFR Cluj,1,2
2012-13,2012-08-08,Qualifying,Qual. Round 3 | Leg 2,Club Brugge,Kobenhavn,2,3
2012-13,2012-08-08,Qualifying,Qual. Round 3 | Leg 2,Dinamo Zagreb,Sheriff Tiraspol,4,0
2012-13,2012-08-08,Qualifying,Qual. Round 3 | Leg 2,Vaslui,Fenerbahçe İstanbul SK,1,4
2012-13,2012-08-08,Qualifying,Qual. Round 3 | Leg 2,Partizan Belgrade,AEL Limassol,0,1
2012-13,2012-08-08,Qualifying,Qual. Round 3 | Leg 2,Helsingborgs IF,Slask Wroclaw,3,1
2012-13,2012-08-08,Qualifying,Qual. Round 3 | Leg 2,Panathinaikos FC,Motherwell FC,3,0
2012-13,2012-08-08,Qualifying,Qual. Round 3 | Leg 2,Neftchi PFC Baku,Hapoel Ironi Kiryat Shmona,2,2
2012-13,2012-08-08,Qualifying,Qual. Round 3 | Leg 2,FK Ekranas,RSC Anderlecht,0,6
2012-13,2012-08-21,Qualifying,Playoff Round | Leg 1,Borussia Monchengladbach,Dinamo Kiev,1,3
2012-13,2012-08-21,Qualifying,Playoff Round | Leg 1,Spartak Moskva,Fenerbahçe İstanbul SK,2,1
2012-13,2012-08-21,Qualifying,Playoff Round | Leg 1,Helsingborgs IF,Celtic,0,2
2012-13,2012-08-21,Qualifying,Playoff Round | Leg 1,Kobenhavn,Lille OSC,1,0
2012-13,2012-08-21,Qualifying,Playoff Round | Leg 1,Basel,CFR Cluj,1,2
2012-13,2012-08-22,Qualifying,Playoff Round | Leg 1,AEL Limassol,RSC Anderlecht,2,1
2012-13,2012-08-22,Qualifying,Playoff Round | Leg 1,Sporting Braga,Udinese Calcio,1,1
2012-13,2012-08-22,Qualifying,Playoff Round | Leg 1,Malaga CF,Panathinaikos FC,2,0
2012-13,2012-08-22,Qualifying,Playoff Round | Leg 1,BATE Borisov,Hapoel Ironi Kiryat Shmona,2,0
2012-13,2012-08-22,Qualifying,Playoff Round | Leg 1,Dinamo Zagreb,NK Maribor,2,1
2012-13,2012-08-28,Qualifying,Playoff Round | Leg 2,Udinese Calcio,Sporting Braga,1,1
2012-13,2012-08-28,Qualifying,Playoff Round | Leg 2,RSC Anderlecht,AEL Limassol,2,0
2012-13,2012-08-28,Qualifying,Playoff Round | Leg 2,Hapoel Ironi Kiryat Shmona,BATE Borisov,1,1
2012-13,2012-08-28,Qualifying,Playoff Round | Leg 2,NK Maribor,Dinamo Zagreb,0,1
2012-13,2012-08-28,Qualifying,Playoff Round | Leg 2,Panathinaikos FC,Malaga CF,0,0
2012-13,2012-08-29,Qualifying,Playoff Round | Leg 2,CFR Cluj,Basel,1,0
2012-13,2012-08-29,Qualifying,Playoff Round | Leg 2,Fenerbahçe İstanbul SK,Spartak Moskva,1,1
2012-13,2012-08-29,Qualifying,Playoff Round | Leg 2,Dinamo Kiev,Borussia Monchengladbach,1,2
2012-13,2012-08-29,Qualifying,Playoff Round | Leg 2,Lille OSC,Kobenhavn,1,0
2012-13,2012-08-29,Qualifying,Playoff Round | Leg 2,Celtic,Helsingborgs IF,2,0
2012-13,2012-09-18,Group,Matchday ?,Malaga CF,Zenit St. Petersburg,3,0
2012-13,2012-09-18,Group,Matchday ?,Borussia Dortmund,AFC Ajax,1,0
2012-13,2012-09-18,Group,Matchday ?,Real Madrid,Manchester City,3,2
2012-13,2012-09-18,Group,Matchday ?,Milan,RSC Anderlecht,0,0
2012-13,2012-09-18,Group,Matchday ?,Montpellier HSC,Arsenal,1,2
2012-13,2012-09-18,Group,Matchday ?,Olympiacos,FC Schalke 04,1,2
2012-13,2012-09-18,Group,Matchday ?,Dinamo Zagreb,FC Porto,0,2
2012-13,2012-09-18,Group,Matchday ?,Paris Saint-Germain,Dinamo Kiev,4,1
2012-13,2012-09-19,Group,Matchday ?,Shakhtar Donetsk,Nordsjaelland,2,0
2012-13,2012-09-19,Group,Matchday ?,Lille OSC,BATE Borisov,1,3
2012-13,2012-09-19,Group,Matchday ?,Chelsea,Juventus,2,2
2012-13,2012-09-19,Group,Matchday ?,Bayern Munich,Valencia CF,2,1
2012-13,2012-09-19,Group,Matchday ?,Celtic,Benfica,0,0
2012-13,2012-09-19,Group,Matchday ?,Barcelona,Spartak Moskva,3,2
2012-13,2012-09-19,Group,Matchday ?,Sporting Braga,CFR Cluj,0,2
2012-13,2012-09-19,Group,Matchday ?,Manchester United,Galatasaray İstanbul AŞ,1,0
2012-13,2012-10-02,Group,Matchday ?,CFR Cluj,Manchester United,1,2
2012-13,2012-10-02,Group,Matchday ?,Juventus,Shakhtar Donetsk,1,1
2012-13,2012-10-02,Group,Matchday ?,Nordsjaelland,Chelsea,0,4
2012-13,2012-10-02,Group,Matchday ?,Valencia CF,Lille OSC,2,0
2012-13,2012-10-02,Group,Matchday ?,BATE Borisov,Bayern Munich,3,1
2012-13,2012-10-02,Group,Matchday ?,Spartak Moskva,Celtic,2,3
2012-13,2012-10-02,Group,Matchday ?,Galatasaray İstanbul AŞ,Sporting Braga,0,2
2012-13,2012-10-02,Group,Matchday ?,Benfica,Barcelona,0,2
2012-13,2012-10-03,Group,Matchday ?,RSC Anderlecht,Malaga CF,0,3
2012-13,2012-10-03,Group,Matchday ?,Zenit St. Petersburg,Milan,2,3
2012-13,2012-10-03,Group,Matchday ?,FC Schalke 04,Montpellier HSC,2,2
2012-13,2012-10-03,Group,Matchday ?,AFC Ajax,Real Madrid,1,4
2012-13,2012-10-03,Group,Matchday ?,Dinamo Kiev,Dinamo Zagreb,2,0
2012-13,2012-10-03,Group,Matchday ?,FC Porto,Paris Saint-Germain,1,0
2012-13,2012-10-03,Group,Matchday ?,Manchester City,Borussia Dortmund,1,1
2012-13,2012-10-03,Group,Matchday ?,Arsenal,Olympiacos,3,1
2012-13,2012-10-23,Group,Matchday ?,Spartak Moskva,Benfica,2,1
2012-13,2012-10-23,Group,Matchday ?,Manchester United,Sporting Braga,3,2
2012-13,2012-10-23,Group,Matchday ?,Galatasaray İstanbul AŞ,CFR Cluj,1,1
2012-13,2012-10-23,Group,Matchday ?,Barcelona,Celtic,2,1
2012-13,2012-10-23,Group,Matchday ?,Nordsjaelland,Juventus,1,1
2012-13,2012-10-23,Group,Matchday ?,BATE Borisov,Valencia CF,0,3
2012-13,2012-10-23,Group,Matchday ?,Lille OSC,Bayern Munich,0,1
2012-13,2012-10-23,Group,Matchday ?,Shakhtar Donetsk,Chelsea,2,1
2012-13,2012-10-24,Group,Matchday ?,Borussia Dortmund,Real Madrid,2,1
2012-13,2012-10-24,Group,Matchday ?,Zenit St. Petersburg,RSC Anderlecht,1,0
2012-13,2012-10-24,Group,Matchday ?,Malaga CF,Milan,1,0
2012-13,2012-10-24,Group,Matchday ?,AFC Ajax,Manchester City,3,1
2012-13,2012-10-24,Group,Matchday ?,Montpellier HSC,Olympiacos,1,2
2012-13,2012-10-24,Group,Matchday ?,FC Porto,Dinamo Kiev,3,2
2012-13,2012-10-24,Group,Matchday ?,Dinamo Zagreb,Paris Saint-Germain,0,2
2012-13,2012-10-24,Group,Matchday ?,Arsenal,FC Schalke 04,0,2
2012-13,2012-11-06,Group,Matchday ?,Milan,Malaga CF,1,1
2012-13,2012-11-06,Group,Matchday ?,Paris Saint-Germain,Dinamo Zagreb,4,0
2012-13,2012-11-06,Group,Matchday ?,Dinamo Kiev,FC Porto,0,0
2012-13,2012-11-06,Group,Matchday ?,FC Schalke 04,Arsenal,2,2
2012-13,2012-11-06,Group,Matchday ?,Manchester City,AFC Ajax,2,2
2012-13,2012-11-06,Group,Matchday ?,Real Madrid,Borussia Dortmund,2,2
2012-13,2012-11-06,Group,Matchday ?,Olympiacos,Montpellier HSC,3,1
2012-13,2012-11-06,Group,Matchday ?,RSC Anderlecht,Zenit St. Petersburg,1,0
2012-13,2012-11-07,Group,Matchday ?,Sporting Braga,Manchester United,1,3
2012-13,2012-11-07,Group,Matchday ?,Valencia CF,BATE Borisov,4,2
2012-13,2012-11-07,Group,Matchday ?,Juventus,Nordsjaelland,4,0
2012-13,2012-11-07,Group,Matchday ?,Chelsea,Shakhtar Donetsk,3,2
2012-13,2012-11-07,Group,Matchday ?,Benfica,Spartak Moskva,2,0
2012-13,2012-11-07,Group,Matchday ?,CFR Cluj,Galatasaray İstanbul AŞ,1,3
2012-13,2012-11-07,Group,Matchday ?,Celtic,Barcelona,2,1
2012-13,2012-11-07,Group,Matchday ?,Bayern Munich,Lille OSC,6,1
2012-13,2012-11-20,Group,Matchday ?,Nordsjaelland,Shakhtar Donetsk,2,5
2012-13,2012-11-20,Group,Matchday ?,BATE Borisov,Lille OSC,0,2
2012-13,2012-11-20,Group,Matchday ?,Juventus,Chelsea,3,0
2012-13,2012-11-20,Group,Matchday ?,Valencia CF,Bayern Munich,1,1
2012-13,2012-11-20,Group,Matchday ?,CFR Cluj,Sporting Braga,3,1
2012-13,2012-11-20,Group,Matchday ?,Benfica,Celtic,2,1
2012-13,2012-11-20,Group,Matchday ?,Galatasaray İstanbul AŞ,Manchester United,1,0
2012-13,2012-11-20,Group,Matchday ?,Spartak Moskva,Barcelona,0,3
2012-13,2012-11-21,Group,Matchday ?,Arsenal,Montpellier HSC,2,0
2012-13,2012-11-21,Group,Matchday ?,Zenit St. Petersburg,Malaga CF,2,2
2012-13,2012-11-21,Group,Matchday ?,AFC Ajax,Borussia Dortmund,1,4
2012-13,2012-11-21,Group,Matchday ?,Manchester City,Real Madrid,1,1
2012-13,2012-11-21,Group,Matchday ?,RSC Anderlecht,Milan,1,3
2012-13,2012-11-21,Group,Matchday ?,FC Porto,Dinamo Zagreb,3,0
2012-13,2012-11-21,Group,Matchday ?,FC Schalke 04,Olympiacos,1,0
2012-13,2012-11-21,Group,Matchday ?,Dinamo Kiev,Paris Saint-Germain,0,2
2012-13,2012-12-04,Group,Matchday ?,Dinamo Zagreb,Dinamo Kiev,1,1
2012-13,2012-12-04,Group,Matchday ?,Paris Saint-Germain,FC Porto,2,1
2012-13,2012-12-04,Group,Matchday ?,Montpellier HSC,FC Schalke 04,1,1
2012-13,2012-12-04,Group,Matchday ?,Olympiacos,Arsenal,2,1
2012-13,2012-12-04,Group,Matchday ?,Milan,Zenit St. Petersburg,0,1
2012-13,2012-12-04,Group,Matchday ?,Malaga CF,RSC Anderlecht,2,2
2012-13,2012-12-04,Group,Matchday ?,Real Madrid,AFC Ajax,4,1
2012-13,2012-12-04,Group,Matchday ?,Borussia Dortmund,Manchester City,1,0
2012-13,2012-12-05,Group,Matchday ?,Sporting Braga,Galatasaray İstanbul AŞ,1,2
2012-13,2012-12-05,Group,Matchday ?,Chelsea,Nordsjaelland,6,1
2012-13,2012-12-05,Group,Matchday ?,Bayern Munich,BATE Borisov,4,1
2012-13,2012-12-05,Group,Matchday ?,Shakhtar Donetsk,Juventus,0,1
2012-13,2012-12-05,Group,Matchday ?,Barcelona,Benfica,0,0
2012-13,2012-12-05,Group,Matchday ?,Celtic,Spartak Moskva,2,1
2012-13,2012-12-05,Group,Matchday ?,Manchester United,CFR Cluj,0,1
2012-13,2012-12-05,Group,Matchday ?,Lille OSC,Valencia CF,0,1
2012-13,2013-02-12,Knockout,Round of 16 | Leg 1,Valencia CF,Paris Saint-Germain,1,2
2012-13,2013-02-12,Knockout,Round of 16 | Leg 1,Celtic,Juventus,0,3
2012-13,2013-02-13,Knockout,Round of 16 | Leg 1,Shakhtar Donetsk,Borussia Dortmund,2,2
2012-13,2013-02-13,Knockout,Round of 16 | Leg 1,Real Madrid,Manchester United,1,1
2012-13,2013-02-19,Knockout,Round of 16 | Leg 1,Arsenal,Bayern Munich,1,3
2012-13,2013-02-19,Knockout,Round of 16 | Leg 1,FC Porto,Malaga CF,1,0
2012-13,2013-02-20,Knockout,Round of 16 | Leg 1,Galatasaray İstanbul AŞ,FC Schalke 04,1,1
2012-13,2013-02-20,Knockout,Round of 16 | Leg 1,Milan,Barcelona,2,0
2012-13,2013-03-05,Knockout,Round of 16 | Leg 2,Manchester United,Real Madrid,1,2
2012-13,2013-03-05,Knockout,Round of 16 | Leg 2,Borussia Dortmund,Shakhtar Donetsk,3,0
2012-13,2013-03-06,Knockout,Round of 16 | Leg 2,Paris Saint-Germain,Valencia CF,1,1
2012-13,2013-03-06,Knockout,Round of 16 | Leg 2,Juventus,Celtic,2,0
2012-13,2013-03-12,Knockout,Round of 16 | Leg 2,Barcelona,Milan,4,0
2012-13,2013-03-12,Knockout,Round of 16 | Leg 2,FC Schalke 04,Galatasaray İstanbul AŞ,2,3
2012-13,2013-03-13,Knockout,Round of 16 | Leg 2,Malaga CF,FC Porto,2,0
2012-13,2013-03-13,Knockout,Round of 16 | Leg 2,Bayern Munich,Arsenal,0,2
2012-13,2013-04-02,Knockout,Quarterfinals | Leg 1,Bayern Munich,Juventus,2,0
2012-13,2013-04-02,Knockout,Quarterfinals | Leg 1,Paris Saint-Germain,Barcelona,2,2
2012-13,2013-04-03,Knockout,Quarterfinals | Leg 1,Real Madrid,Galatasaray İstanbul AŞ,3,0
2012-13,2013-04-03,Knockout,Quarterfinals | Leg 1,Malaga CF,Borussia Dortmund,0,0
2012-13,2013-04-09,Knockout,Quarterfinals | Leg 2,Borussia Dortmund,Malaga CF,3,2
2012-13,2013-04-09,Knockout,Quarterfinals | Leg 2,Galatasaray İstanbul AŞ,Real Madrid,3,2
2012-13,2013-04-10,Knockout,Quarterfinals | Leg 2,Juventus,Bayern Munich,0,2
2012-13,2013-04-10,Knockout,Quarterfinals | Leg 2,Barcelona,Paris Saint-Germain,1,1
2012-13,2013-04-23,Knockout,Semifinals | Leg 1,Bayern Munich,Barcelona,4,0
2012-13,2013-04-24,Knockout,Semifinals | Leg 1,Borussia Dortmund,Real Madrid,4,1
2012-13,2013-04-30,Knockout,Semifinals | Leg 2,Real Madrid,Borussia Dortmund,2,0
2012-13,2013-05-01,Knockout,Semifinals | Leg 2,Barcelona,Bayern Munich,0,3
2012-13,2013-05-25,Knockout,Final,Bayern Munich,Borussia Dortmund,2,1
2013-14,2013-07-02,Qualifying,Qual. Round 1 | Leg 1,Lusitanos,EB / Streymur,2,2
2013-14,2013-07-02,Qualifying,Qual. Round 1 | Leg 1,Shirak,Tre Penne,3,0
2013-14,2013-07-09,Qualifying,Qual. Round 1 | Leg 2,EB / Streymur,Lusitanos,5,1
2013-14,2013-07-09,Qualifying,Qual. Round 1 | Leg 2,Tre Penne,Shirak,1,0
2013-14,2013-07-16,Qualifying,Qual. Round 2 | Leg 1,Birkirkara,NK Maribor,0,0
2013-14,2013-07-16,Qualifying,Qual. Round 2 | Leg 1,Fola Esch,Dinamo Zagreb,0,5
2013-14,2013-07-16,Qualifying,Qual. Round 2 | Leg 1,Dinamo Tbilisi,EB / Streymur,6,1
2013-14,2013-07-16,Qualifying,Qual. Round 2 | Leg 1,BATE Borisov,Shakhter Karagandy,0,1
2013-14,2013-07-16,Qualifying,Qual. Round 2 | Leg 1,Steaua Bucuresti,Vardar Skopje,3,0
2013-14,2013-07-16,Qualifying,Qual. Round 2 | Leg 1,Sheriff Tiraspol,Sutjeska Niksic,1,1
2013-14,2013-07-16,Qualifying,Qual. Round 2 | Leg 1,Viktoria Plzen,Zeljeznicar Sarajevo,4,3
2013-14,2013-07-16,Qualifying,Qual. Round 2 | Leg 1,FK Ekranas,FH,0,1
2013-14,2013-07-17,Qualifying,Qual. Round 2 | Leg 1,The New Saints,Legia Warsaw,1,3
2013-14,2013-07-17,Qualifying,Qual. Round 2 | Leg 1,Slovan Bratislava,PFC Ludogorets Razgrad,2,1
2013-14,2013-07-17,Qualifying,Qual. Round 2 | Leg 1,Neftchi PFC Baku,Skenderbeu Korce,0,0
2013-14,2013-07-17,Qualifying,Qual. Round 2 | Leg 1,Sligo Rovers,Molde FK,0,1
2013-14,2013-07-17,Qualifying,Qual. Round 2 | Leg 1,Shirak,Partizan Belgrade,1,1
2013-14,2013-07-17,Qualifying,Qual. Round 2 | Leg 1,Elfsborg,Daugava Daugavpils,7,1
2013-14,2013-07-17,Qualifying,Qual. Round 2 | Leg 1,Cliftonville,Celtic,0,3
2013-14,2013-07-17,Qualifying,Qual. Round 2 | Leg 1,HJK Helsinki,Nomme Kalju,0,0
2013-14,2013-07-17,Qualifying,Qual. Round 2 | Leg 1,Gyori ETO,Maccabi Tel Aviv,0,2
2013-14,2013-07-23,Qualifying,Qual. Round 2 | Leg 2,Skenderbeu Korce,Neftchi PFC Baku,0,0
2013-14,2013-07-23,Qualifying,Qual. Round 2 | Leg 2,Nomme Kalju,HJK Helsinki,2,1
2013-14,2013-07-23,Qualifying,Qual. Round 2 | Leg 2,Molde FK,Sligo Rovers,2,0
2013-14,2013-07-23,Qualifying,Qual. Round 2 | Leg 2,Vardar Skopje,Steaua Bucuresti,1,2
2013-14,2013-07-23,Qualifying,Qual. Round 2 | Leg 2,Sutjeska Niksic,Sheriff Tiraspol,0,5
2013-14,2013-07-23,Qualifying,Qual. Round 2 | Leg 2,Maccabi Tel Aviv,Gyori ETO,2,1
2013-14,2013-07-23,Qualifying,Qual. Round 2 | Leg 2,Zeljeznicar Sarajevo,Viktoria Plzen,1,2
2013-14,2013-07-23,Qualifying,Qual. Round 2 | Leg 2,FH,FK Ekranas,2,1
2013-14,2013-07-23,Qualifying,Qual. Round 2 | Leg 2,EB / Streymur,Dinamo Tbilisi,1,3
2013-14,2013-07-23,Qualifying,Qual. Round 2 | Leg 2,Daugava Daugavpils,Elfsborg,0,4
2013-14,2013-07-23,Qualifying,Qual. Round 2 | Leg 2,Celtic,Cliftonville,2,0
2013-14,2013-07-23,Qualifying,Qual. Round 2 | Leg 2,Shakhter Karagandy,BATE Borisov,1,0
2013-14,2013-07-23,Qualifying,Qual. Round 2 | Leg 2,Dinamo Zagreb,Fola Esch,1,0
2013-14,2013-07-24,Qualifying,Qual. Round 2 | Leg 2,NK Maribor,Birkirkara,2,0
2013-14,2013-07-24,Qualifying,Qual. Round 2 | Leg 2,Legia Warsaw,The New Saints,1,0
2013-14,2013-07-24,Qualifying,Qual. Round 2 | Leg 2,PFC Ludogorets Razgrad,Slovan Bratislava,3,0
2013-14,2013-07-24,Qualifying,Qual. Round 2 | Leg 2,Partizan Belgrade,Shirak,0,0
2013-14,2013-07-30,Qualifying,Qual. Round 3 | Leg 1,PAOK FC,Metalist Kharkiv,0,2
2013-14,2013-07-30,Qualifying,Qual. Round 3 | Leg 1,Shakhter Karagandy,Skenderbeu Korce,3,0
2013-14,2013-07-30,Qualifying,Qual. Round 3 | Leg 1,PSV Eindhoven,Zulte-Waregem,2,0
2013-14,2013-07-30,Qualifying,Qual. Round 3 | Leg 1,Nordsjaelland,Zenit St. Petersburg,0,1
2013-14,2013-07-30,Qualifying,Qual. Round 3 | Leg 1,Nomme Kalju,Viktoria Plzen,0,4
2013-14,2013-07-30,Qualifying,Qual. Round 3 | Leg 1,Dinamo Zagreb,Sheriff Tiraspol,1,0
2013-14,2013-07-30,Qualifying,Qual. Round 3 | Leg 1,Austria Wien,FH,1,0
2013-14,2013-07-30,Qualifying,Qual. Round 3 | Leg 1,Dinamo Tbilisi,Steaua Bucuresti,0,2
2013-14,2013-07-30,Qualifying,Qual. Round 3 | Leg 1,Olympique Lyon,Grasshoppers Zurich,1,0
2013-14,2013-07-30,Qualifying,Qual. Round 3 | Leg 1,Basel,Maccabi Tel Aviv,1,0
2013-14,2013-07-31,Qualifying,Qual. Round 3 | Leg 1,PFC Ludogorets Razgrad,Partizan Belgrade,2,1
2013-14,2013-07-31,Qualifying,Qual. Round 3 | Leg 1,FC RB Salzburg,Fenerbahçe İstanbul SK,1,1
2013-14,2013-07-31,Qualifying,Qual. Round 3 | Leg 1,Celtic,Elfsborg,1,0
2013-14,2013-07-31,Qualifying,Qual. Round 3 | Leg 1,Molde FK,Legia Warsaw,1,1
2013-14,2013-07-31,Qualifying,Qual. Round 3 | Leg 1,APOEL Nikosia,NK Maribor,1,1
2013-14,2013-08-06,Qualifying,Qual. Round 3 | Leg 2,NK Maribor,APOEL Nikosia,0,0
2013-14,2013-08-06,Qualifying,Qual. Round 3 | Leg 2,Steaua Bucuresti,Dinamo Tbilisi,1,1
2013-14,2013-08-06,Qualifying,Qual. Round 3 | Leg 2,Partizan Belgrade,PFC Ludogorets Razgrad,0,1
2013-14,2013-08-06,Qualifying,Qual. Round 3 | Leg 2,Maccabi Tel Aviv,Basel,3,3
2013-14,2013-08-06,Qualifying,Qual. Round 3 | Leg 2,Grasshoppers Zurich,Olympique Lyon,0,1
2013-14,2013-08-06,Qualifying,Qual. Round 3 | Leg 2,Skenderbeu Korce,Shakhter Karagandy,3,2
2013-14,2013-08-06,Qualifying,Qual. Round 3 | Leg 2,Fenerbahçe İstanbul SK,FC RB Salzburg,3,1
2013-14,2013-08-07,Qualifying,Qual. Round 3 | Leg 2,Sheriff Tiraspol,Dinamo Zagreb,0,3
2013-14,2013-08-07,Qualifying,Qual. Round 3 | Leg 2,Legia Warsaw,Molde FK,0,0
2013-14,2013-08-07,Qualifying,Qual. Round 3 | Leg 2,Elfsborg,Celtic,0,0
2013-14,2013-08-07,Qualifying,Qual. Round 3 | Leg 2,FH,Austria Wien,0,0
2013-14,2013-08-07,Qualifying,Qual. Round 3 | Leg 2,Metalist Kharkiv,PAOK FC,1,1
2013-14,2013-08-07,Qualifying,Qual. Round 3 | Leg 2,Zulte-Waregem,PSV Eindhoven,0,3
2013-14,2013-08-07,Qualifying,Qual. Round 3 | Leg 2,Zenit St. Petersburg,Nordsjaelland,5,0
2013-14,2013-08-07,Qualifying,Qual. Round 3 | Leg 2,Viktoria Plzen,Nomme Kalju,6,2
2013-14,2013-08-20,Qualifying,Playoff Round | Leg 1,PSV Eindhoven,Milan,1,1
2013-14,2013-08-20,Qualifying,Playoff Round | Leg 1,Olympique Lyon,Real Sociedad,0,2
2013-14,2013-08-20,Qualifying,Playoff Round | Leg 1,Pacos de Ferreira,Zenit St. Petersburg,1,4
2013-14,2013-08-20,Qualifying,Playoff Round | Leg 1,Shakhter Karagandy,Celtic,2,0
2013-14,2013-08-20,Qualifying,Playoff Round | Leg 1,Viktoria Plzen,NK Maribor,3,1
2013-14,2013-08-21,Qualifying,Playoff Round | Leg 1,PFC Ludogorets Razgrad,Basel,2,4
2013-14,2013-08-21,Qualifying,Playoff Round | Leg 1,Dinamo Zagreb,Austria Wien,0,2
2013-14,2013-08-21,Qualifying,Playoff Round | Leg 1,Steaua Bucuresti,Legia Warsaw,1,1
2013-14,2013-08-21,Qualifying,Playoff Round | Leg 1,FC Schalke 04,PAOK FC,1,1
2013-14,2013-08-21,Qualifying,Playoff Round | Leg 1,Fenerbahçe İstanbul SK,Arsenal,0,3
2013-14,2013-08-27,Qualifying,Playoff Round | Leg 2,Basel,PFC Ludogorets Razgrad,2,0
2013-14,2013-08-27,Qualifying,Playoff Round | Leg 2,Austria Wien,Dinamo Zagreb,2,3
2013-14,2013-08-27,Qualifying,Playoff Round | Leg 2,PAOK FC,FC Schalke 04,2,3
2013-14,2013-08-27,Qualifying,Playoff Round | Leg 2,Legia Warsaw,Steaua Bucuresti,2,2
2013-14,2013-08-27,Qualifying,Playoff Round | Leg 2,Arsenal,Fenerbahçe İstanbul SK,2,0
2013-14,2013-08-28,Qualifying,Playoff Round | Leg 2,Zenit St. Petersburg,Pacos de Ferreira,4,2
2013-14,2013-08-28,Qualifying,Playoff Round | Leg 2,Milan,PSV Eindhoven,3,0
2013-14,2013-08-28,Qualifying,Playoff Round | Leg 2,NK Maribor,Viktoria Plzen,0,1
2013-14,2013-08-28,Qualifying,Playoff Round | Leg 2,Celtic,Shakhter Karagandy,3,0
2013-14,2013-08-28,Qualifying,Playoff Round | Leg 2,Real Sociedad,Olympique Lyon,2,0
2013-14,2013-09-17,Group,Matchday ?,Bayern Munich,CSKA Moskva,3,0
2013-14,2013-09-17,Group,Matchday ?,Viktoria Plzen,Manchester City,0,3
2013-14,2013-09-17,Group,Matchday ?,Olympiacos,Paris Saint-Germain,1,4
2013-14,2013-09-17,Group,Matchday ?,Benfica,RSC Anderlecht,2,0
2013-14,2013-09-17,Group,Matchday ?,Galatasaray İstanbul AŞ,Real Madrid,1,6
2013-14,2013-09-17,Group,Matchday ?,Real Sociedad,Shakhtar Donetsk,0,2
2013-14,2013-09-17,Group,Matchday ?,Manchester United,Leverkusen,4,2
2013-14,2013-09-17,Group,Matchday ?,Kobenhavn,Juventus,1,1
2013-14,2013-09-18,Group,Matchday ?,Milan,Celtic,2,0
2013-14,2013-09-18,Group,Matchday ?,Atletico Madrid,Zenit St. Petersburg,3,1
2013-14,2013-09-18,Group,Matchday ?,Barcelona,AFC Ajax,4,0
2013-14,2013-09-18,Group,Matchday ?,Austria Wien,FC Porto,0,1
2013-14,2013-09-18,Group,Matchday ?,Napoli,Borussia Dortmund,2,1
2013-14,2013-09-18,Group,Matchday ?,Chelsea,Basel,1,2
2013-14,2013-09-18,Group,Matchday ?,Olympique Marseille,Arsenal,1,2
2013-14,2013-09-18,Group,Matchday ?,FC Schalke 04,Steaua Bucuresti,3,0
2013-14,2013-10-01,Group,Matchday ?,Basel,FC Schalke 04,0,1
2013-14,2013-10-01,Group,Matchday ?,Steaua Bucuresti,Chelsea,0,4
2013-14,2013-10-01,Group,Matchday ?,Arsenal,Napoli,2,0
2013-14,2013-10-01,Group,Matchday ?,Borussia Dortmund,Olympique Marseille,3,0
2013-14,2013-10-01,Group,Matchday ?,Zenit St. Petersburg,Austria Wien,0,0
2013-14,2013-10-01,Group,Matchday ?,FC Porto,Atletico Madrid,1,2
2013-14,2013-10-01,Group,Matchday ?,Celtic,Barcelona,0,1
2013-14,2013-10-01,Group,Matchday ?,AFC Ajax,Milan,1,1
2013-14,2013-10-02,Group,Matchday ?,Paris Saint-Germain,Benfica,3,0
2013-14,2013-10-02,Group,Matchday ?,Manchester City,Bayern Munich,1,3
2013-14,2013-10-02,Group,Matchday ?,CSKA Moskva,Viktoria Plzen,3,2
2013-14,2013-10-02,Group,Matchday ?,RSC Anderlecht,Olympiacos,0,3
2013-14,2013-10-02,Group,Matchday ?,Shakhtar Donetsk,Manchester United,1,1
2013-14,2013-10-02,Group,Matchday ?,Real Madrid,Kobenhavn,4,0
2013-14,2013-10-02,Group,Matchday ?,Leverkusen,Real Sociedad,2,1
2013-14,2013-10-02,Group,Matchday ?,Juventus,Galatasaray İstanbul AŞ,2,2
2013-14,2013-10-22,Group,Matchday ?,FC Porto,Zenit St. Petersburg,0,1
2013-14,2013-10-22,Group,Matchday ?,Milan,Barcelona,1,1
2013-14,2013-10-22,Group,Matchday ?,Arsenal,Borussia Dortmund,1,2
2013-14,2013-10-22,Group,Matchday ?,Austria Wien,Atletico Madrid,0,3
2013-14,2013-10-22,Group,Matchday ?,Steaua Bucuresti,Basel,1,1
2013-14,2013-10-22,Group,Matchday ?,Celtic,AFC Ajax,2,1
2013-14,2013-10-22,Group,Matchday ?,Olympique Marseille,Napoli,1,2
2013-14,2013-10-22,Group,Matchday ?,FC Schalke 04,Chelsea,0,3
2013-14,2013-10-23,Group,Matchday ?,Benfica,Olympiacos,1,1
2013-14,2013-10-23,Group,Matchday ?,Real Madrid,Juventus,2,1
2013-14,2013-10-23,Group,Matchday ?,Leverkusen,Shakhtar Donetsk,4,0
2013-14,2013-10-23,Group,Matchday ?,Manchester United,Real Sociedad,1,0
2013-14,2013-10-23,Group,Matchday ?,Galatasaray İstanbul AŞ,Kobenhavn,3,1
2013-14,2013-10-23,Group,Matchday ?,CSKA Moskva,Manchester City,1,2
2013-14,2013-10-23,Group,Matchday ?,RSC Anderlecht,Paris Saint-Germain,0,5
2013-14,2013-10-23,Group,Matchday ?,Bayern Munich,Viktoria Plzen,5,0
2013-14,2013-11-05,Group,Matchday ?,Manchester City,CSKA Moskva,5,2
2013-14,2013-11-05,Group,Matchday ?,Viktoria Plzen,Bayern Munich,0,1
2013-14,2013-11-05,Group,Matchday ?,Olympiacos,Benfica,1,0
2013-14,2013-11-05,Group,Matchday ?,Paris Saint-Germain,RSC Anderlecht,1,1
2013-14,2013-11-05,Group,Matchday ?,Real Sociedad,Manchester United,0,0
2013-14,2013-11-05,Group,Matchday ?,Juventus,Real Madrid,2,2
2013-14,2013-11-05,Group,Matchday ?,Shakhtar Donetsk,Leverkusen,0,0
2013-14,2013-11-05,Group,Matchday ?,Kobenhavn,Galatasaray İstanbul AŞ,1,0
2013-14,2013-11-06,Group,Matchday ?,Zenit St. Petersburg,FC Porto,1,1
2013-14,2013-11-06,Group,Matchday ?,AFC Ajax,Celtic,1,0
2013-14,2013-11-06,Group,Matchday ?,Barcelona,Milan,3,1
2013-14,2013-11-06,Group,Matchday ?,Atletico Madrid,Austria Wien,4,0
2013-14,2013-11-06,Group,Matchday ?,Chelsea,FC Schalke 04,3,0
2013-14,2013-11-06,Group,Matchday ?,Napoli,Olympique Marseille,3,2
2013-14,2013-11-06,Group,Matchday ?,Basel,Steaua Bucuresti,1,1
2013-14,2013-11-06,Group,Matchday ?,Borussia Dortmund,Arsenal,0,1
2013-14,2013-11-26,Group,Matchday ?,AFC Ajax,Barcelona,2,1
2013-14,2013-11-26,Group,Matchday ?,Zenit St. Petersburg,Atletico Madrid,1,1
2013-14,2013-11-26,Group,Matchday ?,FC Porto,Austria Wien,1,1
2013-14,2013-11-26,Group,Matchday ?,Celtic,Milan,0,3
2013-14,2013-11-26,Group,Matchday ?,Borussia Dortmund,Napoli,3,1
2013-14,2013-11-26,Group,Matchday ?,Basel,Chelsea,1,0
2013-14,2013-11-26,Group,Matchday ?,Steaua Bucuresti,FC Schalke 04,0,0
2013-14,2013-11-26,Group,Matchday ?,Arsenal,Olympique Marseille,2,0
2013-14,2013-11-27,Group,Matchday ?,Leverkusen,Manchester United,0,5
2013-14,2013-11-27,Group,Matchday ?,Shakhtar Donetsk,Real Sociedad,4,0
2013-14,2013-11-27,Group,Matchday ?,Real Madrid,Galatasaray İstanbul AŞ,4,1
2013-14,2013-11-27,Group,Matchday ?,Juventus,Kobenhavn,3,1
2013-14,2013-11-27,Group,Matchday ?,RSC Anderlecht,Benfica,2,3
2013-14,2013-11-27,Group,Matchday ?,Manchester City,Viktoria Plzen,4,2
2013-14,2013-11-27,Group,Matchday ?,CSKA Moskva,Bayern Munich,1,3
2013-14,2013-11-27,Group,Matchday ?,Paris Saint-Germain,Olympiacos,2,1
2013-14,2013-12-10,Group,Matchday ?,Bayern Munich,Manchester City,2,3
2013-14,2013-12-10,Group,Matchday ?,Viktoria Plzen,CSKA Moskva,2,1
2013-14,2013-12-10,Group,Matchday ?,Olympiacos,RSC Anderlecht,3,1
2013-14,2013-12-10,Group,Matchday ?,Benfica,Paris Saint-Germain,2,1
2013-14,2013-12-10,Group,Matchday ?,Manchester United,Shakhtar Donetsk,1,0
2013-14,2013-12-10,Group,Matchday ?,Real Sociedad,Leverkusen,0,1
2013-14,2013-12-10,Group,Matchday ?,Kobenhavn,Real Madrid,0,2
2013-14,2013-12-11,Group,Matchday ?,Barcelona,Celtic,6,1
2013-14,2013-12-11,Group,Matchday ?,Milan,AFC Ajax,0,0
2013-14,2013-12-11,Group,Matchday ?,Atletico Madrid,FC Porto,2,0
2013-14,2013-12-11,Group,Matchday ?,Austria Wien,Zenit St. Petersburg,4,1
2013-14,2013-12-11,Group,Matchday ?,Napoli,Arsenal,2,0
2013-14,2013-12-11,Group,Matchday ?,FC Schalke 04,Basel,2,0
2013-14,2013-12-11,Group,Matchday ?,Galatasaray İstanbul AŞ,Juventus,1,0
2013-14,2013-12-11,Group,Matchday ?,Olympique Marseille,Borussia Dortmund,1,2
2013-14,2013-12-11,Group,Matchday ?,Chelsea,Steaua Bucuresti,1,0
2013-14,2014-02-18,Knockout,Round of 16 | Leg 1,Manchester City,Barcelona,0,2
2013-14,2014-02-18,Knockout,Round of 16 | Leg 1,Leverkusen,Paris Saint-Germain,0,4
2013-14,2014-02-19,Knockout,Round of 16 | Leg 1,Milan,Atletico Madrid,0,1
2013-14,2014-02-19,Knockout,Round of 16 | Leg 1,Arsenal,Bayern Munich,0,2
2013-14,2014-02-25,Knockout,Round of 16 | Leg 1,Olympiacos,Manchester United,2,0
2013-14,2014-02-25,Knockout,Round of 16 | Leg 1,Zenit St. Petersburg,Borussia Dortmund,2,4
2013-14,2014-02-26,Knockout,Round of 16 | Leg 1,FC Schalke 04,Real Madrid,1,6
2013-14,2014-02-26,Knockout,Round of 16 | Leg 1,Galatasaray İstanbul AŞ,Chelsea,1,1
2013-14,2014-03-11,Knockout,Round of 16 | Leg 2,Atletico Madrid,Milan,4,1
2013-14,2014-03-11,Knockout,Round of 16 | Leg 2,Bayern Munich,Arsenal,1,1
2013-14,2014-03-12,Knockout,Round of 16 | Leg 2,Barcelona,Manchester City,2,1
2013-14,2014-03-12,Knockout,Round of 16 | Leg 2,Paris Saint-Germain,Leverkusen,2,1
2013-14,2014-03-18,Knockout,Round of 16 | Leg 2,Real Madrid,FC Schalke 04,3,1
2013-14,2014-03-18,Knockout,Round of 16 | Leg 2,Chelsea,Galatasaray İstanbul AŞ,2,0
2013-14,2014-03-19,Knockout,Round of 16 | Leg 2,Borussia Dortmund,Zenit St. Petersburg,1,2
2013-14,2014-03-19,Knockout,Round of 16 | Leg 2,Manchester United,Olympiacos,3,0
2013-14,2014-04-01,Knockout,Quarterfinals | Leg 1,Manchester United,Bayern Munich,1,1
2013-14,2014-04-01,Knockout,Quarterfinals | Leg 1,Barcelona,Atletico Madrid,1,1
2013-14,2014-04-02,Knockout,Quarterfinals | Leg 1,Real Madrid,Borussia Dortmund,3,0
2013-14,2014-04-02,Knockout,Quarterfinals | Leg 1,Paris Saint-Germain,Chelsea,3,1
2013-14,2014-04-08,Knockout,Quarterfinals | Leg 2,Borussia Dortmund,Real Madrid,2,0
2013-14,2014-04-08,Knockout,Quarterfinals | Leg 2,Chelsea,Paris Saint-Germain,2,0
2013-14,2014-04-09,Knockout,Quarterfinals | Leg 2,Atletico Madrid,Barcelona,1,0
2013-14,2014-04-09,Knockout,Quarterfinals | Leg 2,Bayern Munich,Manchester United,3,1
2013-14,2014-04-22,Knockout,Semifinals | Leg 1,Atletico Madrid,Chelsea,0,0
2013-14,2014-04-23,Knockout,Semifinals | Leg 1,Real Madrid,Bayern Munich,1,0
2013-14,2014-04-29,Knockout,Semifinals | Leg 2,Bayern Munich,Real Madrid,0,4
2013-14,2014-04-30,Knockout,Semifinals | Leg 2,Chelsea,Atletico Madrid,1,3
2013-14,2014-05-24,Knockout,Final,Real Madrid,Atletico Madrid,1,1
2014-15,2014-07-01,Qualifying,Qual. Round 1 | Leg 1,FC Santa Coloma,Banants,1,0
2014-15,2014-07-01,Qualifying,Qual. Round 1 | Leg 1,La Fiorita,Levadia,0,1
2014-15,2014-07-02,Qualifying,Qual. Round 1 | Leg 1,Lincoln Red Imps,HB,1,1
2014-15,2014-07-08,Qualifying,Qual. Round 1 | Leg 2,Banants,FC Santa Coloma,3,2
2014-15,2014-07-08,Qualifying,Qual. Round 1 | Leg 2,HB,Lincoln Red Imps,5,2
2014-15,2014-07-08,Qualifying,Qual. Round 1 | Leg 2,Levadia,La Fiorita,7,0
2014-15,2014-07-15,Qualifying,Qual. Round 2 | Leg 1,Slovan Bratislava,The New Saints,1,0
2014-15,2014-07-15,Qualifying,Qual. Round 2 | Leg 1,Partizan Belgrade,HB,3,0
2014-15,2014-07-15,Qualifying,Qual. Round 2 | Leg 1,Sheriff Tiraspol,Sutjeska Niksic,2,0
2014-15,2014-07-15,Qualifying,Qual. Round 2 | Leg 1,HSK Zrinjski Mostar,NK Maribor,0,0
2014-15,2014-07-15,Qualifying,Qual. Round 2 | Leg 1,Valletta,Qarabag,0,1
2014-15,2014-07-15,Qualifying,Qual. Round 2 | Leg 1,Sparta Praha,Levadia,7,0
2014-15,2014-07-15,Qualifying,Qual. Round 2 | Leg 1,BATE Borisov,Skenderbeu Korce,0,0
2014-15,2014-07-15,Qualifying,Qual. Round 2 | Leg 1,KR Reykjavik,Celtic,0,1
2014-15,2014-07-15,Qualifying,Qual. Round 2 | Leg 1,Cliftonville,Debreceni VSC,0,0
2014-15,2014-07-15,Qualifying,Qual. Round 2 | Leg 1,Rabotnicki,HJK Helsinki,0,0
2014-15,2014-07-15,Qualifying,Qual. Round 2 | Leg 1,Dinamo Zagreb,Zalgiris Vilnius,2,0
2014-15,2014-07-15,Qualifying,Qual. Round 2 | Leg 1,FC Santa Coloma,Maccabi Tel Aviv,0,1
2014-15,2014-07-16,Qualifying,Qual. Round 2 | Leg 1,Stromsgodset IF,Steaua Bucuresti,0,1
2014-15,2014-07-16,Qualifying,Qual. Round 2 | Leg 1,Dinamo Tbilisi,Aktobe,0,1
2014-15,2014-07-16,Qualifying,Qual. Round 2 | Leg 1,PFC Ludogorets Razgrad,F91 Dudelange,4,0
2014-15,2014-07-16,Qualifying,Qual. Round 2 | Leg 1,Legia Warsaw,St Patrick's Athletic,1,1
2014-15,2014-07-16,Qualifying,Qual. Round 2 | Leg 1,Malmo FF,Ventspils,0,0
2014-15,2014-07-22,Qualifying,Qual. Round 2 | Leg 2,The New Saints,Slovan Bratislava,0,2
2014-15,2014-07-22,Qualifying,Qual. Round 2 | Leg 2,Maccabi Tel Aviv,FC Santa Coloma,2,0
2014-15,2014-07-22,Qualifying,Qual. Round 2 | Leg 2,Qarabag,Valletta,4,0
2014-15,2014-07-22,Qualifying,Qual. Round 2 | Leg 2,F91 Dudelange,PFC Ludogorets Razgrad,1,1
2014-15,2014-07-22,Qualifying,Qual. Round 2 | Leg 2,Levadia,Sparta Praha,1,1
2014-15,2014-07-22,Qualifying,Qual. Round 2 | Leg 2,Sutjeska Niksic,Sheriff Tiraspol,0,3
2014-15,2014-07-22,Qualifying,Qual. Round 2 | Leg 2,Skenderbeu Korce,BATE Borisov,1,1
2014-15,2014-07-22,Qualifying,Qual. Round 2 | Leg 2,Zalgiris Vilnius,Dinamo Zagreb,0,2
2014-15,2014-07-22,Qualifying,Qual. Round 2 | Leg 2,Celtic,KR Reykjavik,4,0
2014-15,2014-07-22,Qualifying,Qual. Round 2 | Leg 2,Debreceni VSC,Cliftonville,2,0
2014-15,2014-07-22,Qualifying,Qual. Round 2 | Leg 2,HB,Partizan Belgrade,1,3
2014-15,2014-07-23,Qualifying,Qual. Round 2 | Leg 2,Aktobe,Dinamo Tbilisi,3,0
2014-15,2014-07-23,Qualifying,Qual. Round 2 | Leg 2,Steaua Bucuresti,Stromsgodset IF,2,0
2014-15,2014-07-23,Qualifying,Qual. Round 2 | Leg 2,HJK Helsinki,Rabotnicki,2,1
2014-15,2014-07-23,Qualifying,Qual. Round 2 | Leg 2,Ventspils,Malmo FF,0,1
2014-15,2014-07-23,Qualifying,Qual. Round 2 | Leg 2,NK Maribor,HSK Zrinjski Mostar,2,0
2014-15,2014-07-23,Qualifying,Qual. Round 2 | Leg 2,St Patrick's Athletic,Legia Warsaw,0,5
2014-15,2014-07-29,Qualifying,Qual. Round 3 | Leg 1,Slovan Bratislava,Sheriff Tiraspol,2,1
2014-15,2014-07-29,Qualifying,Qual. Round 3 | Leg 1,Sparta Praha,Malmo FF,4,2
2014-15,2014-07-29,Qualifying,Qual. Round 3 | Leg 1,Debreceni VSC,BATE Borisov,1,0
2014-15,2014-07-30,Qualifying,Qual. Round 3 | Leg 1,HJK Helsinki,APOEL Nikosia,2,2
2014-15,2014-07-30,Qualifying,Qual. Round 3 | Leg 1,Aalborg BK,Dinamo Zagreb,0,1
2014-15,2014-07-30,Qualifying,Qual. Round 3 | Leg 1,Feyenoord Rotterdam,Beşiktaş İstanbul JK,1,2
2014-15,2014-07-30,Qualifying,Qual. Round 3 | Leg 1,Aktobe,Steaua Bucuresti,2,2
2014-15,2014-07-30,Qualifying,Qual. Round 3 | Leg 1,AEL Limassol,Zenit St. Petersburg,1,0
2014-15,2014-07-30,Qualifying,Qual. Round 3 | Leg 1,Legia Warsaw,Celtic,4,1
2014-15,2014-07-30,Qualifying,Qual. Round 3 | Leg 1,NK Maribor,Maccabi Tel Aviv,1,0
2014-15,2014-07-30,Qualifying,Qual. Round 3 | Leg 1,PFC Ludogorets Razgrad,Partizan Belgrade,0,0
2014-15,2014-07-30,Qualifying,Qual. Round 3 | Leg 1,Standard Liege,Panathinaikos FC,0,0
2014-15,2014-07-30,Qualifying,Qual. Round 3 | Leg 1,Qarabag,FC RB Salzburg,2,1
2014-15,2014-07-30,Qualifying,Qual. Round 3 | Leg 1,Grasshoppers Zurich,Lille OSC,0,2
2014-15,2014-07-30,Qualifying,Qual. Round 3 | Leg 1,Dnepr Dnepropetrovsk,Kobenhavn,0,0
2014-15,2014-08-05,Qualifying,Qual. Round 3 | Leg 2,Panathinaikos FC,Standard Liege,1,2
2014-15,2014-08-05,Qualifying,Qual. Round 3 | Leg 2,Maccabi Tel Aviv,NK Maribor,2,2
2014-15,2014-08-05,Qualifying,Qual. Round 3 | Leg 2,Lille OSC,Grasshoppers Zurich,1,1
2014-15,2014-08-05,Qualifying,Qual. Round 3 | Leg 2,BATE Borisov,Debreceni VSC,3,1
2014-15,2014-08-06,Qualifying,Qual. Round 3 | Leg 2,APOEL Nikosia,HJK Helsinki,2,0
2014-15,2014-08-06,Qualifying,Qual. Round 3 | Leg 2,Zenit St. Petersburg,AEL Limassol,3,0
2014-15,2014-08-06,Qualifying,Qual. Round 3 | Leg 2,Malmo FF,Sparta Praha,2,0
2014-15,2014-08-06,Qualifying,Qual. Round 3 | Leg 2,Dinamo Zagreb,Aalborg BK,0,2
2014-15,2014-08-06,Qualifying,Qual. Round 3 | Leg 2,Celtic,Legia Warsaw,3,0
2014-15,2014-08-06,Qualifying,Qual. Round 3 | Leg 2,Kobenhavn,Dnepr Dnepropetrovsk,2,0
2014-15,2014-08-06,Qualifying,Qual. Round 3 | Leg 2,Beşiktaş İstanbul JK,Feyenoord Rotterdam,3,1
2014-15,2014-08-06,Qualifying,Qual. Round 3 | Leg 2,FC RB Salzburg,Qarabag,2,0
2014-15,2014-08-06,Qualifying,Qual. Round 3 | Leg 2,Sheriff Tiraspol,Slovan Bratislava,0,0
2014-15,2014-08-06,Qualifying,Qual. Round 3 | Leg 2,Partizan Belgrade,PFC Ludogorets Razgrad,2,2
2014-15,2014-08-06,Qualifying,Qual. Round 3 | Leg 2,Steaua Bucuresti,Aktobe,2,1
2014-15,2014-08-19,Qualifying,Playoff Round | Leg 1,FC RB Salzburg,Malmo FF,2,1
2014-15,2014-08-19,Qualifying,Playoff Round | Leg 1,Kobenhavn,Leverkusen,2,3
2014-15,2014-08-19,Qualifying,Playoff Round | Leg 1,Beşiktaş İstanbul JK,Arsenal,0,0
2014-15,2014-08-19,Qualifying,Playoff Round | Leg 1,Steaua Bucuresti,PFC Ludogorets Razgrad,1,0
2014-15,2014-08-19,Qualifying,Playoff Round | Leg 1,Napoli,Athletic Club,1,1
2014-15,2014-08-20,Qualifying,Playoff Round | Leg 1,Slovan Bratislava,BATE Borisov,1,1
2014-15,2014-08-20,Qualifying,Playoff Round | Leg 1,Aalborg BK,APOEL Nikosia,1,1
2014-15,2014-08-20,Qualifying,Playoff Round | Leg 1,Standard Liege,Zenit St. Petersburg,0,1
2014-15,2014-08-20,Qualifying,Playoff Round | Leg 1,NK Maribor,Celtic,1,1
2014-15,2014-08-20,Qualifying,Playoff Round | Leg 1,Lille OSC,FC Porto,0,1
2014-15,2014-08-26,Qualifying,Playoff Round | Leg 2,APOEL Nikosia,Aalborg BK,4,0
2014-15,2014-08-26,Qualifying,Playoff Round | Leg 2,BATE Borisov,Slovan Bratislava,3,0
2014-15,2014-08-26,Qualifying,Playoff Round | Leg 2,Zenit St. Petersburg,Standard Liege,3,0
2014-15,2014-08-26,Qualifying,Playoff Round | Leg 2,FC Porto,Lille OSC,2,0
2014-15,2014-08-26,Qualifying,Playoff Round | Leg 2,Celtic,NK Maribor,0,1
2014-15,2014-08-27,Qualifying,Playoff Round | Leg 2,PFC Ludogorets Razgrad,Steaua Bucuresti,1,0
2014-15,2014-08-27,Qualifying,Playoff Round | Leg 2,Malmo FF,FC RB Salzburg,3,0
2014-15,2014-08-27,Qualifying,Playoff Round | Leg 2,Athletic Club,Napoli,3,1
2014-15,2014-08-27,Qualifying,Playoff Round | Leg 2,Arsenal,Beşiktaş İstanbul JK,1,0
2014-15,2014-08-27,Qualifying,Playoff Round | Leg 2,Leverkusen,Kobenhavn,4,0
2014-15,2014-09-16,Group,Matchday ?,Olympiacos,Atletico Madrid,3,2
2014-15,2014-09-16,Group,Matchday ?,Borussia Dortmund,Arsenal,2,0
2014-15,2014-09-16,Group,Matchday ?,Galatasaray İstanbul AŞ,RSC Anderlecht,1,1
2014-15,2014-09-16,Group,Matchday ?,Benfica,Zenit St. Petersburg,0,2
2014-15,2014-09-16,Group,Matchday ?,Monaco,Leverkusen,1,0
2014-15,2014-09-16,Group,Matchday ?,Real Madrid,Basel,5,1
2014-15,2014-09-16,Group,Matchday ?,Juventus,Malmo FF,2,0
2014-15,2014-09-16,Group,Matchday ?,Liverpool,PFC Ludogorets Razgrad,2,1
2014-15,2014-09-17,Group,Matchday ?,AS Roma,CSKA Moskva,5,1
2014-15,2014-09-17,Group,Matchday ?,FC Porto,BATE Borisov,6,0
2014-15,2014-09-17,Group,Matchday ?,Barcelona,APOEL Nikosia,1,0
2014-15,2014-09-17,Group,Matchday ?,Bayern Munich,Manchester City,1,0
2014-15,2014-09-17,Group,Matchday ?,Athletic Club,Shakhtar Donetsk,0,0
2014-15,2014-09-17,Group,Matchday ?,Chelsea,FC Schalke 04,1,1
2014-15,2014-09-17,Group,Matchday ?,NK Maribor,Sporting CP,1,1
2014-15,2014-09-17,Group,Matchday ?,AFC Ajax,Paris Saint-Germain,1,1
2014-15,2014-09-30,Group,Matchday ?,CSKA Moskva,Bayern Munich,0,1
2014-15,2014-09-30,Group,Matchday ?,Manchester City,AS Roma,1,1
2014-15,2014-09-30,Group,Matchday ?,Paris Saint-Germain,Barcelona,3,2
2014-15,2014-09-30,Group,Matchday ?,APOEL Nikosia,AFC Ajax,1,1
2014-15,2014-09-30,Group,Matchday ?,FC Schalke 04,NK Maribor,1,1
2014-15,2014-09-30,Group,Matchday ?,BATE Borisov,Athletic Club,2,1
2014-15,2014-09-30,Group,Matchday ?,Sporting CP,Chelsea,0,1
2014-15,2014-09-30,Group,Matchday ?,Shakhtar Donetsk,FC Porto,2,2
2014-15,2014-10-01,Group,Matchday ?,Leverkusen,Benfica,3,1
2014-15,2014-10-01,Group,Matchday ?,Arsenal,Galatasaray İstanbul AŞ,4,1
2014-15,2014-10-01,Group,Matchday ?,Zenit St. Petersburg,Monaco,0,0
2014-15,2014-10-01,Group,Matchday ?,RSC Anderlecht,Borussia Dortmund,0,3
2014-15,2014-10-01,Group,Matchday ?,PFC Ludogorets Razgrad,Real Madrid,1,2
2014-15,2014-10-01,Group,Matchday ?,Malmo FF,Olympiacos,2,0
2014-15,2014-10-01,Group,Matchday ?,Atletico Madrid,Juventus,1,0
2014-15,2014-10-01,Group,Matchday ?,Basel,Liverpool,1,0
2014-15,2014-10-21,Group,Matchday ?,Chelsea,NK Maribor,6,0
2014-15,2014-10-21,Group,Matchday ?,BATE Borisov,Shakhtar Donetsk,0,7
2014-15,2014-10-21,Group,Matchday ?,FC Porto,Athletic Club,2,1
2014-15,2014-10-21,Group,Matchday ?,FC Schalke 04,Sporting CP,4,3
2014-15,2014-10-21,Group,Matchday ?,AS Roma,Bayern Munich,1,7
2014-15,2014-10-21,Group,Matchday ?,APOEL Nikosia,Paris Saint-Germain,0,1
2014-15,2014-10-21,Group,Matchday ?,CSKA Moskva,Manchester City,2,2
2014-15,2014-10-21,Group,Matchday ?,Barcelona,AFC Ajax,3,1
2014-15,2014-10-22,Group,Matchday ?,Olympiacos,Juventus,1,0
2014-15,2014-10-22,Group,Matchday ?,Atletico Madrid,Malmo FF,5,0
2014-15,2014-10-22,Group,Matchday ?,PFC Ludogorets Razgrad,Basel,1,0
2014-15,2014-10-22,Group,Matchday ?,Liverpool,Real Madrid,0,3
2014-15,2014-10-22,Group,Matchday ?,Leverkusen,Zenit St. Petersburg,2,0
2014-15,2014-10-22,Group,Matchday ?,Monaco,Benfica,0,0
2014-15,2014-10-22,Group,Matchday ?,RSC Anderlecht,Arsenal,1,2
2014-15,2014-10-22,Group,Matchday ?,Galatasaray İstanbul AŞ,Borussia Dortmund,0,4
2014-15,2014-11-04,Group,Matchday ?,Borussia Dortmund,Galatasaray İstanbul AŞ,4,1
2014-15,2014-11-04,Group,Matchday ?,Benfica,Monaco,1,0
2014-15,2014-11-04,Group,Matchday ?,Zenit St. Petersburg,Leverkusen,1,2
2014-15,2014-11-04,Group,Matchday ?,Arsenal,RSC Anderlecht,3,3
2014-15,2014-11-04,Group,Matchday ?,Basel,PFC Ludogorets Razgrad,4,0
2014-15,2014-11-04,Group,Matchday ?,Malmo FF,Atletico Madrid,0,2
2014-15,2014-11-04,Group,Matchday ?,Juventus,Olympiacos,3,2
2014-15,2014-11-04,Group,Matchday ?,Real Madrid,Liverpool,1,0
2014-15,2014-11-05,Group,Matchday ?,Shakhtar Donetsk,BATE Borisov,5,0
2014-15,2014-11-05,Group,Matchday ?,NK Maribor,Chelsea,1,1
2014-15,2014-11-05,Group,Matchday ?,Sporting CP,FC Schalke 04,4,2
2014-15,2014-11-05,Group,Matchday ?,Athletic Club,FC Porto,0,2
2014-15,2014-11-05,Group,Matchday ?,AFC Ajax,Barcelona,0,2
2014-15,2014-11-05,Group,Matchday ?,Manchester City,CSKA Moskva,1,2
2014-15,2014-11-05,Group,Matchday ?,Bayern Munich,AS Roma,2,0
2014-15,2014-11-05,Group,Matchday ?,Paris Saint-Germain,APOEL Nikosia,1,0
2014-15,2014-11-25,Group,Matchday ?,Manchester City,Bayern Munich,3,2
2014-15,2014-11-25,Group,Matchday ?,CSKA Moskva,AS Roma,1,1
2014-15,2014-11-25,Group,Matchday ?,Paris Saint-Germain,AFC Ajax,3,1
2014-15,2014-11-25,Group,Matchday ?,APOEL Nikosia,Barcelona,0,4
2014-15,2014-11-25,Group,Matchday ?,FC Schalke 04,Chelsea,0,5
2014-15,2014-11-25,Group,Matchday ?,BATE Borisov,FC Porto,0,3
2014-15,2014-11-25,Group,Matchday ?,Shakhtar Donetsk,Athletic Club,0,1
2014-15,2014-11-25,Group,Matchday ?,Sporting CP,NK Maribor,3,1
2014-15,2014-11-26,Group,Matchday ?,Basel,Real Madrid,0,1
2014-15,2014-11-26,Group,Matchday ?,Atletico Madrid,Olympiacos,4,0
2014-15,2014-11-26,Group,Matchday ?,Arsenal,Borussia Dortmund,2,0
2014-15,2014-11-26,Group,Matchday ?,Malmo FF,Juventus,0,2
2014-15,2014-11-26,Group,Matchday ?,Leverkusen,Monaco,0,1
2014-15,2014-11-26,Group,Matchday ?,RSC Anderlecht,Galatasaray İstanbul AŞ,2,0
2014-15,2014-11-26,Group,Matchday ?,Zenit St. Petersburg,Benfica,1,0
2014-15,2014-11-26,Group,Matchday ?,PFC Ludogorets Razgrad,Liverpool,2,2
2014-15,2014-12-09,Group,Matchday ?,Real Madrid,PFC Ludogorets Razgrad,4,0
2014-15,2014-12-09,Group,Matchday ?,Olympiacos,Malmo FF,4,2
2014-15,2014-12-09,Group,Matchday ?,Liverpool,Basel,1,1
2014-15,2014-12-09,Group,Matchday ?,Juventus,Atletico Madrid,0,0
2014-15,2014-12-09,Group,Matchday ?,Benfica,Leverkusen,0,0
2014-15,2014-12-09,Group,Matchday ?,Galatasaray İstanbul AŞ,Arsenal,1,4
2014-15,2014-12-09,Group,Matchday ?,Borussia Dortmund,RSC Anderlecht,1,1
2014-15,2014-12-09,Group,Matchday ?,Monaco,Zenit St. Petersburg,2,0
2014-15,2014-12-10,Group,Matchday ?,AS Roma,Manchester City,0,2
2014-15,2014-12-10,Group,Matchday ?,Barcelona,Paris Saint-Germain,3,1
2014-15,2014-12-10,Group,Matchday ?,Bayern Munich,CSKA Moskva,3,0
2014-15,2014-12-10,Group,Matchday ?,AFC Ajax,APOEL Nikosia,4,0
2014-15,2014-12-10,Group,Matchday ?,Athletic Club,BATE Borisov,2,0
2014-15,2014-12-10,Group,Matchday ?,FC Porto,Shakhtar Donetsk,1,1
2014-15,2014-12-10,Group,Matchday ?,NK Maribor,FC Schalke 04,0,1
2014-15,2014-12-10,Group,Matchday ?,Chelsea,Sporting CP,3,1
2014-15,2015-02-17,Knockout,Round of 16 | Leg 1,Paris Saint-Germain,Chelsea,1,1
2014-15,2015-02-17,Knockout,Round of 16 | Leg 1,Shakhtar Donetsk,Bayern Munich,0,0
2014-15,2015-02-18,Knockout,Round of 16 | Leg 1,FC Schalke 04,Real Madrid,0,2
2014-15,2015-02-18,Knockout,Round of 16 | Leg 1,Basel,FC Porto,1,1
2014-15,2015-02-24,Knockout,Round of 16 | Leg 1,Manchester City,Barcelona,1,2
2014-15,2015-02-24,Knockout,Round of 16 | Leg 1,Juventus,Borussia Dortmund,2,1
2014-15,2015-02-25,Knockout,Round of 16 | Leg 1,Arsenal,Monaco,1,3
2014-15,2015-02-25,Knockout,Round of 16 | Leg 1,Leverkusen,Atletico Madrid,1,0
2014-15,2015-03-10,Knockout,Round of 16 | Leg 2,FC Porto,Basel,4,0
2014-15,2015-03-10,Knockout,Round of 16 | Leg 2,Real Madrid,FC Schalke 04,3,4
2014-15,2015-03-11,Knockout,Round of 16 | Leg 2,Chelsea,Paris Saint-Germain,1,1
2014-15,2015-03-11,Knockout,Round of 16 | Leg 2,Bayern Munich,Shakhtar Donetsk,7,0
2014-15,2015-03-17,Knockout,Round of 16 | Leg 2,Monaco,Arsenal,0,2
2014-15,2015-03-17,Knockout,Round of 16 | Leg 2,Atletico Madrid,Leverkusen,1,0
2014-15,2015-03-18,Knockout,Round of 16 | Leg 2,Borussia Dortmund,Juventus,0,3
2014-15,2015-03-18,Knockout,Round of 16 | Leg 2,Barcelona,Manchester City,1,0
2014-15,2015-04-14,Knockout,Quarterfinals | Leg 1,Atletico Madrid,Real Madrid,0,0
2014-15,2015-04-14,Knockout,Quarterfinals | Leg 1,Juventus,Monaco,1,0
2014-15,2015-04-15,Knockout,Quarterfinals | Leg 1,Paris Saint-Germain,Barcelona,1,3
2014-15,2015-04-15,Knockout,Quarterfinals | Leg 1,FC Porto,Bayern Munich,3,1
2014-15,2015-04-21,Knockout,Quarterfinals | Leg 2,Bayern Munich,FC Porto,6,1
2014-15,2015-04-21,Knockout,Quarterfinals | Leg 2,Barcelona,Paris Saint-Germain,2,0
2014-15,2015-04-22,Knockout,Quarterfinals | Leg 2,Real Madrid,Atletico Madrid,1,0
2014-15,2015-04-22,Knockout,Quarterfinals | Leg 2,Monaco,Juventus,0,0
2014-15,2015-05-05,Knockout,Semifinals | Leg 1,Juventus,Real Madrid,2,1
2014-15,2015-05-06,Knockout,Semifinals | Leg 1,Barcelona,Bayern Munich,3,0
2014-15,2015-05-12,Knockout,Semifinals | Leg 2,Bayern Munich,Barcelona,3,2
2014-15,2015-05-13,Knockout,Semifinals | Leg 2,Real Madrid,Juventus,1,1
2014-15,2015-06-06,Knockout,Final,Barcelona,Juventus,3,1
2015-16,2015-06-30,Qualifying,Qual. Round 1 | Leg 1,Pyunik,S.S. Folgore Falciano Calcio,2,1
2015-16,2015-06-30,Qualifying,Qual. Round 1 | Leg 1,Crusaders,Levadia,0,0
2015-16,2015-06-30,Qualifying,Qual. Round 1 | Leg 1,Lincoln Red Imps,FC Santa Coloma,0,0
2015-16,2015-07-01,Qualifying,Qual. Round 1 | Leg 1,B36 Torshavn,The New Saints,1,2
2015-16,2015-07-07,Qualifying,Qual. Round 1 | Leg 2,FC Santa Coloma,Lincoln Red Imps,1,2
2015-16,2015-07-07,Qualifying,Qual. Round 1 | Leg 2,Levadia,Crusaders,1,1
2015-16,2015-07-07,Qualifying,Qual. Round 1 | Leg 2,S.S. Folgore Falciano Calcio,Pyunik,1,2
2015-16,2015-07-07,Qualifying,Qual. Round 1 | Leg 2,The New Saints,B36 Torshavn,4,1
2015-16,2015-07-14,Qualifying,Qual. Round 2 | Leg 1,FK Sarajevo,Lech Poznan,0,2
2015-16,2015-07-14,Qualifying,Qual. Round 2 | Leg 1,The New Saints,Videoton,0,1
2015-16,2015-07-14,Qualifying,Qual. Round 2 | Leg 1,APOEL Nikosia,Vardar Skopje,0,0
2015-16,2015-07-14,Qualifying,Qual. Round 2 | Leg 1,NK Maribor,Astana,1,0
2015-16,2015-07-14,Qualifying,Qual. Round 2 | Leg 1,Skenderbeu Korce,Crusaders,4,1
2015-16,2015-07-14,Qualifying,Qual. Round 2 | Leg 1,AS Trencin,Steaua Bucuresti,0,2
2015-16,2015-07-14,Qualifying,Qual. Round 2 | Leg 1,Ventspils,HJK Helsinki,1,3
2015-16,2015-07-14,Qualifying,Qual. Round 2 | Leg 1,Midtjylland,Lincoln Red Imps,1,0
2015-16,2015-07-14,Qualifying,Qual. Round 2 | Leg 1,Molde FK,Pyunik,5,0
2015-16,2015-07-14,Qualifying,Qual. Round 2 | Leg 1,PFC Ludogorets Razgrad,Milsami Orhei,0,1
2015-16,2015-07-14,Qualifying,Qual. Round 2 | Leg 1,Partizan Belgrade,Dila Gori,1,0
2015-16,2015-07-14,Qualifying,Qual. Round 2 | Leg 1,Hibernians,Maccabi Tel Aviv,2,1
2015-16,2015-07-15,Qualifying,Qual. Round 2 | Leg 1,Malmo FF,Zalgiris Vilnius,0,0
2015-16,2015-07-15,Qualifying,Qual. Round 2 | Leg 1,Dinamo Zagreb,Fola Esch,1,1
2015-16,2015-07-15,Qualifying,Qual. Round 2 | Leg 1,Qarabag,FK Rudar Pljevlja,0,0
2015-16,2015-07-15,Qualifying,Qual. Round 2 | Leg 1,BATE Borisov,Dundalk,2,1
2015-16,2015-07-15,Qualifying,Qual. Round 2 | Leg 1,Celtic,Stjarnan,2,0
2015-16,2015-07-21,Qualifying,Qual. Round 2 | Leg 2,Crusaders,Skenderbeu Korce,3,2
2015-16,2015-07-21,Qualifying,Qual. Round 2 | Leg 2,Maccabi Tel Aviv,Hibernians,5,1
2015-16,2015-07-21,Qualifying,Qual. Round 2 | Leg 2,Dila Gori,Partizan Belgrade,0,2
2015-16,2015-07-21,Qualifying,Qual. Round 2 | Leg 2,Vardar Skopje,APOEL Nikosia,1,1
2015-16,2015-07-21,Qualifying,Qual. Round 2 | Leg 2,Zalgiris Vilnius,Malmo FF,0,1
2015-16,2015-07-21,Qualifying,Qual. Round 2 | Leg 2,Pyunik,Molde FK,1,0
2015-16,2015-07-21,Qualifying,Qual. Round 2 | Leg 2,HJK Helsinki,Ventspils,1,0
2015-16,2015-07-21,Qualifying,Qual. Round 2 | Leg 2,Milsami Orhei,PFC Ludogorets Razgrad,2,1
2015-16,2015-07-21,Qualifying,Qual. Round 2 | Leg 2,Lincoln Red Imps,Midtjylland,0,2
2015-16,2015-07-22,Qualifying,Qual. Round 2 | Leg 2,Videoton,The New Saints,1,1
2015-16,2015-07-22,Qualifying,Qual. Round 2 | Leg 2,Lech Poznan,FK Sarajevo,1,0
2015-16,2015-07-22,Qualifying,Qual. Round 2 | Leg 2,FK Rudar Pljevlja,Qarabag,0,1
2015-16,2015-07-22,Qualifying,Qual. Round 2 | Leg 2,Fola Esch,Dinamo Zagreb,0,3
2015-16,2015-07-22,Qualifying,Qual. Round 2 | Leg 2,Dundalk,BATE Borisov,0,0
2015-16,2015-07-22,Qualifying,Qual. Round 2 | Leg 2,Steaua Bucuresti,AS Trencin,2,3
2015-16,2015-07-22,Qualifying,Qual. Round 2 | Leg 2,Astana,NK Maribor,3,1
2015-16,2015-07-22,Qualifying,Qual. Round 2 | Leg 2,Stjarnan,Celtic,1,4
2015-16,2015-07-28,Qualifying,Qual. Round 3 | Leg 1,Midtjylland,APOEL Nikosia,1,2
2015-16,2015-07-28,Qualifying,Qual. Round 3 | Leg 1,Dinamo Zagreb,Molde FK,1,1
2015-16,2015-07-28,Qualifying,Qual. Round 3 | Leg 1,Young Boys,Monaco,1,3
2015-16,2015-07-28,Qualifying,Qual. Round 3 | Leg 1,Milsami Orhei,Skenderbeu Korce,0,2
2015-16,2015-07-28,Qualifying,Qual. Round 3 | Leg 1,Panathinaikos FC,Club Brugge,2,1
2015-16,2015-07-28,Qualifying,Qual. Round 3 | Leg 1,CSKA Moskva,Sparta Praha,2,2
2015-16,2015-07-28,Qualifying,Qual. Round 3 | Leg 1,Fenerbahçe İstanbul SK,Shakhtar Donetsk,0,0
2015-16,2015-07-28,Qualifying,Qual. Round 3 | Leg 1,Maccabi Tel Aviv,Viktoria Plzen,1,2
2015-16,2015-07-28,Qualifying,Qual. Round 3 | Leg 1,Videoton,BATE Borisov,1,1
2015-16,2015-07-29,Qualifying,Qual. Round 3 | Leg 1,Steaua Bucuresti,Partizan Belgrade,1,1
2015-16,2015-07-29,Qualifying,Qual. Round 3 | Leg 1,FC RB Salzburg,Malmo FF,2,0
2015-16,2015-07-29,Qualifying,Qual. Round 3 | Leg 1,Celtic,Qarabag,1,0
2015-16,2015-07-29,Qualifying,Qual. Round 3 | Leg 1,Rapid Wien,AFC Ajax,2,2
2015-16,2015-07-29,Qualifying,Qual. Round 3 | Leg 1,Lech Poznan,Basel,1,3
2015-16,2015-07-29,Qualifying,Qual. Round 3 | Leg 1,HJK Helsinki,Astana,0,0
2015-16,2015-08-04,Qualifying,Qual. Round 3 | Leg 2,APOEL Nikosia,Midtjylland,0,1
2015-16,2015-08-04,Qualifying,Qual. Round 3 | Leg 2,Molde FK,Dinamo Zagreb,3,3
2015-16,2015-08-04,Qualifying,Qual. Round 3 | Leg 2,AFC Ajax,Rapid Wien,2,3
2015-16,2015-08-04,Qualifying,Qual. Round 3 | Leg 2,Monaco,Young Boys,4,0
2015-16,2015-08-05,Qualifying,Qual. Round 3 | Leg 2,Malmo FF,FC RB Salzburg,3,0
2015-16,2015-08-05,Qualifying,Qual. Round 3 | Leg 2,Viktoria Plzen,Maccabi Tel Aviv,0,2
2015-16,2015-08-05,Qualifying,Qual. Round 3 | Leg 2,Sparta Praha,CSKA Moskva,2,3
2015-16,2015-08-05,Qualifying,Qual. Round 3 | Leg 2,Skenderbeu Korce,Milsami Orhei,2,0
2015-16,2015-08-05,Qualifying,Qual. Round 3 | Leg 2,Shakhtar Donetsk,Fenerbahçe İstanbul SK,3,0
2015-16,2015-08-05,Qualifying,Qual. Round 3 | Leg 2,BATE Borisov,Videoton,1,0
2015-16,2015-08-05,Qualifying,Qual. Round 3 | Leg 2,Basel,Lech Poznan,1,0
2015-16,2015-08-05,Qualifying,Qual. Round 3 | Leg 2,Club Brugge,Panathinaikos FC,3,0
2015-16,2015-08-05,Qualifying,Qual. Round 3 | Leg 2,Astana,HJK Helsinki,4,3
2015-16,2015-08-05,Qualifying,Qual. Round 3 | Leg 2,Partizan Belgrade,Steaua Bucuresti,4,2
2015-16,2015-08-05,Qualifying,Qual. Round 3 | Leg 2,Qarabag,Celtic,0,0
2015-16,2015-08-18,Qualifying,Playoff Round | Leg 1,Astana,APOEL Nikosia,1,0
2015-16,2015-08-18,Qualifying,Playoff Round | Leg 1,SS Lazio,Leverkusen,1,0
2015-16,2015-08-18,Qualifying,Playoff Round | Leg 1,Manchester United,Club Brugge,3,1
2015-16,2015-08-18,Qualifying,Playoff Round | Leg 1,BATE Borisov,Partizan Belgrade,1,0
2015-16,2015-08-18,Qualifying,Playoff Round | Leg 1,Sporting CP,CSKA Moskva,2,1
2015-16,2015-08-19,Qualifying,Playoff Round | Leg 1,Valencia CF,Monaco,3,1
2015-16,2015-08-19,Qualifying,Playoff Round | Leg 1,Rapid Wien,Shakhtar Donetsk,0,1
2015-16,2015-08-19,Qualifying,Playoff Round | Leg 1,Skenderbeu Korce,Dinamo Zagreb,1,2
2015-16,2015-08-19,Qualifying,Playoff Round | Leg 1,Celtic,Malmo FF,3,2
2015-16,2015-08-19,Qualifying,Playoff Round | Leg 1,Basel,Maccabi Tel Aviv,2,2
2015-16,2015-08-25,Qualifying,Playoff Round | Leg 2,Malmo FF,Celtic,2,0
2015-16,2015-08-25,Qualifying,Playoff Round | Leg 2,Dinamo Zagreb,Skenderbeu Korce,4,1
2015-16,2015-08-25,Qualifying,Playoff Round | Leg 2,Shakhtar Donetsk,Rapid Wien,2,2
2015-16,2015-08-25,Qualifying,Playoff Round | Leg 2,Maccabi Tel Aviv,Basel,1,1
2015-16,2015-08-25,Qualifying,Playoff Round | Leg 2,Monaco,Valencia CF,2,1
2015-16,2015-08-26,Qualifying,Playoff Round | Leg 2,Leverkusen,SS Lazio,3,0
2015-16,2015-08-26,Qualifying,Playoff Round | Leg 2,APOEL Nikosia,Astana,1,1
2015-16,2015-08-26,Qualifying,Playoff Round | Leg 2,Club Brugge,Manchester United,0,4
2015-16,2015-08-26,Qualifying,Playoff Round | Leg 2,CSKA Moskva,Sporting CP,3,1
2015-16,2015-08-26,Qualifying,Playoff Round | Leg 2,Partizan Belgrade,BATE Borisov,2,1
2015-16,2015-09-15,Group,Matchday ?,Sevilla FC,Borussia Monchengladbach,3,0
2015-16,2015-09-15,Group,Matchday ?,Manchester City,Juventus,1,2
2015-16,2015-09-15,Group,Matchday ?,Galatasaray İstanbul AŞ,Atletico Madrid,0,2
2015-16,2015-09-15,Group,Matchday ?,Benfica,Astana,2,0
2015-16,2015-09-15,Group,Matchday ?,Real Madrid,Shakhtar Donetsk,4,0
2015-16,2015-09-15,Group,Matchday ?,VfL Wolfsburg,CSKA Moskva,1,0
2015-16,2015-09-15,Group,Matchday ?,Paris Saint-Germain,Malmo FF,2,0
2015-16,2015-09-15,Group,Matchday ?,PSV Eindhoven,Manchester United,2,1
2015-16,2015-09-16,Group,Matchday ?,KAA Gent,Olympique Lyon,1,1
2015-16,2015-09-16,Group,Matchday ?,Chelsea,Maccabi Tel Aviv,4,0
2015-16,2015-09-16,Group,Matchday ?,Valencia CF,Zenit St. Petersburg,2,3
2015-16,2015-09-16,Group,Matchday ?,Olympiacos,Bayern Munich,0,3
2015-16,2015-09-16,Group,Matchday ?,Leverkusen,BATE Borisov,4,1
2015-16,2015-09-16,Group,Matchday ?,Dinamo Kiev,FC Porto,2,2
2015-16,2015-09-16,Group,Matchday ?,Dinamo Zagreb,Arsenal,2,1
2015-16,2015-09-16,Group,Matchday ?,AS Roma,Barcelona,1,1
2015-16,2015-09-29,Group,Matchday ?,Olympique Lyon,Valencia CF,0,1
2015-16,2015-09-29,Group,Matchday ?,Barcelona,Leverkusen,2,1
2015-16,2015-09-29,Group,Matchday ?,BATE Borisov,AS Roma,3,2
2015-16,2015-09-29,Group,Matchday ?,Bayern Munich,Dinamo Zagreb,5,0
2015-16,2015-09-29,Group,Matchday ?,Arsenal,Olympiacos,2,3
2015-16,2015-09-29,Group,Matchday ?,FC Porto,Chelsea,2,1
2015-16,2015-09-29,Group,Matchday ?,Maccabi Tel Aviv,Dinamo Kiev,0,2
2015-16,2015-09-29,Group,Matchday ?,Zenit St. Petersburg,KAA Gent,2,1
2015-16,2015-09-30,Group,Matchday ?,Astana,Galatasaray İstanbul AŞ,2,2
2015-16,2015-09-30,Group,Matchday ?,Borussia Monchengladbach,Manchester City,1,2
2015-16,2015-09-30,Group,Matchday ?,Juventus,Sevilla FC,2,0
2015-16,2015-09-30,Group,Matchday ?,Atletico Madrid,Benfica,1,2
2015-16,2015-09-30,Group,Matchday ?,Manchester United,VfL Wolfsburg,2,1
2015-16,2015-09-30,Group,Matchday ?,Shakhtar Donetsk,Paris Saint-Germain,0,3
2015-16,2015-09-30,Group,Matchday ?,Malmo FF,Real Madrid,0,2
2015-16,2015-09-30,Group,Matchday ?,CSKA Moskva,PSV Eindhoven,3,2
2015-16,2015-10-20,Group,Matchday ?,FC Porto,Maccabi Tel Aviv,2,0
2015-16,2015-10-20,Group,Matchday ?,Zenit St. Petersburg,Olympique Lyon,3,1
2015-16,2015-10-20,Group,Matchday ?,Valencia CF,KAA Gent,2,1
2015-16,2015-10-20,Group,Matchday ?,Dinamo Kiev,Chelsea,0,0
2015-16,2015-10-20,Group,Matchday ?,Arsenal,Bayern Munich,2,0
2015-16,2015-10-20,Group,Matchday ?,BATE Borisov,Barcelona,0,2
2015-16,2015-10-20,Group,Matchday ?,Leverkusen,AS Roma,4,4
2015-16,2015-10-20,Group,Matchday ?,Dinamo Zagreb,Olympiacos,0,1
2015-16,2015-10-21,Group,Matchday ?,Juventus,Borussia Monchengladbach,0,0
2015-16,2015-10-21,Group,Matchday ?,Manchester City,Sevilla FC,2,1
2015-16,2015-10-21,Group,Matchday ?,Atletico Madrid,Astana,4,0
2015-16,2015-10-21,Group,Matchday ?,Galatasaray İstanbul AŞ,Benfica,2,1
2015-16,2015-10-21,Group,Matchday ?,VfL Wolfsburg,PSV Eindhoven,2,0
2015-16,2015-10-21,Group,Matchday ?,Malmo FF,Shakhtar Donetsk,1,0
2015-16,2015-10-21,Group,Matchday ?,Paris Saint-Germain,Real Madrid,0,0
2015-16,2015-10-21,Group,Matchday ?,CSKA Moskva,Manchester United,1,1
2015-16,2015-11-03,Group,Matchday ?,Real Madrid,Paris Saint-Germain,1,0
2015-16,2015-11-03,Group,Matchday ?,Shakhtar Donetsk,Malmo FF,4,0
2015-16,2015-11-03,Group,Matchday ?,Manchester United,CSKA Moskva,1,0
2015-16,2015-11-03,Group,Matchday ?,PSV Eindhoven,VfL Wolfsburg,2,0
2015-16,2015-11-03,Group,Matchday ?,Benfica,Galatasaray İstanbul AŞ,2,1
2015-16,2015-11-03,Group,Matchday ?,Astana,Atletico Madrid,0,0
2015-16,2015-11-03,Group,Matchday ?,Sevilla FC,Manchester City,1,3
2015-16,2015-11-03,Group,Matchday ?,Borussia Monchengladbach,Juventus,1,1
2015-16,2015-11-04,Group,Matchday ?,KAA Gent,Valencia CF,1,0
2015-16,2015-11-04,Group,Matchday ?,Olympique Lyon,Zenit St. Petersburg,0,2
2015-16,2015-11-04,Group,Matchday ?,Chelsea,Dinamo Kiev,2,1
2015-16,2015-11-04,Group,Matchday ?,Maccabi Tel Aviv,FC Porto,1,3
2015-16,2015-11-04,Group,Matchday ?,Barcelona,BATE Borisov,3,0
2015-16,2015-11-04,Group,Matchday ?,Bayern Munich,Arsenal,5,1
2015-16,2015-11-04,Group,Matchday ?,AS Roma,Leverkusen,3,2
2015-16,2015-11-04,Group,Matchday ?,Olympiacos,Dinamo Zagreb,2,1
2015-16,2015-11-24,Group,Matchday ?,Olympique Lyon,KAA Gent,1,2
2015-16,2015-11-24,Group,Matchday ?,Maccabi Tel Aviv,Chelsea,0,4
2015-16,2015-11-24,Group,Matchday ?,FC Porto,Dinamo Kiev,0,2
2015-16,2015-11-24,Group,Matchday ?,Zenit St. Petersburg,Valencia CF,2,0
2015-16,2015-11-24,Group,Matchday ?,Arsenal,Dinamo Zagreb,3,0
2015-16,2015-11-24,Group,Matchday ?,Barcelona,AS Roma,6,1
2015-16,2015-11-24,Group,Matchday ?,BATE Borisov,Leverkusen,1,1
2015-16,2015-11-24,Group,Matchday ?,Bayern Munich,Olympiacos,4,0
2015-16,2015-11-25,Group,Matchday ?,Shakhtar Donetsk,Real Madrid,3,4
2015-16,2015-11-25,Group,Matchday ?,CSKA Moskva,VfL Wolfsburg,0,2
2015-16,2015-11-25,Group,Matchday ?,Manchester United,PSV Eindhoven,0,0
2015-16,2015-11-25,Group,Matchday ?,Malmo FF,Paris Saint-Germain,0,5
2015-16,2015-11-25,Group,Matchday ?,Juventus,Manchester City,1,0
2015-16,2015-11-25,Group,Matchday ?,Borussia Monchengladbach,Sevilla FC,4,2
2015-16,2015-11-25,Group,Matchday ?,Astana,Benfica,2,2
2015-16,2015-11-25,Group,Matchday ?,Atletico Madrid,Galatasaray İstanbul AŞ,2,0
2015-16,2015-12-08,Group,Matchday ?,Paris Saint-Germain,Shakhtar Donetsk,2,0
2015-16,2015-12-08,Group,Matchday ?,Real Madrid,Malmo FF,8,0
2015-16,2015-12-08,Group,Matchday ?,PSV Eindhoven,CSKA Moskva,2,1
2015-16,2015-12-08,Group,Matchday ?,VfL Wolfsburg,Manchester United,3,2
2015-16,2015-12-08,Group,Matchday ?,Benfica,Atletico Madrid,1,2
2015-16,2015-12-08,Group,Matchday ?,Manchester City,Borussia Monchengladbach,4,2
2015-16,2015-12-08,Group,Matchday ?,Galatasaray İstanbul AŞ,Astana,1,1
2015-16,2015-12-08,Group,Matchday ?,Sevilla FC,Juventus,1,0
2015-16,2015-12-09,Group,Matchday ?,KAA Gent,Zenit St. Petersburg,2,1
2015-16,2015-12-09,Group,Matchday ?,Chelsea,FC Porto,2,0
2015-16,2015-12-09,Group,Matchday ?,Valencia CF,Olympique Lyon,0,2
2015-16,2015-12-09,Group,Matchday ?,Dinamo Kiev,Maccabi Tel Aviv,1,0
2015-16,2015-12-09,Group,Matchday ?,Olympiacos,Arsenal,0,3
2015-16,2015-12-09,Group,Matchday ?,Leverkusen,Barcelona,1,1
2015-16,2015-12-09,Group,Matchday ?,Dinamo Zagreb,Bayern Munich,0,2
2015-16,2015-12-09,Group,Matchday ?,AS Roma,BATE Borisov,0,0
2015-16,2016-02-16,Knockout,Round of 16 | Leg 1,Benfica,Zenit St. Petersburg,1,0
2015-16,2016-02-16,Knockout,Round of 16 | Leg 1,Paris Saint-Germain,Chelsea,2,1
2015-16,2016-02-17,Knockout,Round of 16 | Leg 1,KAA Gent,VfL Wolfsburg,2,3
2015-16,2016-02-17,Knockout,Round of 16 | Leg 1,AS Roma,Real Madrid,0,2
2015-16,2016-02-23,Knockout,Round of 16 | Leg 1,Juventus,Bayern Munich,2,2
2015-16,2016-02-23,Knockout,Round of 16 | Leg 1,Arsenal,Barcelona,0,2
2015-16,2016-02-24,Knockout,Round of 16 | Leg 1,Dinamo Kiev,Manchester City,1,3
2015-16,2016-02-24,Knockout,Round of 16 | Leg 1,PSV Eindhoven,Atletico Madrid,0,0
2015-16,2016-03-08,Knockout,Round of 16 | Leg 2,VfL Wolfsburg,KAA Gent,1,0
2015-16,2016-03-08,Knockout,Round of 16 | Leg 2,Real Madrid,AS Roma,2,0
2015-16,2016-03-09,Knockout,Round of 16 | Leg 2,Chelsea,Paris Saint-Germain,1,2
2015-16,2016-03-09,Knockout,Round of 16 | Leg 2,Zenit St. Petersburg,Benfica,1,2
2015-16,2016-03-15,Knockout,Round of 16 | Leg 2,Manchester City,Dinamo Kiev,0,0
2015-16,2016-03-15,Knockout,Round of 16 | Leg 2,Atletico Madrid,PSV Eindhoven,0,0
2015-16,2016-03-16,Knockout,Round of 16 | Leg 2,Bayern Munich,Juventus,2,2
2015-16,2016-03-16,Knockout,Round of 16 | Leg 2,Barcelona,Arsenal,3,1
2015-16,2016-04-05,Knockout,Quarterfinals | Leg 1,Barcelona,Atletico Madrid,2,1
2015-16,2016-04-05,Knockout,Quarterfinals | Leg 1,Bayern Munich,Benfica,1,0
2015-16,2016-04-06,Knockout,Quarterfinals | Leg 1,VfL Wolfsburg,Real Madrid,2,0
2015-16,2016-04-06,Knockout,Quarterfinals | Leg 1,Paris Saint-Germain,Manchester City,2,2
2015-16,2016-04-12,Knockout,Quarterfinals | Leg 2,Real Madrid,VfL Wolfsburg,3,0
2015-16,2016-04-12,Knockout,Quarterfinals | Leg 2,Manchester City,Paris Saint-Germain,1,0
2015-16,2016-04-13,Knockout,Quarterfinals | Leg 2,Benfica,Bayern Munich,2,2
2015-16,2016-04-13,Knockout,Quarterfinals | Leg 2,Atletico Madrid,Barcelona,2,0
2015-16,2016-04-26,Knockout,Semifinals | Leg 1,Manchester City,Real Madrid,0,0
2015-16,2016-04-27,Knockout,Semifinals | Leg 1,Atletico Madrid,Bayern Munich,1,0
2015-16,2016-05-03,Knockout,Semifinals | Leg 2,Bayern Munich,Atletico Madrid,2,1
2015-16,2016-05-04,Knockout,Semifinals | Leg 2,Real Madrid,Manchester City,1,0
2015-16,2016-05-28,Knockout,Final,Real Madrid,Atletico Madrid,1,1
2023-24,2023-09-19,Group,Matchday 1,Feyenoord,Celtic,2,0
2023-24,2023-09-19,Group,Matchday 1,Paris,Dortmund,2,0
2023-24,2023-09-19,Group,Matchday 1,Manchester City,Crvena zvezda,3,1
2023-24,2023-09-19,Group,Matchday 1,Shakhtar Donetsk,Porto,1,3
2023-24,2023-09-19,Group,Matchday 1,Barcelona,Antwerp,5,0
2023-24,2023-09-19,Group,Matchday 1,Young Boys,Leipzig,1,3
2023-24,2023-09-19,Group,Matchday 1,Lazio,Atletico Madrid,1,1
2023-24,2023-09-19,Group,Matchday 1,Milan,Newcastle,0,0
2023-24,2023-09-20,Group,Matchday 1,Benfica,Salzburg,0,2
2023-24,2023-09-20,Group,Matchday 1,Real Sociedad,Inter,1,1
2023-24,2023-09-20,Group,Matchday 1,Real Madrid,Union Berlin,1,0
2023-24,2023-09-20,Group,Matchday 1,Bayern,Manchester United,4,3
2023-24,2023-09-20,Group,Matchday 1,Sevilla,Lens,1,1
2023-24,2023-09-20,Group,Matchday 1,Arsenal,PSV Eindhoven,4,0
2023-24,2023-09-20,Group,Matchday 1,Braga,Napoli,1,2
2023-24,2023-09-20,Group,Matchday 1,Galatasaray,Copenhagen,2,2
2023-24,2023-10-03,Group,Matchday 2,Lens,Arsenal,2,1
2023-24,2023-10-03,Group,Matchday 2,Copenhagen,Bayern,1,2
2023-24,2023-10-03,Group,Matchday 2,Inter,Benfica,1,0
2023-24,2023-10-03,Group,Matchday 2,PSV Eindhoven,Sevilla,2,2
2023-24,2023-10-03,Group,Matchday 2,Salzburg,Real Sociedad,0,2
2023-24,2023-10-03,Group,Matchday 2,Union Berlin,Braga,2,3
2023-24,2023-10-03,Group,Matchday 2,Napoli,Real Madrid,2,3
2023-24,2023-10-03,Group,Matchday 2,Manchester United,Galatasaray,2,3
2023-24,2023-10-04,Group,Matchday 2,Porto,Barcelona,0,1
2023-24,2023-10-04,Group,Matchday 2,Antwerp,Shakhtar Donetsk,2,3
2023-24,2023-10-04,Group,Matchday 2,Celtic,Lazio,1,2
2023-24,2023-10-04,Group,Matchday 2,Dortmund,Milan,0,0
2023-24,2023-10-04,Group,Matchday 2,Newcastle,Paris,4,1
2023-24,2023-10-04,Group,Matchday 2,Leipzig,Manchester City,1,3
2023-24,2023-10-04,Group,Matchday 2,Crvena zvezda,Young Boys,2,2
2023-24,2023-10-04,Group,Matchday 2,Atletico Madrid,Feyenoord,3,2
2023-24,2023-10-24,Group,Matchday 3,Manchester United,Copenhagen,1,0
2023-24,2023-10-24,Group,Matchday 3,Sevilla,Arsenal,1,2
2023-24,2023-10-24,Group,Matchday 3,Lens,PSV Eindhoven,1,1
2023-24,2023-10-24,Group,Matchday 3,Benfica,Real Sociedad,0,1
2023-24,2023-10-24,Group,Matchday 3,Galatasaray,Bayern,1,3
2023-24,2023-10-24,Group,Matchday 3,Braga,Real Madrid,1,2
2023-24,2023-10-24,Group,Matchday 3,Inter,Salzburg,2,1
2023-24,2023-10-24,Group,Matchday 3,Union Berlin,Napoli,0,1
2023-24,2023-10-25,Group,Matchday 3,Barcelona,Shakhtar Donetsk,2,1
2023-24,2023-10-25,Group,Matchday 3,Celtic,Atletico Madrid,2,2
2023-24,2023-10-25,Group,Matchday 3,Paris,Milan,3,0
2023-24,2023-10-25,Group,Matchday 3,Newcastle,Dortmund,0,1
2023-24,2023-10-25,Group,Matchday 3,Leipzig,Crvena zvezda,3,1
2023-24,2023-10-25,Group,Matchday 3,Young Boys,Manchester City,1,3
2023-24,2023-10-25,Group,Matchday 3,Antwerp,Porto,1,4
2023-24,2023-10-25,Group,Matchday 3,Feyenoord,Lazio,3,1
2023-24,2023-11-07,Group,Matchday 4,Shakhtar Donetsk,Barcelona,1,0
2023-24,2023-11-07,Group,Matchday 4,Dortmund,Newcastle,2,0
2023-24,2023-11-07,Group,Matchday 4,Atletico Madrid,Celtic,6,0
2023-24,2023-11-07,Group,Matchday 4,Crvena zvezda,Leipzig,1,2
2023-24,2023-11-07,Group,Matchday 4,Milan,Paris,2,1
2023-24,2023-11-07,Group,Matchday 4,Manchester City,Young Boys,3,0
2023-24,2023-11-07,Group,Matchday 4,Porto,Antwerp,2,0
2023-24,2023-11-07,Group,Matchday 4,Lazio,Feyenoord,1,0
2023-24,2023-11-08,Group,Matchday 4,Bayern,Galatasaray,2,1
2023-24,2023-11-08,Group,Matchday 4,Real Sociedad,Benfica,3,1
2023-24,2023-11-08,Group,Matchday 4,PSV Eindhoven,Lens,1,0
2023-24,2023-11-08,Group,Matchday 4,Arsenal,Sevilla,2,0
2023-24,2023-11-08,Group,Matchday 4,Copenhagen,Manchester United,4,3
2023-24,2023-11-08,Group,Matchday 4,Napoli,Union Berlin,1,1
2023-24,2023-11-08,Group,Matchday 4,Real Madrid,Braga,3,0
2023-24,2023-11-08,Group,Matchday 4,Salzburg,Inter,0,1
2023-24,2023-11-28,Group,Matchday 5,Barcelona,Porto,2,1
2023-24,2023-11-28,Group,Matchday 5,Shakhtar Donetsk,Antwerp,1,0
2023-24,2023-11-28,Group,Matchday 5,Manchester City,Leipzig,3,2
2023-24,2023-11-28,Group,Matchday 5,Milan,Dortmund,1,3
2023-24,2023-11-28,Group,Matchday 5,Paris,Newcastle,1,1
2023-24,2023-11-28,Group,Matchday 5,Feyenoord,Atletico Madrid,1,3
2023-24,2023-11-28,Group,Matchday 5,Lazio,Celtic,2,0
2023-24,2023-11-28,Group,Matchday 5,Young Boys,Crvena zvezda,2,0
2023-24,2023-11-29,Group,Matchday 5,Real Madrid,Napoli,4,2
2023-24,2023-11-29,Group,Matchday 5,Braga,Union Berlin,1,1
2023-24,2023-11-29,Group,Matchday 5,Benfica,Inter,3,3
2023-24,2023-11-29,Group,Matchday 5,Real Sociedad,Salzburg,0,0
2023-24,2023-11-29,Group,Matchday 5,Arsenal,Lens,6,0
2023-24,2023-11-29,Group,Matchday 5,Bayern,Copenhagen,0,0
2023-24,2023-11-29,Group,Matchday 5,Galatasaray,Manchester United,3,3
2023-24,2023-11-29,Group,Matchday 5,Sevilla,PSV Eindhoven,2,3
2023-24,2023-12-12,Group,Matchday 6,Lens,Sevilla,2,1
2023-24,2023-12-12,Group,Matchday 6,PSV Eindhoven,Arsenal,1,1
2023-24,2023-12-12,Group,Matchday 6,Manchester United,Bayern,0,1
2023-24,2023-12-12,Group,Matchday 6,Copenhagen,Galatasaray,1,0
2023-24,2023-12-12,Group,Matchday 6,Union Berlin,Real Madrid,2,3
2023-24,2023-12-12,Group,Matchday 6,Inter,Real Sociedad,0,0
2023-24,2023-12-12,Group,Matchday 6,Salzburg,Benfica,1,3
2023-24,2023-12-12,Group,Matchday 6,Napoli,Braga,2,0
2023-24,2023-12-13,Group,Matchday 6,Porto,Shakhtar Donetsk,5,3
2023-24,2023-12-13,Group,Matchday 6,Crvena zvezda,Manchester City,2,3
2023-24,2023-12-13,Group,Matchday 6,Atletico Madrid,Lazio,2,0
2023-24,2023-12-13,Group,Matchday 6,Celtic,Feyenoord,2,1
2023-24,2023-12-13,Group,Matchday 6,Dortmund,Paris,1,1
2023-24,2023-12-13,Group,Matchday 6,Newcastle,Milan,1,2
2023-24,2023-12-13,Group,Matchday 6,Antwerp,Barcelona,3,2
2023-24,2023-12-13,Group,Matchday 6,Leipzig,Young Boys,2,1
2023-24,2024-02-13,Knockout,Round of 16 Leg 1,Copenhagen,Manchester City,1,3
2023-24,2024-02-13,Knockout,Round of 16 Leg 1,Leipzig,Real Madrid,0,1
2023-24,2024-02-14,Knockout,Round of 16 Leg 1,Paris,Real Sociedad,2,0
2023-24,2024-02-14,Knockout,Round of 16 Leg 1,Lazio,Bayern,1,0
2023-24,2024-02-20,Knockout,Round of 16 Leg 1,PSV,Dortmund,1,1
2023-24,2024-02-20,Knockout,Round of 16 Leg 1,Inter,Atletico Madrid,1,0
2023-24,2024-02-21,Knockout,Round of 16 Leg 1,Porto,Arsenal,1,0
2023-24,2024-02-21,Knockout,Round of 16 Leg 1,Napoli,Barcelona,1,1
2023-24,2024-03-05,Knockout,Round of 16 Leg 2,Bayern,Lazio,3,0
2023-24,2024-03-05,Knockout,Round of 16 Leg 2,Real Sociedad,Paris,1,2
2023-24,2024-03-06,Knockout,Round of 16 Leg 2,Manchester City,Copenhagen,3,1
2023-24,2024-03-06,Knockout,Round of 16 Leg 2,Real Madrid,Leipzig,1,1
2023-24,2024-03-12,Knockout,Round of 16 Leg 2,Arsenal,Porto,1,0
2023-24,2024-03-12,Knockout,Round of 16 Leg 2,Barcelona,Napoli,3,1
2023-24,2024-03-13,Knockout,Round of 16 Leg 2,Atletico Madrid,Inter,2,1
2023-24,2024-03-13,Knockout,Round of 16 Leg 2,Dortmund,PSV,2,0
2023-24,2024-04-09,Knockout,Quarter-finals Leg 1,Arsenal,Bayern,2,2
2023-24,2024-04-09,Knockout,Quarter-finals Leg 1,Real Madrid,Manchester City,3,3
2023-24,2024-04-10,Knockout,Quarter-finals Leg 1,Paris,Barcelona,2,3
2023-24,2024-04-10,Knockout,Quarter-finals Leg 1,Atletico Madrid,Dortmund,2,1
2023-24,2024-04-16,Knockout,Quarter-finals Leg 2,Barcelona,Paris,1,4
2023-24,2024-04-16,Knockout,Quarter-finals Leg 2,Dortmund,Atletico Madrid,4,2
2023-24,2024-04-17,Knockout,Quarter-finals Leg 2,Bayern,Arsenal,1,0
2023-24,2024-04-17,Knockout,Quarter-finals Leg 2,Manchester City,Real Madrid,1,1
2023-24,2024-04-30,Knockout,Semi-finals Leg 1,Bayern,Real Madrid,2,2
2023-24,2024-05-01,Knockout,Semi-finals Leg 1,Dortmund,Paris,1,0
2023-24,2024-05-07,Knockout,Semi-finals Leg 2,Real Madrid,Bayern,2,1
2023-24,2024-05-07,Knockout,Semi-finals Leg 2,Paris,Dortmund,0,1
2023-24,2024-06-01,Knockout,Final,Dortmund,Real Madrid,0,2
2024-25,2024-09-17,League phase,Matchday 1,Real Madrid,Stuttgart,3,1
2024-25,2024-09-17,League phase,Matchday 1,Milan,Liverpool,1,3
2024-25,2024-09-17,League phase,Matchday 1,Bayern Munich,Dinamo Zagreb,9,2
2024-25,2024-09-17,League phase,Matchday 1,Young Boys,Aston Villa,0,3
2024-25,2024-09-17,League phase,Matchday 1,Sporting CP,Lille,2,0
2024-25,2024-09-17,League phase,Matchday 1,Juventus,PSV Eindhoven,3,1
2024-25,2024-09-18,League phase,Matchday 1,Sparta Praha,Salzburg,3,0
2024-25,2024-09-18,League phase,Matchday 1,Bologna,Shakhtar Donetsk,0,0
2024-25,2024-09-18,League phase,Matchday 1,Club Brugge,Borussia Dortmund,0,3
2024-25,2024-09-18,League phase,Matchday 1,Celtic,Slovan Bratislava,5,1
2024-25,2024-09-18,League phase,Matchday 1,Paris Saint-Germain,Girona,1,0
2024-25,2024-09-18,League phase,Matchday 1,Manchester City,Inter,0,0
2024-25,2024-09-19,League phase,Matchday 1,Monaco,Barcelona,2,1
2024-25,2024-09-19,League phase,Matchday 1,Crvena Zvezda,Benfica,1,2
2024-25,2024-09-19,League phase,Matchday 1,Feyenoord,Leverkusen,0,4
2024-25,2024-09-19,League phase,Matchday 1,Atalanta,Arsenal,0,0
2024-25,2024-09-19,League phase,Matchday 1,Brest,Sturm Graz,2,1
2024-25,2024-09-19,League phase,Matchday 1,Atletico Madrid,Leipzig,2,1
2024-25,2024-10-01,League phase,Matchday 2,Borussia Dortmund,Celtic,7,1
2024-25,2024-10-01,League phase,Matchday 2,Slovan Bratislava,Manchester City,0,4
2024-25,2024-10-01,League phase,Matchday 2,Barcelona,Young Boys,5,0
2024-25,2024-10-01,League phase,Matchday 2,Leverkusen,Milan,1,0
2024-25,2024-10-01,League phase,Matchday 2,Inter,Crvena Zvezda,4,0
2024-25,2024-10-01,League phase,Matchday 2,Stuttgart,Sparta Praha,1,1
2024-25,2024-10-01,League phase,Matchday 2,Salzburg,Brest,0,4
2024-25,2024-10-01,League phase,Matchday 2,PSV Eindhoven,Sporting CP,1,1
2024-25,2024-10-01,League phase,Matchday 2,Arsenal,Paris Saint-Germain,2,0
2024-25,2024-10-02,League phase,Matchday 2,Dinamo Zagreb,Monaco,2,2
2024-25,2024-10-02,League phase,Matchday 2,Liverpool,Bologna,2,0
2024-25,2024-10-02,League phase,Matchday 2,Benfica,Atletico Madrid,4,0
2024-25,2024-10-02,League phase,Matchday 2,Girona,Feyenoord,2,3
2024-25,2024-10-02,League phase,Matchday 2,Shakhtar Donetsk,Atalanta,0,3
2024-25,2024-10-02,League phase,Matchday 2,Lille,Real Madrid,1,0
2024-25,2024-10-02,League phase,Matchday 2,Leipzig,Juventus,2,3
2024-25,2024-10-02,League phase,Matchday 2,Aston Villa,Bayern Munich,1,0
2024-25,2024-10-02,League phase,Matchday 2,Sturm Graz,Club Brugge,0,1
2024-25,2024-10-22,League phase,Matchday 3,Monaco,Crvena Zvezda,5,1
2024-25,2024-10-22,League phase,Matchday 3,Arsenal,Shakhtar Donetsk,1,0
2024-25,2024-10-22,League phase,Matchday 3,Aston Villa,Bologna,2,0
2024-25,2024-10-22,League phase,Matchday 3,Juventus,Stuttgart,0,1
2024-25,2024-10-22,League phase,Matchday 3,Girona,Slovan Bratislava,2,0
2024-25,2024-10-22,League phase,Matchday 3,Real Madrid,Borussia Dortmund,5,2
2024-25,2024-10-22,League phase,Matchday 3,Sturm Graz,Sporting CP,0,2
2024-25,2024-10-22,League phase,Matchday 3,Milan,Club Brugge,3,1
2024-25,2024-10-22,League phase,Matchday 3,Paris Saint-Germain,PSV Eindhoven,1,1
2024-25,2024-10-23,League phase,Matchday 3,Brest,Leverkusen,1,1
2024-25,2024-10-23,League phase,Matchday 3,Benfica,Feyenoord,1,3
2024-25,2024-10-23,League phase,Matchday 3,Leipzig,Liverpool,0,1
2024-25,2024-10-23,League phase,Matchday 3,Manchester City,Sparta Praha,5,0
2024-25,2024-10-23,League phase,Matchday 3,Salzburg,Dinamo Zagreb,0,2
2024-25,2024-10-23,League phase,Matchday 3,Atletico Madrid,Lille,1,3
2024-25,2024-10-23,League phase,Matchday 3,Atalanta,Celtic,0,0
2024-25,2024-10-23,League phase,Matchday 3,Barcelona,Bayern Munich,4,1
2024-25,2024-10-23,League phase,Matchday 3,Young Boys,Inter,0,1
2024-25,2024-11-05,League phase,Matchday 4,PSV Eindhoven,Girona,4,0
2024-25,2024-11-05,League phase,Matchday 4,Lille,Juventus,1,1
2024-25,2024-11-05,League phase,Matchday 4,Slovan Bratislava,Dinamo Zagreb,1,4
2024-25,2024-11-05,League phase,Matchday 4,Borussia Dortmund,Sturm Graz,1,0
2024-25,2024-11-05,League phase,Matchday 4,Liverpool,Leverkusen,4,0
2024-25,2024-11-05,League phase,Matchday 4,Real Madrid,Milan,1,3
2024-25,2024-11-05,League phase,Matchday 4,Celtic,Leipzig,3,1
2024-25,2024-11-05,League phase,Matchday 4,Bologna,Monaco,0,1
2024-25,2024-11-05,League phase,Matchday 4,Sporting CP,Manchester City,4,1
2024-25,2024-11-06,League phase,Matchday 4,Shakhtar Donetsk,Young Boys,2,1
2024-25,2024-11-06,League phase,Matchday 4,Bayern Munich,Benfica,1,0
2024-25,2024-11-06,League phase,Matchday 4,Inter,Arsenal,1,0
2024-25,2024-11-06,League phase,Matchday 4,Sparta Praha,Brest,1,2
2024-25,2024-11-06,League phase,Matchday 4,Crvena Zvezda,Barcelona,2,5
2024-25,2024-11-06,League phase,Matchday 4,Feyenoord,Salzburg,1,3
2024-25,2024-11-06,League phase,Matchday 4,Paris Saint-Germain,Atletico Madrid,1,2
2024-25,2024-11-06,League phase,Matchday 4,Stuttgart,Atalanta,0,2
2024-25,2024-11-06,League phase,Matchday 4,Club Brugge,Aston Villa,1,0
2024-25,2024-11-26,League phase,Matchday 5,Young Boys,Atalanta,1,6
2024-25,2024-11-26,League phase,Matchday 5,Manchester City,Feyenoord,3,3
2024-25,2024-11-26,League phase,Matchday 5,Inter,Leipzig,1,0
2024-25,2024-11-26,League phase,Matchday 5,Bayern Munich,Paris Saint-Germain,1,0
2024-25,2024-11-26,League phase,Matchday 5,Barcelona,Brest,3,0
2024-25,2024-11-26,League phase,Matchday 5,Leverkusen,Salzburg,5,0
2024-25,2024-11-26,League phase,Matchday 5,Slovan Bratislava,Milan,2,3
2024-25,2024-11-26,League phase,Matchday 5,Sparta Praha,Atletico Madrid,0,6
2024-25,2024-11-26,League phase,Matchday 5,Sporting CP,Arsenal,1,5
2024-25,2024-11-27,League phase,Matchday 5,Sturm Graz,Girona,1,0
2024-25,2024-11-27,League phase,Matchday 5,PSV Eindhoven,Shakhtar Donetsk,3,2
2024-25,2024-11-27,League phase,Matchday 5,Liverpool,Real Madrid,2,0
2024-25,2024-11-27,League phase,Matchday 5,Crvena Zvezda,Stuttgart,5,1
2024-25,2024-11-27,League phase,Matchday 5,Dinamo Zagreb,Borussia Dortmund,0,3
2024-25,2024-11-27,League phase,Matchday 5,Aston Villa,Juventus,0,0
2024-25,2024-11-27,League phase,Matchday 5,Bologna,Lille,1,2
2024-25,2024-11-27,League phase,Matchday 5,Monaco,Benfica,2,3
2024-25,2024-11-27,League phase,Matchday 5,Celtic,Club Brugge,1,1
2024-25,2024-12-10,League phase,Matchday 6,Girona,Liverpool,0,1
2024-25,2024-12-10,League phase,Matchday 6,Club Brugge,Sporting CP,2,1
2024-25,2024-12-10,League phase,Matchday 6,Dinamo Zagreb,Celtic,0,0
2024-25,2024-12-10,League phase,Matchday 6,Atalanta,Real Madrid,2,3
2024-25,2024-12-10,League phase,Matchday 6,Brest,PSV Eindhoven,1,0
2024-25,2024-12-10,League phase,Matchday 6,Salzburg,Paris Saint-Germain,0,3
2024-25,2024-12-10,League phase,Matchday 6,Shakhtar Donetsk,Bayern Munich,1,5
2024-25,2024-12-10,League phase,Matchday 6,Leverkusen,Inter,1,0
2024-25,2024-12-10,League phase,Matchday 6,Leipzig,Aston Villa,2,3
2024-25,2024-12-11,League phase,Matchday 6,Borussia Dortmund,Barcelona,2,3
2024-25,2024-12-11,League phase,Matchday 6,Milan,Crvena Zvezda,2,1
2024-25,2024-12-11,League phase,Matchday 6,Arsenal,Monaco,3,0
2024-25,2024-12-11,League phase,Matchday 6,Feyenoord,Sparta Praha,4,2
2024-25,2024-12-11,League phase,Matchday 6,Lille,Sturm Graz,3,2
2024-25,2024-12-11,League phase,Matchday 6,Benfica,Bologna,0,0
2024-25,2024-12-11,League phase,Matchday 6,Atletico Madrid,Slovan Bratislava,3,1
2024-25,2024-12-11,League phase,Matchday 6,Stuttgart,Young Boys,5,1
2024-25,2024-12-11,League phase,Matchday 6,Juventus,Manchester City,2,0
2024-25,2025-01-21,League phase,Matchday 7,Monaco,Aston Villa,1,0
2024-25,2025-01-21,League phase,Matchday 7,Slovan Bratislava,Stuttgart,1,3
2024-25,2025-01-21,League phase,Matchday 7,Atalanta,Sturm Graz,5,0
2024-25,2025-01-21,League phase,Matchday 7,Atletico Madrid,Leverkusen,2,1
2024-25,2025-01-21,League phase,Matchday 7,Benfica,Barcelona,4,5
2024-25,2025-01-21,League phase,Matchday 7,Club Brugge,Juventus,0,0
2024-25,2025-01-21,League phase,Matchday 7,Crvena Zvezda,PSV Eindhoven,2,3
2024-25,2025-01-21,League phase,Matchday 7,Liverpool,Lille,2,1
2024-25,2025-01-21,League phase,Matchday 7,Bologna,Borussia Dortmund,2,1
2024-25,2025-01-22,League phase,Matchday 7,Sparta Praha,Inter,0,1
2024-25,2025-01-22,League phase,Matchday 7,Shakhtar Donetsk,Brest,2,0
2024-25,2025-01-22,League phase,Matchday 7,Paris Saint-Germain,Manchester City,4,2
2024-25,2025-01-22,League phase,Matchday 7,Feyenoord,Bayern Munich,3,0
2024-25,2025-01-22,League phase,Matchday 7,Celtic,Young Boys,1,0
2024-25,2025-01-22,League phase,Matchday 7,Leipzig,Sporting CP,2,1
2024-25,2025-01-22,League phase,Matchday 7,Milan,Girona,1,0
2024-25,2025-01-22,League phase,Matchday 7,Real Madrid,Salzburg,5,1
2024-25,2025-01-22,League phase,Matchday 7,Arsenal,Dinamo Zagreb,3,0
2024-25,2025-01-29,League phase,Matchday 8,Stuttgart,Paris Saint-Germain,1,4
2024-25,2025-01-29,League phase,Matchday 8,Dinamo Zagreb,Milan,2,1
2024-25,2025-01-29,League phase,Matchday 8,Brest,Real Madrid,0,3
2024-25,2025-01-29,League phase,Matchday 8,Sporting CP,Bologna,1,1
2024-25,2025-01-29,League phase,Matchday 8,Sturm Graz,Leipzig,1,0
2024-25,2025-01-29,League phase,Matchday 8,PSV Eindhoven,Liverpool,3,2
2024-25,2025-01-29,League phase,Matchday 8,Aston Villa,Celtic,4,2
2024-25,2025-01-29,League phase,Matchday 8,Manchester City,Club Brugge,3,1
2024-25,2025-01-29,League phase,Matchday 8,Lille,Feyenoord,6,1
2024-25,2025-01-29,League phase,Matchday 8,Juventus,Benfica,0,2
2024-25,2025-01-29,League phase,Matchday 8,Borussia Dortmund,Shakhtar Donetsk,3,1
2024-25,2025-01-29,League phase,Matchday 8,Young Boys,Crvena Zvezda,0,1
2024-25,2025-01-29,League phase,Matchday 8,Barcelona,Atalanta,2,2
2024-25,2025-01-29,League phase,Matchday 8,Leverkusen,Sparta Praha,2,0
2024-25,2025-01-29,League phase,Matchday 8,Inter,Monaco,3,0
2024-25,2025-01-29,League phase,Matchday 8,Bayern Munich,Slovan Bratislava,3,1
2024-25,2025-01-29,League phase,Matchday 8,Girona,Arsenal,1,2
2024-25,2025-01-29,League phase,Matchday 8,Salzburg,Atletico Madrid,1,4
2024-25,2025-02-11,Knockout,Playoffs Leg 1,Brest,Paris Saint-Germain,0,3
2024-25,2025-02-11,Knockout,Playoffs Leg 1,Juventus,PSV,2,1
2024-25,2025-02-11,Knockout,Playoffs Leg 1,Manchester City,Real Madrid,2,3
2024-25,2025-02-11,Knockout,Playoffs Leg 1,Sporting CP,Borussia Dortmund,0,3
2024-25,2025-02-12,Knockout,Playoffs Leg 1,Monaco,Benfica,0,1
2024-25,2025-02-12,Knockout,Playoffs Leg 1,Club Brugge,Atalanta,2,1
2024-25,2025-02-12,Knockout,Playoffs Leg 1,Celtic,Bayern Munich,1,2
2024-25,2025-02-12,Knockout,Playoffs Leg 1,Feyenoord,Milan,1,0
2024-25,2025-02-18,Knockout,Playoffs Leg 2,Bayern Munich,Celtic,1,1
2024-25,2025-02-18,Knockout,Playoffs Leg 2,Atalanta,Club Brugge,1,3
2024-25,2025-02-18,Knockout,Playoffs Leg 2,Milan,Feyenoord,1,1
2024-25,2025-02-18,Knockout,Playoffs Leg 2,Benfica,Monaco,3,3
2024-25,2025-02-19,Knockout,Playoffs Leg 2,Borussia Dortmund,Sporting CP,0,0
2024-25,2025-02-19,Knockout,Playoffs Leg 2,Real Madrid,Manchester City,3,1
2024-25,2025-02-19,Knockout,Playoffs Leg 2,PSV,Juventus,3,1
2024-25,2025-02-19,Knockout,Playoffs Leg 2,Paris Saint-Germain,Brest,7,0
2024-25,2025-03-04,Knockout,Round of 16 Leg 1,Club Brugge,Aston Villa,1,3
2024-25,2025-03-04,Knockout,Round of 16 Leg 1,Real Madrid,Atletico Madrid,2,1
2024-25,2025-03-04,Knockout,Round of 16 Leg 1,PSV,Arsenal,1,7
2024-25,2025-03-04,Knockout,Round of 16 Leg 1,Borussia Dortmund,Lille,1,1
2024-25,2025-03-05,Knockout,Round of 16 Leg 1,Feyenoord,Inter,0,2
2024-25,2025-03-05,Knockout,Round of 16 Leg 1,Benfica,Barcelona,0,1
2024-25,2025-03-05,Knockout,Round of 16 Leg 1,Bayern Munich,Leverkusen,3,0
2024-25,2025-03-05,Knockout,Round of 16 Leg 1,Paris Saint-Germain,Liverpool,0,1
2024-25,2025-03-11,Knockout,Round of 16 Leg 2,Barcelona,Benfica,3,1
2024-25,2025-03-11,Knockout,Round of 16 Leg 2,Liverpool,Paris Saint-Germain,0,1
2024-25,2025-03-11,Knockout,Round of 16 Leg 2,Leverkusen,Bayern Munich,0,2
2024-25,2025-03-11,Knockout,Round of 16 Leg 2,Inter,Feyenoord,2,1
2024-25,2025-03-12,Knockout,Round of 16 Leg 2,Lille,Borussia Dortmund,1,2
2024-25,2025-03-12,Knockout,Round of 16 Leg 2,Arsenal,PSV,2,2
2024-25,2025-03-12,Knockout,Round of 16 Leg 2,Aston Villa,Club Brugge,3,0
2024-25,2025-03-12,Knockout,Round of 16 Leg 2,Atletico Madrid,Real Madrid,1,0
2024-25,2025-04-08,Knockout,Quarter-finals Leg 1,Arsenal,Real Madrid,3,0
2024-25,2025-04-08,Knockout,Quarter-finals Leg 1,Bayern Munich,Inter,1,2
2024-25,2025-04-09,Knockout,Quarter-finals Leg 1,Barcelona,Borussia Dortmund,4,0
2024-25,2025-04-09,Knockout,Quarter-finals Leg 1,Paris Saint-Germain,Aston Villa,3,1
2024-25,2025-04-15,Knockout,Quarter-finals Leg 2,Aston Villa,Paris Saint-Germain,3,2
2024-25,2025-04-15,Knockout,Quarter-finals Leg 2,Borussia Dortmund,Barcelona,3,1
2024-25,2025-04-16,Knockout,Quarter-finals Leg 2,Real Madrid,Arsenal,1,2
2024-25,2025-04-16,Knockout,Quarter-finals Leg 2,Inter,Bayern Munich,2,2
2024-25,2025-04-29,Knockout,Semi-finals Leg 1,Arsenal,Paris Saint-Germain,0,1
2024-25,2025-04-30,Knockout,Semi-finals Leg 1,Barcelona,Inter,3,3
2024-25,2025-05-06,Knockout,Semi-finals Leg 2,Inter,Barcelona,4,3
2024-25,2025-05-07,Knockout,Semi-finals Leg 2,Paris Saint-Germain,Arsenal,2,1
2024-25,2025-05-31,Knockout,Final,Paris Saint-Germain,Inter,5,0
2025-26,2025-09-16,League phase,Matchday 1,Benfica,Qarabag,2,3
2025-26,2025-09-16,League phase,Matchday 1,Real Madrid,Marseille,2,1
2025-26,2025-09-16,League phase,Matchday 1,Juventus,Borussia Dortmund,4,4
2025-26,2025-09-16,League phase,Matchday 1,Athletic Club,Arsenal,0,2
2025-26,2025-09-16,League phase,Matchday 1,Tottenham,Villarreal,1,0
2025-26,2025-09-16,League phase,Matchday 1,PSV Eindhoven,Union Saint-Gilloise,1,3
2025-26,2025-09-17,League phase,Matchday 1,Bayern Munich,Chelsea,3,1
2025-26,2025-09-17,League phase,Matchday 1,Slavia Praha,Bodo/Glimt,2,2
2025-26,2025-09-17,League phase,Matchday 1,Olympiacos,Pafos,0,0
2025-26,2025-09-17,League phase,Matchday 1,Ajax,Inter,0,2
2025-26,2025-09-17,League phase,Matchday 1,Paris Saint-Germain,Atalanta,4,0
2025-26,2025-09-17,League phase,Matchday 1,Liverpool,Atletico Madrid,3,2
2025-26,2025-09-18,League phase,Matchday 1,Newcastle United,Barcelona,1,2
2025-26,2025-09-18,League phase,Matchday 1,Sporting CP,Kairat Almaty,4,1
2025-26,2025-09-18,League phase,Matchday 1,Frankfurt,Galatasaray,5,1
2025-26,2025-09-18,League phase,Matchday 1,Copenhagen,Leverkusen,2,2
2025-26,2025-09-18,League phase,Matchday 1,Club Brugge,Monaco,4,1
2025-26,2025-09-18,League phase,Matchday 1,Manchester City,Napoli,2,0
2025-26,2025-09-30,League phase,Matchday 2,Pafos,Bayern Munich,1,5
2025-26,2025-09-30,League phase,Matchday 2,Inter,Slavia Praha,3,0
2025-26,2025-09-30,League phase,Matchday 2,Atletico Madrid,Frankfurt,5,1
2025-26,2025-09-30,League phase,Matchday 2,Bodo/Glimt,Tottenham,2,2
2025-26,2025-09-30,League phase,Matchday 2,Chelsea,Benfica,1,0
2025-26,2025-09-30,League phase,Matchday 2,Galatasaray,Liverpool,1,0
2025-26,2025-09-30,League phase,Matchday 2,Kairat Almaty,Real Madrid,0,5
2025-26,2025-09-30,League phase,Matchday 2,Atalanta,Club Brugge,2,1
2025-26,2025-09-30,League phase,Matchday 2,Marseille,Ajax,4,0
2025-26,2025-10-01,League phase,Matchday 2,Union Saint-Gilloise,Newcastle United,0,4
2025-26,2025-10-01,League phase,Matchday 2,Monaco,Manchester City,2,2
2025-26,2025-10-01,League phase,Matchday 2,Leverkusen,PSV Eindhoven,1,1
2025-26,2025-10-01,League phase,Matchday 2,Borussia Dortmund,Athletic Club,4,1
2025-26,2025-10-01,League phase,Matchday 2,Barcelona,Paris Saint-Germain,1,2
2025-26,2025-10-01,League phase,Matchday 2,Villarreal,Juventus,2,2
2025-26,2025-10-01,League phase,Matchday 2,Napoli,Sporting CP,2,1
2025-26,2025-10-01,League phase,Matchday 2,Arsenal,Olympiacos,2,0
2025-26,2025-10-01,League phase,Matchday 2,Qarabag,Copenhagen,2,0
2025-26,2025-10-21,League phase,Matchday 3,PSV Eindhoven,Napoli,6,2
2025-26,2025-10-21,League phase,Matchday 3,Barcelona,Olympiacos,6,1
2025-26,2025-10-21,League phase,Matchday 3,Union Saint-Gilloise,Inter,0,4
2025-26,2025-10-21,League phase,Matchday 3,Copenhagen,Borussia Dortmund,2,4
2025-26,2025-10-21,League phase,Matchday 3,Newcastle United,Benfica,3,0
2025-26,2025-10-21,League phase,Matchday 3,Villarreal,Manchester City,0,2
2025-26,2025-10-21,League phase,Matchday 3,Kairat Almaty,Pafos,0,0
2025-26,2025-10-21,League phase,Matchday 3,Leverkusen,Paris Saint-Germain,2,7
2025-26,2025-10-21,League phase,Matchday 3,Arsenal,Atletico Madrid,4,0
2025-26,2025-10-22,League phase,Matchday 3,Sporting CP,Marseille,2,1
2025-26,2025-10-22,League phase,Matchday 3,Athletic Club,Qarabag,3,1
2025-26,2025-10-22,League phase,Matchday 3,Chelsea,Ajax,5,1
2025-26,2025-10-22,League phase,Matchday 3,Monaco,Tottenham,0,0
2025-26,2025-10-22,League phase,Matchday 3,Frankfurt,Liverpool,1,5
2025-26,2025-10-22,League phase,Matchday 3,Atalanta,Slavia Praha,0,0
2025-26,2025-10-22,League phase,Matchday 3,Real Madrid,Juventus,1,0
2025-26,2025-10-22,League phase,Matchday 3,Galatasaray,Bodo/Glimt,3,1
2025-26,2025-10-22,League phase,Matchday 3,Bayern Munich,Club Brugge,4,0
2025-26,2025-11-04,League phase,Matchday 4,Slavia Praha,Arsenal,0,3
2025-26,2025-11-04,League phase,Matchday 4,Napoli,Frankfurt,0,0
2025-26,2025-11-04,League phase,Matchday 4,Liverpool,Real Madrid,1,0
2025-26,2025-11-04,League phase,Matchday 4,Bodo/Glimt,Monaco,0,1
2025-26,2025-11-04,League phase,Matchday 4,Atletico Madrid,Union Saint-Gilloise,3,1
2025-26,2025-11-04,League phase,Matchday 4,Tottenham,Copenhagen,4,0
2025-26,2025-11-04,League phase,Matchday 4,Olympiacos,PSV Eindhoven,1,1
2025-26,2025-11-04,League phase,Matchday 4,Paris Saint-Germain,Bayern Munich,1,2
2025-26,2025-11-04,League phase,Matchday 4,Juventus,Sporting CP,1,1
2025-26,2025-11-05,League phase,Matchday 4,Benfica,Leverkusen,0,1
2025-26,2025-11-05,League phase,Matchday 4,Club Brugge,Barcelona,3,3
2025-26,2025-11-05,League phase,Matchday 4,Ajax,Galatasaray,0,3
2025-26,2025-11-05,League phase,Matchday 4,Qarabag,Chelsea,2,2
2025-26,2025-11-05,League phase,Matchday 4,Inter,Kairat Almaty,2,1
2025-26,2025-11-05,League phase,Matchday 4,Marseille,Atalanta,0,1
2025-26,2025-11-05,League phase,Matchday 4,Manchester City,Borussia Dortmund,4,1
2025-26,2025-11-05,League phase,Matchday 4,Pafos,Villarreal,1,0
2025-26,2025-11-05,League phase,Matchday 4,Newcastle United,Athletic Club,2,0
2025-26,2025-11-25,League phase,Matchday 5,Napoli,Qarabag,2,0
2025-26,2025-11-25,League phase,Matchday 5,Ajax,Benfica,0,2
2025-26,2025-11-25,League phase,Matchday 5,Chelsea,Barcelona,3,0
2025-26,2025-11-25,League phase,Matchday 5,Borussia Dortmund,Villarreal,4,0
2025-26,2025-11-25,League phase,Matchday 5,Bodo/Glimt,Juventus,2,3
2025-26,2025-11-25,League phase,Matchday 5,Manchester City,Leverkusen,0,2
2025-26,2025-11-25,League phase,Matchday 5,Marseille,Newcastle United,2,1
2025-26,2025-11-25,League phase,Matchday 5,Slavia Praha,Athletic Club,0,0
2025-26,2025-11-25,League phase,Matchday 5,Galatasaray,Union Saint-Gilloise,0,1
2025-26,2025-11-26,League phase,Matchday 5,Paris Saint-Germain,Tottenham,5,3
2025-26,2025-11-26,League phase,Matchday 5,Pafos,Monaco,2,2
2025-26,2025-11-26,League phase,Matchday 5,Frankfurt,Atalanta,0,3
2025-26,2025-11-26,League phase,Matchday 5,Copenhagen,Kairat Almaty,3,2
2025-26,2025-11-26,League phase,Matchday 5,Olympiacos,Real Madrid,3,4
2025-26,2025-11-26,League phase,Matchday 5,Liverpool,PSV Eindhoven,1,4
2025-26,2025-11-26,League phase,Matchday 5,Arsenal,Bayern Munich,3,1
2025-26,2025-11-26,League phase,Matchday 5,Atletico Madrid,Inter,2,1
2025-26,2025-11-26,League phase,Matchday 5,Sporting CP,Club Brugge,3,0
2025-26,2025-12-09,League phase,Matchday 6,Union Saint-Gilloise,Marseille,2,3
2025-26,2025-12-09,League phase,Matchday 6,Atalanta,Chelsea,2,1
2025-26,2025-12-09,League phase,Matchday 6,Barcelona,Frankfurt,2,1
2025-26,2025-12-09,League phase,Matchday 6,PSV Eindhoven,Atletico Madrid,2,3
2025-26,2025-12-09,League phase,Matchday 6,Inter,Liverpool,0,1
2025-26,2025-12-09,League phase,Matchday 6,Bayern Munich,Sporting CP,3,1
2025-26,2025-12-09,League phase,Matchday 6,Kairat Almaty,Olympiacos,0,1
2025-26,2025-12-09,League phase,Matchday 6,Tottenham,Slavia Praha,3,0
2025-26,2025-12-09,League phase,Matchday 6,Monaco,Galatasaray,1,0
2025-26,2025-12-10,League phase,Matchday 6,Club Brugge,Arsenal,0,3
2025-26,2025-12-10,League phase,Matchday 6,Villarreal,Copenhagen,2,3
2025-26,2025-12-10,League phase,Matchday 6,Athletic Club,Paris Saint-Germain,0,0
2025-26,2025-12-10,League phase,Matchday 6,Borussia Dortmund,Bodo/Glimt,2,2
2025-26,2025-12-10,League phase,Matchday 6,Juventus,Pafos,2,0
2025-26,2025-12-10,League phase,Matchday 6,Qarabag,Ajax,2,4
2025-26,2025-12-10,League phase,Matchday 6,Real Madrid,Manchester City,1,2
2025-26,2025-12-10,League phase,Matchday 6,Benfica,Napoli,2,0
2025-26,2025-12-10,League phase,Matchday 6,Leverkusen,Newcastle United,2,2
2025-26,2026-01-20,League phase,Matchday 7,Tottenham,Borussia Dortmund,2,0
2025-26,2026-01-20,League phase,Matchday 7,Kairat Almaty,Club Brugge,1,4
2025-26,2026-01-20,League phase,Matchday 7,Sporting CP,Paris Saint-Germain,2,1
2025-26,2026-01-20,League phase,Matchday 7,Inter,Arsenal,1,3
2025-26,2026-01-20,League phase,Matchday 7,Olympiacos,Leverkusen,2,0
2025-26,2026-01-20,League phase,Matchday 7,Real Madrid,Monaco,6,1
2025-26,2026-01-20,League phase,Matchday 7,Villarreal,Ajax,1,2
2025-26,2026-01-20,League phase,Matchday 7,Bodo/Glimt,Manchester City,3,1
2025-26,2026-01-20,League phase,Matchday 7,Copenhagen,Napoli,1,1
2025-26,2026-01-21,League phase,Matchday 7,Slavia Praha,Barcelona,2,4
2025-26,2026-01-21,League phase,Matchday 7,Marseille,Liverpool,0,3
2025-26,2026-01-21,League phase,Matchday 7,Galatasaray,Atletico Madrid,1,1
2025-26,2026-01-21,League phase,Matchday 7,Bayern Munich,Union Saint-Gilloise,2,0
2025-26,2026-01-21,League phase,Matchday 7,Qarabag,Frankfurt,3,2
2025-26,2026-01-21,League phase,Matchday 7,Newcastle United,PSV Eindhoven,3,0
2025-26,2026-01-21,League phase,Matchday 7,Atalanta,Athletic Club,2,3
2025-26,2026-01-21,League phase,Matchday 7,Chelsea,Pafos,1,0
2025-26,2026-01-21,League phase,Matchday 7,Juventus,Benfica,2,0
2025-26,2026-01-28,League phase,Matchday 8,Atletico Madrid,Bodo/Glimt,1,2
2025-26,2026-01-28,League phase,Matchday 8,Borussia Dortmund,Inter,0,2
2025-26,2026-01-28,League phase,Matchday 8,Leverkusen,Villarreal,3,0
2025-26,2026-01-28,League phase,Matchday 8,Ajax,Olympiacos,1,2
2025-26,2026-01-28,League phase,Matchday 8,Athletic Club,Sporting CP,2,3
2025-26,2026-01-28,League phase,Matchday 8,Napoli,Chelsea,2,3
2025-26,2026-01-28,League phase,Matchday 8,Club Brugge,Marseille,3,0
2025-26,2026-01-28,League phase,Matchday 8,Arsenal,Kairat Almaty,3,2
2025-26,2026-01-28,League phase,Matchday 8,Monaco,Juventus,0,0
2025-26,2026-01-28,League phase,Matchday 8,Manchester City,Galatasaray,2,0
2025-26,2026-01-28,League phase,Matchday 8,Barcelona,Copenhagen,4,1
2025-26,2026-01-28,League phase,Matchday 8,Benfica,Real Madrid,4,2
2025-26,2026-01-28,League phase,Matchday 8,Union Saint-Gilloise,Atalanta,1,0
2025-26,2026-01-28,League phase,Matchday 8,Frankfurt,Tottenham,0,2
2025-26,2026-01-28,League phase,Matchday 8,Paris Saint-Germain,Newcastle United,1,1
2025-26,2026-01-28,League phase,Matchday 8,Pafos,Slavia Praha,4,1
2025-26,2026-01-28,League phase,Matchday 8,Liverpool,Qarabag,6,0
2025-26,2026-01-28,League phase,Matchday 8,PSV Eindhoven,Bayern Munich,1,2
2025-26,2026-02-17,Knockout,Playoffs Leg 1,Dortmund,Atalanta,2,0
2025-26,2026-02-17,Knockout,Playoffs Leg 1,Galatasaray,Juventus,5,2
2025-26,2026-02-17,Knockout,Playoffs Leg 1,Monaco,Paris Saint-Germain,2,3
2025-26,2026-02-17,Knockout,Playoffs Leg 1,Benfica,Real Madrid,0,1
2025-26,2026-02-18,Knockout,Playoffs Leg 1,Olympiacos,Leverkusen,0,2
2025-26,2026-02-18,Knockout,Playoffs Leg 1,Club Brugge,Atletico Madrid,3,3
2025-26,2026-02-18,Knockout,Playoffs Leg 1,Bodo/Glimt,Inter,3,1
2025-26,2026-02-18,Knockout,Playoffs Leg 1,Qarabag,Newcastle,1,6
2025-26,2026-02-24,Knockout,Playoffs Leg 2,Newcastle,Qarabag,3,2
2025-26,2026-02-24,Knockout,Playoffs Leg 2,Inter,Bodo/Glimt,1,2
2025-26,2026-02-24,Knockout,Playoffs Leg 2,Leverkusen,Olympiacos,0,0
2025-26,2026-02-24,Knockout,Playoffs Leg 2,Atletico Madrid,Club Brugge,4,1
2025-26,2026-02-25,Knockout,Playoffs Leg 2,Real Madrid,Benfica,2,1
2025-26,2026-02-25,Knockout,Playoffs Leg 2,Juventus,Galatasaray,3,2
2025-26,2026-02-25,Knockout,Playoffs Leg 2,Paris Saint-Germain,Monaco,2,2
2025-26,2026-02-25,Knockout,Playoffs Leg 2,Atalanta,Dortmund,4,1
2025-26,2026-03-10,Knockout,Round of 16 Leg 1,Atletico Madrid,Tottenham,5,2
2025-26,2026-03-10,Knockout,Round of 16 Leg 1,Newcastle,Barcelona,1,1
2025-26,2026-03-10,Knockout,Round of 16 Leg 1,Atalanta,Bayern Munich,1,6
2025-26,2026-03-10,Knockout,Round of 16 Leg 1,Galatasaray,Liverpool,1,0
2025-26,2026-03-11,Knockout,Round of 16 Leg 1,Real Madrid,Manchester City,3,0
2025-26,2026-03-11,Knockout,Round of 16 Leg 1,Leverkusen,Arsenal,1,1
2025-26,2026-03-11,Knockout,Round of 16 Leg 1,Paris Saint-Germain,Chelsea,5,2
2025-26,2026-03-11,Knockout,Round of 16 Leg 1,Bodo/Glimt,Sporting CP,3,0
2025-26,2026-03-17,Knockout,Round of 16 Leg 2,Arsenal,Leverkusen,2,0
2025-26,2026-03-17,Knockout,Round of 16 Leg 2,Manchester City,Real Madrid,1,2
2025-26,2026-03-17,Knockout,Round of 16 Leg 2,Chelsea,Paris Saint-Germain,0,3
2025-26,2026-03-17,Knockout,Round of 16 Leg 2,Sporting CP,Bodo/Glimt,5,0
2025-26,2026-03-18,Knockout,Round of 16 Leg 2,Bayern Munich,Atalanta,4,1
2025-26,2026-03-18,Knockout,Round of 16 Leg 2,Barcelona,Newcastle,7,2
2025-26,2026-03-18,Knockout,Round of 16 Leg 2,Liverpool,Galatasaray,4,0
2025-26,2026-03-18,Knockout,Round of 16 Leg 2,Tottenham,Atletico Madrid,3,2
2025-26,2026-04-07,Knockout,Quarter-finals Leg 1,Real Madrid,Bayern Munich,1,2
2025-26,2026-04-07,Knockout,Quarter-finals Leg 1,Sporting CP,Arsenal,0,1
2025-26,2026-04-08,Knockout,Quarter-finals Leg 1,Barcelona,Atletico Madrid,0,2
2025-26,2026-04-08,Knockout,Quarter-finals Leg 1,Paris Saint-Germain,Liverpool,2,0
2025-26,2026-04-14,Knockout,Quarter-finals Leg 2,Atletico Madrid,Barcelona,1,2
2025-26,2026-04-14,Knockout,Quarter-finals Leg 2,Liverpool,Paris Saint-Germain,0,2
2025-26,2026-04-15,Knockout,Quarter-finals Leg 2,Bayern Munich,Real Madrid,4,3
2025-26,2026-04-15,Knockout,Quarter-finals Leg 2,Arsenal,Sporting CP,0,0
2025-26,2026-04-28,Knockout,Semi-finals Leg 1,Paris Saint-Germain,Bayern Munich,5,4
2025-26,2026-04-29,Knockout,Semi-finals Leg 1,Atletico Madrid,Arsenal,1,1
2025-26,2026-05-05,Knockout,Semi-finals Leg 2,Arsenal,Atletico Madrid,1,0
2025-26,2026-05-06,Knockout,Semi-finals Leg 2,Bayern Munich,Paris Saint-Germain,1,1
2025-26,2026-05-30,Knockout,Final,Paris Saint-Germain,Arsenal,1,1


